leccion_id,ruta_id,ruta_titulo,ruta_tipo,ciclo_siglas,orden_leccion,competencia_id,leccion_titulo,leccion_objetivo,video_titulo,canal,youtube_url,embed_url,inicio_segundos,fin_segundos,notas_habilitadas,notas_con_timestamp,guardar_progreso_segundos,boton_marcar_hecho,condicion_marcar_hecho,actividad_obligatoria,evidencia_minima,obligatoria_para_ruta,estado_embed,ultima_revision
daw_andalucia_vuela_html_css__daw-bas-003,daw_andalucia_vuela_html_css,Iniciación a la programación web con HTML y CSS,curso_basico,DAW,1,DAW-BAS-003,Resolver problemas mediante algoritmos simples,"Traducir un problema sencillo a pasos, decisiones y repeticiones.",Hablemos de programación: fundamentos y pensamiento lógico,jonmircha,https://www.youtube.com/watch?v=BjYrguKBfCo,https://www.youtube-nocookie.com/embed/BjYrguKBfCo?rel=0&enablejsapi=1&cc_load_policy=1,0,0,si,si,si,si,evidencia_entregada_y_criterio_superado,Redacta pseudocódigo de tres problemas cotidianos || Identifica condiciones y bucles necesarios || Prueba casos normales y casos límite,Documento con tres algoritmos y tabla de pruebas,no,revisar_automaticamente_antes_de_publicar,2026-08-04
daw_andalucia_vuela_html_css__daw-pro-001,daw_andalucia_vuela_html_css,Iniciación a la programación web con HTML y CSS,curso_basico,DAW,2,DAW-PRO-001,"Programar con variables, decisiones y bucles","Programar variables, validaciones y decisiones.",Curso de Java desde cero,MoureDev by Brais Moure,https://www.youtube.com/watch?v=JOAqpdM36wI,https://www.youtube-nocookie.com/embed/JOAqpdM36wI?rel=0&enablejsapi=1&cc_load_policy=1&start=5294&end=11115,5294,11115,si,si,si,si,evidencia_entregada_y_criterio_superado,Usa tipos de datos y operadores adecuados || Resuelve decisiones y repeticiones sin bucles infinitos || Valida entradas y prueba casos límite,Tres programas de consola con casos de prueba,no,revisar_automaticamente_antes_de_publicar,2026-08-04
daw_andalucia_vuela_html_css__daw-lm-002,daw_andalucia_vuela_html_css,Iniciación a la programación web con HTML y CSS,curso_basico,DAW,3,DAW-LM-002,Presentar información de forma responsive,Construir una interfaz responsive y comprobarla en varios tamaños.,Responsive Web Design,jonmircha,https://www.youtube.com/watch?v=udGrXWeJp1Y,https://www.youtube-nocookie.com/embed/udGrXWeJp1Y?rel=0&enablejsapi=1&cc_load_policy=1,0,0,si,si,si,si,evidencia_entregada_y_criterio_superado,"Construye un layout con Flexbox o Grid || Se adapta a móvil, tableta y escritorio || Mantiene contraste, legibilidad y consistencia visual",Landing responsive publicada o capturas multiformato,no,revisar_automaticamente_antes_de_publicar,2026-08-04
daw_andalucia_vuela_html_css__daw-bas-004,daw_andalucia_vuela_html_css,Iniciación a la programación web con HTML y CSS,curso_basico,DAW,4,DAW-BAS-004,Comprender cómo funciona una aplicación conectada,"Distinguir cliente, servidor, red, petición, respuesta y datos.",Fundamentos de Node.js,jonmircha,https://www.youtube.com/watch?v=0f26_Enlv38,https://www.youtube-nocookie.com/embed/0f26_Enlv38?rel=0&enablejsapi=1&cc_load_policy=1,0,0,si,si,si,si,evidencia_entregada_y_criterio_superado,"Dibuja el recorrido de una petición desde navegador o app hasta servidor || Diferencia frontend, backend y base de datos || Interpreta códigos HTTP comunes y una URL",Diagrama comentado de una aplicación sencilla,no,revisar_automaticamente_antes_de_publicar,2026-08-04
daw_andalucia_vuela_html_css__daw-pro-002,daw_andalucia_vuela_html_css,Iniciación a la programación web con HTML y CSS,curso_basico,DAW,5,DAW-PRO-002,Diseñar funciones y trabajar con colecciones,Separar lógica en funciones y manipular colecciones.,Curso de Java desde cero,MoureDev by Brais Moure,https://www.youtube.com/watch?v=JOAqpdM36wI,https://www.youtube-nocookie.com/embed/JOAqpdM36wI?rel=0&enablejsapi=1&cc_load_policy=1&start=11115&end=19586,11115,19586,si,si,si,si,evidencia_entregada_y_criterio_superado,"Separa responsabilidades en funciones pequeñas || Recorre y transforma colecciones correctamente || Gestiona búsquedas, ordenación o agregación básica",Aplicación de consola modular con colección de objetos o datos,no,revisar_automaticamente_antes_de_publicar,2026-08-04
daw_mdn_aprende_desarrollo_web__daw-lm-002,daw_mdn_aprende_desarrollo_web,Aprende desarrollo web con MDN,curso_basico,DAW,1,DAW-LM-002,Presentar información de forma responsive,Construir una interfaz responsive y comprobarla en varios tamaños.,Responsive Web Design,jonmircha,https://www.youtube.com/watch?v=udGrXWeJp1Y,https://www.youtube-nocookie.com/embed/udGrXWeJp1Y?rel=0&enablejsapi=1&cc_load_policy=1,0,0,si,si,si,si,evidencia_entregada_y_criterio_superado,"Construye un layout con Flexbox o Grid || Se adapta a móvil, tableta y escritorio || Mantiene contraste, legibilidad y consistencia visual",Landing responsive publicada o capturas multiformato,no,revisar_automaticamente_antes_de_publicar,2026-08-04
daw_mdn_aprende_desarrollo_web__daw-cli-001,daw_mdn_aprende_desarrollo_web,Aprende desarrollo web con MDN,curso_basico,DAW,2,DAW-CLI-001,Programar interacción con JavaScript en el navegador,"Programar eventos, DOM, formularios y estado de interfaz.",Curso de JavaScript,jonmircha,https://www.youtube.com/playlist?list=PLvq-jIkSeTUZ6QgYYO3MwG9EMqC-KoLXA,https://www.youtube-nocookie.com/embed/videoseries?rel=0&enablejsapi=1&cc_load_policy=1&list=PLvq-jIkSeTUZ6QgYYO3MwG9EMqC-KoLXA&listType=playlist,0,0,si,si,si,si,evidencia_entregada_y_criterio_superado,Manipula contenido y eventos sin recargas innecesarias || Valida formularios y muestra errores accesibles || Organiza código en módulos y evita variables globales,Aplicación web interactiva con formularios y estado local,no,revisar_automaticamente_antes_de_publicar,2026-08-04
daw_mdn_aprende_desarrollo_web__daw-bas-004,daw_mdn_aprende_desarrollo_web,Aprende desarrollo web con MDN,curso_basico,DAW,3,DAW-BAS-004,Comprender cómo funciona una aplicación conectada,"Distinguir cliente, servidor, red, petición, respuesta y datos.",Fundamentos de Node.js,jonmircha,https://www.youtube.com/watch?v=0f26_Enlv38,https://www.youtube-nocookie.com/embed/0f26_Enlv38?rel=0&enablejsapi=1&cc_load_policy=1,0,0,si,si,si,si,evidencia_entregada_y_criterio_superado,"Dibuja el recorrido de una petición desde navegador o app hasta servidor || Diferencia frontend, backend y base de datos || Interpreta códigos HTTP comunes y una URL",Diagrama comentado de una aplicación sencilla,no,revisar_automaticamente_antes_de_publicar,2026-08-04
daw_mdn_aprende_desarrollo_web__daw-pro-001,daw_mdn_aprende_desarrollo_web,Aprende desarrollo web con MDN,curso_basico,DAW,4,DAW-PRO-001,"Programar con variables, decisiones y bucles","Programar variables, validaciones y decisiones.",Curso de Java desde cero,MoureDev by Brais Moure,https://www.youtube.com/watch?v=JOAqpdM36wI,https://www.youtube-nocookie.com/embed/JOAqpdM36wI?rel=0&enablejsapi=1&cc_load_policy=1&start=5294&end=11115,5294,11115,si,si,si,si,evidencia_entregada_y_criterio_superado,Usa tipos de datos y operadores adecuados || Resuelve decisiones y repeticiones sin bucles infinitos || Valida entradas y prueba casos límite,Tres programas de consola con casos de prueba,no,revisar_automaticamente_antes_de_publicar,2026-08-04
daw_mdn_aprende_desarrollo_web__daw-lm-001,daw_mdn_aprende_desarrollo_web,Aprende desarrollo web con MDN,curso_basico,DAW,5,DAW-LM-001,Estructurar información con lenguajes de marcas,Estructurar información usando etiquetas semánticas y jerarquía correcta.,Curso de HTML,jonmircha,https://www.youtube.com/watch?v=-oK6zL01fNM,https://www.youtube-nocookie.com/embed/-oK6zL01fNM?rel=0&enablejsapi=1&cc_load_policy=1,0,0,si,si,si,si,evidencia_entregada_y_criterio_superado,"Usa estructura semántica y validable || Diferencia HTML, XML y JSON y sus casos de uso || Interpreta o genera datos estructurados",Conjunto de documentos validados y ejemplo de consumo,no,revisar_automaticamente_antes_de_publicar,2026-08-04
daw_microsoft_web_dev_beginners__daw-pro-001,daw_microsoft_web_dev_beginners,Web Development for Beginners,curso_basico,DAW,1,DAW-PRO-001,"Programar con variables, decisiones y bucles","Programar variables, validaciones y decisiones.",Curso de Java desde cero,MoureDev by Brais Moure,https://www.youtube.com/watch?v=JOAqpdM36wI,https://www.youtube-nocookie.com/embed/JOAqpdM36wI?rel=0&enablejsapi=1&cc_load_policy=1&start=5294&end=11115,5294,11115,si,si,si,si,evidencia_entregada_y_criterio_superado,Usa tipos de datos y operadores adecuados || Resuelve decisiones y repeticiones sin bucles infinitos || Valida entradas y prueba casos límite,Tres programas de consola con casos de prueba,no,revisar_automaticamente_antes_de_publicar,2026-08-04
daw_microsoft_web_dev_beginners__daw-bas-004,daw_microsoft_web_dev_beginners,Web Development for Beginners,curso_basico,DAW,2,DAW-BAS-004,Comprender cómo funciona una aplicación conectada,"Distinguir cliente, servidor, red, petición, respuesta y datos.",Fundamentos de Node.js,jonmircha,https://www.youtube.com/watch?v=0f26_Enlv38,https://www.youtube-nocookie.com/embed/0f26_Enlv38?rel=0&enablejsapi=1&cc_load_policy=1,0,0,si,si,si,si,evidencia_entregada_y_criterio_superado,"Dibuja el recorrido de una petición desde navegador o app hasta servidor || Diferencia frontend, backend y base de datos || Interpreta códigos HTTP comunes y una URL",Diagrama comentado de una aplicación sencilla,no,revisar_automaticamente_antes_de_publicar,2026-08-04
daw_microsoft_web_dev_beginners__daw-lm-001,daw_microsoft_web_dev_beginners,Web Development for Beginners,curso_basico,DAW,3,DAW-LM-001,Estructurar información con lenguajes de marcas,Estructurar información usando etiquetas semánticas y jerarquía correcta.,Curso de HTML,jonmircha,https://www.youtube.com/watch?v=-oK6zL01fNM,https://www.youtube-nocookie.com/embed/-oK6zL01fNM?rel=0&enablejsapi=1&cc_load_policy=1,0,0,si,si,si,si,evidencia_entregada_y_criterio_superado,"Usa estructura semántica y validable || Diferencia HTML, XML y JSON y sus casos de uso || Interpreta o genera datos estructurados",Conjunto de documentos validados y ejemplo de consumo,no,revisar_automaticamente_antes_de_publicar,2026-08-04
daw_microsoft_web_dev_beginners__daw-lm-002,daw_microsoft_web_dev_beginners,Web Development for Beginners,curso_basico,DAW,4,DAW-LM-002,Presentar información de forma responsive,Construir una interfaz responsive y comprobarla en varios tamaños.,Responsive Web Design,jonmircha,https://www.youtube.com/watch?v=udGrXWeJp1Y,https://www.youtube-nocookie.com/embed/udGrXWeJp1Y?rel=0&enablejsapi=1&cc_load_policy=1,0,0,si,si,si,si,evidencia_entregada_y_criterio_superado,"Construye un layout con Flexbox o Grid || Se adapta a móvil, tableta y escritorio || Mantiene contraste, legibilidad y consistencia visual",Landing responsive publicada o capturas multiformato,no,revisar_automaticamente_antes_de_publicar,2026-08-04
daw_microsoft_web_dev_beginners__daw-ed-001,daw_microsoft_web_dev_beginners,Web Development for Beginners,curso_basico,DAW,5,DAW-ED-001,Usar Git y un flujo de trabajo colaborativo,"Usar commits, ramas, repositorios remotos y pull requests.",Curso de Git y GitHub desde cero,MoureDev by Brais Moure,https://www.youtube.com/watch?v=3GymExBkKjE,https://www.youtube-nocookie.com/embed/3GymExBkKjE?rel=0&enablejsapi=1&cc_load_policy=1&end=14000,0,14000,si,si,si,si,evidencia_entregada_y_criterio_superado,Crea repositorio y commits atómicos con mensajes claros || Trabaja en una rama y abre un pull request || Resuelve un conflicto sencillo sin perder trabajo,"Repositorio con historial, rama y pull request",no,revisar_automaticamente_antes_de_publicar,2026-08-04
daw_react_learn__daw-cli-001,daw_react_learn,Learn React,curso_complementario,DAW,1,DAW-CLI-001,Programar interacción con JavaScript en el navegador,"Programar eventos, DOM, formularios y estado de interfaz.",Curso de JavaScript,jonmircha,https://www.youtube.com/playlist?list=PLvq-jIkSeTUZ6QgYYO3MwG9EMqC-KoLXA,https://www.youtube-nocookie.com/embed/videoseries?rel=0&enablejsapi=1&cc_load_policy=1&list=PLvq-jIkSeTUZ6QgYYO3MwG9EMqC-KoLXA&listType=playlist,0,0,si,si,si,si,evidencia_entregada_y_criterio_superado,Manipula contenido y eventos sin recargas innecesarias || Valida formularios y muestra errores accesibles || Organiza código en módulos y evita variables globales,Aplicación web interactiva con formularios y estado local,no,revisar_automaticamente_antes_de_publicar,2026-08-04
daw_react_learn__daw-cli-003,daw_react_learn,Learn React,curso_complementario,DAW,2,DAW-CLI-003,Construir interfaces basadas en componentes,"Construir una interfaz con componentes, propiedades y estado.",Curso de React,jonmircha,https://www.youtube.com/playlist?list=PLvq-jIkSeTUZ5XcUw8fJPTBKEHEKPMTKk,https://www.youtube-nocookie.com/embed/videoseries?rel=0&enablejsapi=1&cc_load_policy=1&list=PLvq-jIkSeTUZ5XcUw8fJPTBKEHEKPMTKk&listType=playlist,0,0,si,si,si,si,evidencia_entregada_y_criterio_superado,Los componentes tienen responsabilidades claras || El estado se ubica en el nivel adecuado || La navegación y formularios mantienen consistencia,Aplicación de varias vistas con componentes reutilizables,no,revisar_automaticamente_antes_de_publicar,2026-08-04
daw_react_learn__daw-pro-001,daw_react_learn,Learn React,curso_complementario,DAW,3,DAW-PRO-001,"Programar con variables, decisiones y bucles","Programar variables, validaciones y decisiones.",Curso de Java desde cero,MoureDev by Brais Moure,https://www.youtube.com/watch?v=JOAqpdM36wI,https://www.youtube-nocookie.com/embed/JOAqpdM36wI?rel=0&enablejsapi=1&cc_load_policy=1&start=5294&end=11115,5294,11115,si,si,si,si,evidencia_entregada_y_criterio_superado,Usa tipos de datos y operadores adecuados || Resuelve decisiones y repeticiones sin bucles infinitos || Valida entradas y prueba casos límite,Tres programas de consola con casos de prueba,no,revisar_automaticamente_antes_de_publicar,2026-08-04
daw_react_learn__daw-pro-003,daw_react_learn,Learn React,curso_complementario,DAW,4,DAW-PRO-003,Aplicar programación orientada a objetos,"Modelar clases, objetos, encapsulación y composición.",Curso de Java desde cero,MoureDev by Brais Moure,https://www.youtube.com/watch?v=JOAqpdM36wI,https://www.youtube-nocookie.com/embed/JOAqpdM36wI?rel=0&enablejsapi=1&cc_load_policy=1&start=19586&end=27441,19586,27441,si,si,si,si,evidencia_entregada_y_criterio_superado,Define clases con responsabilidades claras || Protege invariantes mediante encapsulación || Usa composición o interfaces y justifica el diseño,Proyecto orientado a objetos con diagrama y README,no,revisar_automaticamente_antes_de_publicar,2026-08-04
daw_react_learn__daw-lm-002,daw_react_learn,Learn React,curso_complementario,DAW,5,DAW-LM-002,Presentar información de forma responsive,Construir una interfaz responsive y comprobarla en varios tamaños.,Responsive Web Design,jonmircha,https://www.youtube.com/watch?v=udGrXWeJp1Y,https://www.youtube-nocookie.com/embed/udGrXWeJp1Y?rel=0&enablejsapi=1&cc_load_policy=1,0,0,si,si,si,si,evidencia_entregada_y_criterio_superado,"Construye un layout con Flexbox o Grid || Se adapta a móvil, tableta y escritorio || Mantiene contraste, legibilidad y consistencia visual",Landing responsive publicada o capturas multiformato,no,revisar_automaticamente_antes_de_publicar,2026-08-04
daw_nextjs_learn__daw-cli-003,daw_nextjs_learn,Learn Next.js,curso_complementario,DAW,1,DAW-CLI-003,Construir interfaces basadas en componentes,"Construir una interfaz con componentes, propiedades y estado.",Curso de React,jonmircha,https://www.youtube.com/playlist?list=PLvq-jIkSeTUZ5XcUw8fJPTBKEHEKPMTKk,https://www.youtube-nocookie.com/embed/videoseries?rel=0&enablejsapi=1&cc_load_policy=1&list=PLvq-jIkSeTUZ5XcUw8fJPTBKEHEKPMTKk&listType=playlist,0,0,si,si,si,si,evidencia_entregada_y_criterio_superado,Los componentes tienen responsabilidades claras || El estado se ubica en el nivel adecuado || La navegación y formularios mantienen consistencia,Aplicación de varias vistas con componentes reutilizables,no,revisar_automaticamente_antes_de_publicar,2026-08-04
daw_nextjs_learn__daw-lm-001,daw_nextjs_learn,Learn Next.js,curso_complementario,DAW,2,DAW-LM-001,Estructurar información con lenguajes de marcas,Estructurar información usando etiquetas semánticas y jerarquía correcta.,Curso de HTML,jonmircha,https://www.youtube.com/watch?v=-oK6zL01fNM,https://www.youtube-nocookie.com/embed/-oK6zL01fNM?rel=0&enablejsapi=1&cc_load_policy=1,0,0,si,si,si,si,evidencia_entregada_y_criterio_superado,"Usa estructura semántica y validable || Diferencia HTML, XML y JSON y sus casos de uso || Interpreta o genera datos estructurados",Conjunto de documentos validados y ejemplo de consumo,no,revisar_automaticamente_antes_de_publicar,2026-08-04
daw_nextjs_learn__daw-dig-001,daw_nextjs_learn,Learn Next.js,curso_complementario,DAW,3,DAW-DIG-001,"Analizar digitalización, datos e IA de forma responsable","Evaluar datos, automatización e IA con límites, trazabilidad y revisión humana.",Programación e inteligencia artificial responsable,MoureDev by Brais Moure,https://www.youtube.com/watch?v=uquw8yUKaYM,https://www.youtube-nocookie.com/embed/uquw8yUKaYM?rel=0&enablejsapi=1&cc_load_policy=1,0,0,si,si,si,si,evidencia_entregada_y_criterio_superado,"Modela un proceso antes y después de digitalizarlo || Identifica datos, riesgos y controles || Justifica cuándo una automatización o IA aporta valor",Mapa de proceso y ficha de riesgos,no,revisar_automaticamente_antes_de_publicar,2026-08-04
daw_nextjs_learn__daw-sus-001,daw_nextjs_learn,Learn Next.js,curso_complementario,DAW,4,DAW-SUS-001,Aplicar sostenibilidad al desarrollo y operación,Identificar decisiones técnicas que reducen consumo y sobredimensionamiento.,Software Development and Sustainability,Beyond Coding,https://www.youtube.com/playlist?list=PLX6ivsCcfHDOzMIUioOofyF-h-niZL6Qj,https://www.youtube-nocookie.com/embed/videoseries?rel=0&enablejsapi=1&cc_load_policy=1&list=PLX6ivsCcfHDOzMIUioOofyF-h-niZL6Qj&listType=playlist,0,0,si,si,si,si,evidencia_entregada_y_criterio_superado,Identifica impactos ambientales y sociales de una solución || Propone medidas medibles de mejora || Incluye mantenimiento y fin de vida de datos o infraestructura,Checklist de sostenibilidad aplicado a un proyecto,no,revisar_automaticamente_antes_de_publicar,2026-08-04
daw_nextjs_learn__daw-srv-002,daw_nextjs_learn,Learn Next.js,curso_complementario,DAW,5,DAW-SRV-002,Implementar autenticación y autorización seguras,"Implementar sesión o token, rutas protegidas y control de permisos.",Node.js y Express: API y servidor web,jonmircha,https://www.youtube.com/watch?v=tDF644vI-gs,https://www.youtube-nocookie.com/embed/tDF644vI-gs?rel=0&enablejsapi=1&cc_load_policy=1,0,0,si,si,si,si,evidencia_entregada_y_criterio_superado,"Las contraseñas no se almacenan en claro || Las rutas verifican identidad y permisos || Se controlan sesión, expiración y errores sin filtrar secretos","Aplicación con login, roles y pruebas de acceso",no,revisar_automaticamente_antes_de_publicar,2026-08-04
daw_github_skills__daw-ed-001,daw_github_skills,GitHub Skills,curso_complementario,DAW,1,DAW-ED-001,Usar Git y un flujo de trabajo colaborativo,"Usar commits, ramas, repositorios remotos y pull requests.",Curso de Git y GitHub desde cero,MoureDev by Brais Moure,https://www.youtube.com/watch?v=3GymExBkKjE,https://www.youtube-nocookie.com/embed/3GymExBkKjE?rel=0&enablejsapi=1&cc_load_policy=1&end=14000,0,14000,si,si,si,si,evidencia_entregada_y_criterio_superado,Crea repositorio y commits atómicos con mensajes claros || Trabaja en una rama y abre un pull request || Resuelve un conflicto sencillo sin perder trabajo,"Repositorio con historial, rama y pull request",no,revisar_automaticamente_antes_de_publicar,2026-08-04
daw_github_skills__daw-dig-001,daw_github_skills,GitHub Skills,curso_complementario,DAW,2,DAW-DIG-001,"Analizar digitalización, datos e IA de forma responsable","Evaluar datos, automatización e IA con límites, trazabilidad y revisión humana.",Programación e inteligencia artificial responsable,MoureDev by Brais Moure,https://www.youtube.com/watch?v=uquw8yUKaYM,https://www.youtube-nocookie.com/embed/uquw8yUKaYM?rel=0&enablejsapi=1&cc_load_policy=1,0,0,si,si,si,si,evidencia_entregada_y_criterio_superado,"Modela un proceso antes y después de digitalizarlo || Identifica datos, riesgos y controles || Justifica cuándo una automatización o IA aporta valor",Mapa de proceso y ficha de riesgos,no,revisar_automaticamente_antes_de_publicar,2026-08-04
daw_github_skills__daw-ed-002,daw_github_skills,GitHub Skills,curso_complementario,DAW,3,DAW-ED-002,"Depurar, automatizar y mantener calidad",Depurar y detectar fallos de forma sistemática.,Visual Studio Code: curso para principiantes,HolaMundo,https://www.youtube.com/watch?v=Ei1y51K8jQk,https://www.youtube-nocookie.com/embed/Ei1y51K8jQk?rel=0&enablejsapi=1&cc_load_policy=1&start=1831&end=3857,1831,3857,si,si,si,si,evidencia_entregada_y_criterio_superado,Usa puntos de ruptura e inspección de variables || Configura formato o lint reproducible || Ejecuta pruebas automáticamente en cada cambio relevante,Repositorio con configuración y workflow de pruebas,no,revisar_automaticamente_antes_de_publicar,2026-08-04
daw_github_skills__daw-dep-002,daw_github_skills,GitHub Skills,curso_complementario,DAW,4,DAW-DEP-002,Contenerizar y automatizar entrega,"Crear imagen, contenedor, volúmenes y Compose reproducible.",Curso de Docker para principiantes,HolaMundo,https://www.youtube.com/watch?v=4Dko5W96WHg,https://www.youtube-nocookie.com/embed/4Dko5W96WHg?rel=0&enablejsapi=1&cc_load_policy=1&start=1197&end=5200,1197,5200,si,si,si,si,evidencia_entregada_y_criterio_superado,La aplicación se inicia con un comando documentado || Los servicios usan configuración y volúmenes coherentes || El pipeline bloquea una entrega con pruebas fallidas,"Dockerfile, compose y workflow CI",no,revisar_automaticamente_antes_de_publicar,2026-08-04
daw_github_skills__daw-bas-005,daw_github_skills,GitHub Skills,curso_complementario,DAW,5,DAW-BAS-005,Documentar errores y aprender mediante práctica,"Reproducir, aislar y documentar un error usando el depurador.",Visual Studio Code: curso para principiantes,HolaMundo,https://www.youtube.com/watch?v=Ei1y51K8jQk,https://www.youtube-nocookie.com/embed/Ei1y51K8jQk?rel=0&enablejsapi=1&cc_load_policy=1&start=1831&end=2500,1831,2500,si,si,si,si,evidencia_entregada_y_criterio_superado,Crea una plantilla de diario técnico || Documenta un error con pasos para reproducirlo || Distingue una fuente primaria de una explicación secundaria,Entrada de diario técnico con error resuelto,no,revisar_automaticamente_antes_de_publicar,2026-08-04
daw_visual_studio_code__daw-lm-002,daw_visual_studio_code,Visual Studio Code,herramienta,DAW,1,DAW-LM-002,Presentar información de forma responsive,Construir una interfaz responsive y comprobarla en varios tamaños.,Responsive Web Design,jonmircha,https://www.youtube.com/watch?v=udGrXWeJp1Y,https://www.youtube-nocookie.com/embed/udGrXWeJp1Y?rel=0&enablejsapi=1&cc_load_policy=1,0,0,si,si,si,si,evidencia_entregada_y_criterio_superado,"Construye un layout con Flexbox o Grid || Se adapta a móvil, tableta y escritorio || Mantiene contraste, legibilidad y consistencia visual",Landing responsive publicada o capturas multiformato,no,revisar_automaticamente_antes_de_publicar,2026-08-04
daw_visual_studio_code__daw-cli-001,daw_visual_studio_code,Visual Studio Code,herramienta,DAW,2,DAW-CLI-001,Programar interacción con JavaScript en el navegador,"Programar eventos, DOM, formularios y estado de interfaz.",Curso de JavaScript,jonmircha,https://www.youtube.com/playlist?list=PLvq-jIkSeTUZ6QgYYO3MwG9EMqC-KoLXA,https://www.youtube-nocookie.com/embed/videoseries?rel=0&enablejsapi=1&cc_load_policy=1&list=PLvq-jIkSeTUZ6QgYYO3MwG9EMqC-KoLXA&listType=playlist,0,0,si,si,si,si,evidencia_entregada_y_criterio_superado,Manipula contenido y eventos sin recargas innecesarias || Valida formularios y muestra errores accesibles || Organiza código en módulos y evita variables globales,Aplicación web interactiva con formularios y estado local,no,revisar_automaticamente_antes_de_publicar,2026-08-04
daw_visual_studio_code__daw-cli-003,daw_visual_studio_code,Visual Studio Code,herramienta,DAW,3,DAW-CLI-003,Construir interfaces basadas en componentes,"Construir una interfaz con componentes, propiedades y estado.",Curso de React,jonmircha,https://www.youtube.com/playlist?list=PLvq-jIkSeTUZ5XcUw8fJPTBKEHEKPMTKk,https://www.youtube-nocookie.com/embed/videoseries?rel=0&enablejsapi=1&cc_load_policy=1&list=PLvq-jIkSeTUZ5XcUw8fJPTBKEHEKPMTKk&listType=playlist,0,0,si,si,si,si,evidencia_entregada_y_criterio_superado,Los componentes tienen responsabilidades claras || El estado se ubica en el nivel adecuado || La navegación y formularios mantienen consistencia,Aplicación de varias vistas con componentes reutilizables,no,revisar_automaticamente_antes_de_publicar,2026-08-04
daw_visual_studio_code__daw-pro-001,daw_visual_studio_code,Visual Studio Code,herramienta,DAW,4,DAW-PRO-001,"Programar con variables, decisiones y bucles","Programar variables, validaciones y decisiones.",Curso de Java desde cero,MoureDev by Brais Moure,https://www.youtube.com/watch?v=JOAqpdM36wI,https://www.youtube-nocookie.com/embed/JOAqpdM36wI?rel=0&enablejsapi=1&cc_load_policy=1&start=5294&end=11115,5294,11115,si,si,si,si,evidencia_entregada_y_criterio_superado,Usa tipos de datos y operadores adecuados || Resuelve decisiones y repeticiones sin bucles infinitos || Valida entradas y prueba casos límite,Tres programas de consola con casos de prueba,no,revisar_automaticamente_antes_de_publicar,2026-08-04
daw_visual_studio_code__daw-lm-001,daw_visual_studio_code,Visual Studio Code,herramienta,DAW,5,DAW-LM-001,Estructurar información con lenguajes de marcas,Estructurar información usando etiquetas semánticas y jerarquía correcta.,Curso de HTML,jonmircha,https://www.youtube.com/watch?v=-oK6zL01fNM,https://www.youtube-nocookie.com/embed/-oK6zL01fNM?rel=0&enablejsapi=1&cc_load_policy=1,0,0,si,si,si,si,evidencia_entregada_y_criterio_superado,"Usa estructura semántica y validable || Diferencia HTML, XML y JSON y sus casos de uso || Interpreta o genera datos estructurados",Conjunto de documentos validados y ejemplo de consumo,no,revisar_automaticamente_antes_de_publicar,2026-08-04
daw_github_student_pack__daw-ed-001,daw_github_student_pack,GitHub Student Developer Pack,herramienta,DAW,1,DAW-ED-001,Usar Git y un flujo de trabajo colaborativo,"Usar commits, ramas, repositorios remotos y pull requests.",Curso de Git y GitHub desde cero,MoureDev by Brais Moure,https://www.youtube.com/watch?v=3GymExBkKjE,https://www.youtube-nocookie.com/embed/3GymExBkKjE?rel=0&enablejsapi=1&cc_load_policy=1&end=14000,0,14000,si,si,si,si,evidencia_entregada_y_criterio_superado,Crea repositorio y commits atómicos con mensajes claros || Trabaja en una rama y abre un pull request || Resuelve un conflicto sencillo sin perder trabajo,"Repositorio con historial, rama y pull request",no,revisar_automaticamente_antes_de_publicar,2026-08-04
daw_github_student_pack__daw-dig-001,daw_github_student_pack,GitHub Student Developer Pack,herramienta,DAW,2,DAW-DIG-001,"Analizar digitalización, datos e IA de forma responsable","Evaluar datos, automatización e IA con límites, trazabilidad y revisión humana.",Programación e inteligencia artificial responsable,MoureDev by Brais Moure,https://www.youtube.com/watch?v=uquw8yUKaYM,https://www.youtube-nocookie.com/embed/uquw8yUKaYM?rel=0&enablejsapi=1&cc_load_policy=1,0,0,si,si,si,si,evidencia_entregada_y_criterio_superado,"Modela un proceso antes y después de digitalizarlo || Identifica datos, riesgos y controles || Justifica cuándo una automatización o IA aporta valor",Mapa de proceso y ficha de riesgos,no,revisar_automaticamente_antes_de_publicar,2026-08-04
daw_github_student_pack__daw-dep-001,daw_github_student_pack,GitHub Student Developer Pack,herramienta,DAW,3,DAW-DEP-001,Desplegar una aplicación web con configuración segura,Desplegar una aplicación y configurar variables y servicio de producción.,Despliegue de una aplicación Node.js,jonmircha,https://www.youtube.com/watch?v=FGZKmqX8gEY,https://www.youtube-nocookie.com/embed/FGZKmqX8gEY?rel=0&enablejsapi=1&cc_load_policy=1,0,0,si,si,si,si,evidencia_entregada_y_criterio_superado,La aplicación es accesible por HTTPS || Los secretos se gestionan fuera del repositorio || Existe procedimiento de despliegue y reversión,URL de demo y guía de despliegue,no,revisar_automaticamente_antes_de_publicar,2026-08-04
daw_github_student_pack__daw-ed-002,daw_github_student_pack,GitHub Student Developer Pack,herramienta,DAW,4,DAW-ED-002,"Depurar, automatizar y mantener calidad",Depurar y detectar fallos de forma sistemática.,Visual Studio Code: curso para principiantes,HolaMundo,https://www.youtube.com/watch?v=Ei1y51K8jQk,https://www.youtube-nocookie.com/embed/Ei1y51K8jQk?rel=0&enablejsapi=1&cc_load_policy=1&start=1831&end=3857,1831,3857,si,si,si,si,evidencia_entregada_y_criterio_superado,Usa puntos de ruptura e inspección de variables || Configura formato o lint reproducible || Ejecuta pruebas automáticamente en cada cambio relevante,Repositorio con configuración y workflow de pruebas,no,revisar_automaticamente_antes_de_publicar,2026-08-04
daw_github_student_pack__daw-dep-002,daw_github_student_pack,GitHub Student Developer Pack,herramienta,DAW,5,DAW-DEP-002,Contenerizar y automatizar entrega,"Crear imagen, contenedor, volúmenes y Compose reproducible.",Curso de Docker para principiantes,HolaMundo,https://www.youtube.com/watch?v=4Dko5W96WHg,https://www.youtube-nocookie.com/embed/4Dko5W96WHg?rel=0&enablejsapi=1&cc_load_policy=1&start=1197&end=5200,1197,5200,si,si,si,si,evidencia_entregada_y_criterio_superado,La aplicación se inicia con un comando documentado || Los servicios usan configuración y volúmenes coherentes || El pipeline bloquea una entrega con pruebas fallidas,"Dockerfile, compose y workflow CI",no,revisar_automaticamente_antes_de_publicar,2026-08-04
daw_docker__daw-dep-002,daw_docker,Docker,herramienta,DAW,1,DAW-DEP-002,Contenerizar y automatizar entrega,"Crear imagen, contenedor, volúmenes y Compose reproducible.",Curso de Docker para principiantes,HolaMundo,https://www.youtube.com/watch?v=4Dko5W96WHg,https://www.youtube-nocookie.com/embed/4Dko5W96WHg?rel=0&enablejsapi=1&cc_load_policy=1&start=1197&end=5200,1197,5200,si,si,si,si,evidencia_entregada_y_criterio_superado,La aplicación se inicia con un comando documentado || Los servicios usan configuración y volúmenes coherentes || El pipeline bloquea una entrega con pruebas fallidas,"Dockerfile, compose y workflow CI",no,revisar_automaticamente_antes_de_publicar,2026-08-04
daw_docker__daw-bd-001,daw_docker,Docker,herramienta,DAW,2,DAW-BD-001,Modelar datos relacionales,"Crear un modelo relacional con entidades, relaciones y claves.",Diseño de bases de datos,jonmircha,https://www.youtube.com/watch?v=HXE169-n5pM,https://www.youtube-nocookie.com/embed/HXE169-n5pM?rel=0&enablejsapi=1&cc_load_policy=1,0,0,si,si,si,si,evidencia_entregada_y_criterio_superado,"Identifica entidades y relaciones de un caso || Normaliza hasta un diseño razonable || Define claves primarias, foráneas y restricciones",Diagrama entidad-relación y modelo relacional,no,revisar_automaticamente_antes_de_publicar,2026-08-04
daw_docker__daw-bd-002,daw_docker,Docker,herramienta,DAW,3,DAW-BD-002,Crear y consultar una base de datos con SQL,Crear tablas y resolver consultas SQL sobre varias entidades.,Curso de SQL desde cero,MoureDev by Brais Moure,https://www.youtube.com/watch?v=OuJerKzV5T0,https://www.youtube-nocookie.com/embed/OuJerKzV5T0?rel=0&enablejsapi=1&cc_load_policy=1,0,0,si,si,si,si,evidencia_entregada_y_criterio_superado,"Crea tablas con tipos y restricciones correctas || Realiza CRUD y consultas con JOIN || Usa agregaciones, filtros y ordenación sobre datos coherentes",Script SQL ejecutable con datos de prueba y 12 consultas,no,revisar_automaticamente_antes_de_publicar,2026-08-04
daw_docker__daw-bd-003,daw_docker,Docker,herramienta,DAW,4,DAW-BD-003,"Mantener integridad, transacciones y acceso seguro","Aplicar restricciones, transacciones y permisos básicos en una base de datos.",Curso de SQL desde cero,MoureDev by Brais Moure,https://www.youtube.com/watch?v=OuJerKzV5T0,https://www.youtube-nocookie.com/embed/OuJerKzV5T0?rel=0&enablejsapi=1&cc_load_policy=1,0,0,si,si,si,si,evidencia_entregada_y_criterio_superado,Demuestra una transacción con confirmación y reversión || Crea un usuario con privilegios mínimos || Realiza y verifica una copia y restauración de prueba,Script y registro de una restauración controlada,no,revisar_automaticamente_antes_de_publicar,2026-08-04
daw_docker__daw-lm-001,daw_docker,Docker,herramienta,DAW,5,DAW-LM-001,Estructurar información con lenguajes de marcas,Estructurar información usando etiquetas semánticas y jerarquía correcta.,Curso de HTML,jonmircha,https://www.youtube.com/watch?v=-oK6zL01fNM,https://www.youtube-nocookie.com/embed/-oK6zL01fNM?rel=0&enablejsapi=1&cc_load_policy=1,0,0,si,si,si,si,evidencia_entregada_y_criterio_superado,"Usa estructura semántica y validable || Diferencia HTML, XML y JSON y sus casos de uso || Interpreta o genera datos estructurados",Conjunto de documentos validados y ejemplo de consumo,no,revisar_automaticamente_antes_de_publicar,2026-08-04
daw_postman__daw-bas-004,daw_postman,Postman,herramienta,DAW,1,DAW-BAS-004,Comprender cómo funciona una aplicación conectada,"Distinguir cliente, servidor, red, petición, respuesta y datos.",Fundamentos de Node.js,jonmircha,https://www.youtube.com/watch?v=0f26_Enlv38,https://www.youtube-nocookie.com/embed/0f26_Enlv38?rel=0&enablejsapi=1&cc_load_policy=1,0,0,si,si,si,si,evidencia_entregada_y_criterio_superado,"Dibuja el recorrido de una petición desde navegador o app hasta servidor || Diferencia frontend, backend y base de datos || Interpreta códigos HTTP comunes y una URL",Diagrama comentado de una aplicación sencilla,no,revisar_automaticamente_antes_de_publicar,2026-08-04
daw_postman__daw-cli-002,daw_postman,Postman,herramienta,DAW,2,DAW-CLI-002,Consumir APIs y gestionar asincronía,"Consumir APIs, trabajar con promesas y gestionar errores asíncronos.",Curso de JavaScript,jonmircha,https://www.youtube.com/playlist?list=PLvq-jIkSeTUZ6QgYYO3MwG9EMqC-KoLXA,https://www.youtube-nocookie.com/embed/videoseries?rel=0&enablejsapi=1&cc_load_policy=1&list=PLvq-jIkSeTUZ6QgYYO3MwG9EMqC-KoLXA&listType=playlist,0,0,si,si,si,si,evidencia_entregada_y_criterio_superado,"Consume una API con estados de carga, éxito y error || Valida y transforma la respuesta antes de mostrarla || Evita exponer claves y documenta límites de la API",Cliente web conectado a una API pública o propia,no,revisar_automaticamente_antes_de_publicar,2026-08-04
daw_postman__daw-pro-002,daw_postman,Postman,herramienta,DAW,3,DAW-PRO-002,Diseñar funciones y trabajar con colecciones,Separar lógica en funciones y manipular colecciones.,Curso de Java desde cero,MoureDev by Brais Moure,https://www.youtube.com/watch?v=JOAqpdM36wI,https://www.youtube-nocookie.com/embed/JOAqpdM36wI?rel=0&enablejsapi=1&cc_load_policy=1&start=11115&end=19586,11115,19586,si,si,si,si,evidencia_entregada_y_criterio_superado,"Separa responsabilidades en funciones pequeñas || Recorre y transforma colecciones correctamente || Gestiona búsquedas, ordenación o agregación básica",Aplicación de consola modular con colección de objetos o datos,no,revisar_automaticamente_antes_de_publicar,2026-08-04
daw_postman__daw-pro-004,daw_postman,Postman,herramienta,DAW,4,DAW-PRO-004,"Gestionar errores, ficheros y pruebas",Gestionar excepciones y usar el depurador.,Curso de Java desde cero,MoureDev by Brais Moure,https://www.youtube.com/watch?v=JOAqpdM36wI,https://www.youtube-nocookie.com/embed/JOAqpdM36wI?rel=0&enablejsapi=1&cc_load_policy=1&start=27441&end=30500,27441,30500,si,si,si,si,evidencia_entregada_y_criterio_superado,Maneja errores sin ocultarlos ni bloquear la aplicación || Lee y escribe datos de forma segura || Incluye pruebas para lógica importante y casos límite,Repositorio con pruebas y tratamiento de errores,no,revisar_automaticamente_antes_de_publicar,2026-08-04
daw_postman__daw-srv-001,daw_postman,Postman,herramienta,DAW,5,DAW-SRV-001,"Crear rutas, validación y lógica de servidor","Crear rutas, validar entrada y separar lógica de servidor.",Node.js y Express: API y servidor web,jonmircha,https://www.youtube.com/watch?v=tDF644vI-gs,https://www.youtube-nocookie.com/embed/tDF644vI-gs?rel=0&enablejsapi=1&cc_load_policy=1,0,0,si,si,si,si,evidencia_entregada_y_criterio_superado,Define rutas y métodos HTTP coherentes || Valida entrada en servidor y devuelve errores útiles || Separa reglas de negocio de acceso a datos,Backend con CRUD validado y documentación de endpoints,no,revisar_automaticamente_antes_de_publicar,2026-08-04
daw_figma_education__daw-ui-001,daw_figma_education,Figma for Education,herramienta,DAW,1,DAW-UI-001,Diseñar experiencias usables y coherentes,"Diseñar flujo, jerarquía, componentes y prototipo antes de programar.",Curso de Figma,jonmircha,https://www.youtube.com/playlist?list=PLvq-jIkSeTUbpfewvbKLhHctdkgadAy-K,https://www.youtube-nocookie.com/embed/videoseries?rel=0&enablejsapi=1&cc_load_policy=1&list=PLvq-jIkSeTUbpfewvbKLhHctdkgadAy-K&listType=playlist,0,0,si,si,si,si,evidencia_entregada_y_criterio_superado,"La jerarquía permite completar la tarea principal || Contempla estados vacío, carga, error y éxito || Usa patrones y componentes consistentes",Prototipo y pantalla implementada con estados,no,revisar_automaticamente_antes_de_publicar,2026-08-04
daw_figma_education__daw-si-001,daw_figma_education,Figma for Education,herramienta,DAW,2,DAW-SI-001,Instalar y configurar un sistema de trabajo,Instalar y configurar un entorno de trabajo reproducible.,Visual Studio Code: curso para principiantes,HolaMundo,https://www.youtube.com/watch?v=Ei1y51K8jQk,https://www.youtube-nocookie.com/embed/Ei1y51K8jQk?rel=0&enablejsapi=1&cc_load_policy=1&start=78&end=1210,78,1210,si,si,si,si,evidencia_entregada_y_criterio_superado,"Instala o configura una máquina virtual o entorno equivalente || Crea usuarios y aplica actualizaciones || Documenta requisitos, red y almacenamiento",Guía de instalación reproducible con capturas,no,revisar_automaticamente_antes_de_publicar,2026-08-04
daw_figma_education__daw-pro-001,daw_figma_education,Figma for Education,herramienta,DAW,3,DAW-PRO-001,"Programar con variables, decisiones y bucles","Programar variables, validaciones y decisiones.",Curso de Java desde cero,MoureDev by Brais Moure,https://www.youtube.com/watch?v=JOAqpdM36wI,https://www.youtube-nocookie.com/embed/JOAqpdM36wI?rel=0&enablejsapi=1&cc_load_policy=1&start=5294&end=11115,5294,11115,si,si,si,si,evidencia_entregada_y_criterio_superado,Usa tipos de datos y operadores adecuados || Resuelve decisiones y repeticiones sin bucles infinitos || Valida entradas y prueba casos límite,Tres programas de consola con casos de prueba,no,revisar_automaticamente_antes_de_publicar,2026-08-04
daw_figma_education__daw-pro-003,daw_figma_education,Figma for Education,herramienta,DAW,4,DAW-PRO-003,Aplicar programación orientada a objetos,"Modelar clases, objetos, encapsulación y composición.",Curso de Java desde cero,MoureDev by Brais Moure,https://www.youtube.com/watch?v=JOAqpdM36wI,https://www.youtube-nocookie.com/embed/JOAqpdM36wI?rel=0&enablejsapi=1&cc_load_policy=1&start=19586&end=27441,19586,27441,si,si,si,si,evidencia_entregada_y_criterio_superado,Define clases con responsabilidades claras || Protege invariantes mediante encapsulación || Usa composición o interfaces y justifica el diseño,Proyecto orientado a objetos con diagrama y README,no,revisar_automaticamente_antes_de_publicar,2026-08-04
daw_figma_education__daw-lm-002,daw_figma_education,Figma for Education,herramienta,DAW,5,DAW-LM-002,Presentar información de forma responsive,Construir una interfaz responsive y comprobarla en varios tamaños.,Responsive Web Design,jonmircha,https://www.youtube.com/watch?v=udGrXWeJp1Y,https://www.youtube-nocookie.com/embed/udGrXWeJp1Y?rel=0&enablejsapi=1&cc_load_policy=1,0,0,si,si,si,si,evidencia_entregada_y_criterio_superado,"Construye un layout con Flexbox o Grid || Se adapta a móvil, tableta y escritorio || Mantiene contraste, legibilidad y consistencia visual",Landing responsive publicada o capturas multiformato,no,revisar_automaticamente_antes_de_publicar,2026-08-04
daw_sae_ofertas_empleo__daw-bas-004,daw_sae_ofertas_empleo,Ofertas de empleo del SAE,empleo_busqueda,DAW,1,DAW-BAS-004,Comprender cómo funciona una aplicación conectada,"Distinguir cliente, servidor, red, petición, respuesta y datos.",Fundamentos de Node.js,jonmircha,https://www.youtube.com/watch?v=0f26_Enlv38,https://www.youtube-nocookie.com/embed/0f26_Enlv38?rel=0&enablejsapi=1&cc_load_policy=1,0,0,si,si,si,si,evidencia_entregada_y_criterio_superado,"Dibuja el recorrido de una petición desde navegador o app hasta servidor || Diferencia frontend, backend y base de datos || Interpreta códigos HTTP comunes y una URL",Diagrama comentado de una aplicación sencilla,sí,revisar_automaticamente_antes_de_publicar,2026-08-04
daw_sae_ofertas_empleo__daw-lm-002,daw_sae_ofertas_empleo,Ofertas de empleo del SAE,empleo_busqueda,DAW,2,DAW-LM-002,Presentar información de forma responsive,Construir una interfaz responsive y comprobarla en varios tamaños.,Responsive Web Design,jonmircha,https://www.youtube.com/watch?v=udGrXWeJp1Y,https://www.youtube-nocookie.com/embed/udGrXWeJp1Y?rel=0&enablejsapi=1&cc_load_policy=1,0,0,si,si,si,si,evidencia_entregada_y_criterio_superado,"Construye un layout con Flexbox o Grid || Se adapta a móvil, tableta y escritorio || Mantiene contraste, legibilidad y consistencia visual",Landing responsive publicada o capturas multiformato,sí,revisar_automaticamente_antes_de_publicar,2026-08-04
daw_sae_ofertas_empleo__daw-emp-001,daw_sae_ofertas_empleo,Ofertas de empleo del SAE,empleo_busqueda,DAW,3,DAW-EMP-001,Preparar perfil profesional y candidatura,"Organizar CV, portfolio, evidencias y documentos de candidatura en una carpeta compartible.","Curso completo de Google Drive: organizar, compartir y colaborar",Carlos Cortés Academy,https://www.youtube.com/watch?v=xBaRjZUVSgc,https://www.youtube-nocookie.com/embed/xBaRjZUVSgc?rel=0&enablejsapi=1&cc_load_policy=1,0,0,si,si,si,si,evidencia_entregada_y_criterio_superado,CV adaptado a un puesto concreto || Perfil GitHub o portfolio con dos evidencias explicadas || Matriz de requisitos y brechas de tres ofertas,"CV, perfil y matriz de brechas",no,revisar_automaticamente_antes_de_publicar,2026-08-04
daw_sae_ofertas_empleo__daw-cli-001,daw_sae_ofertas_empleo,Ofertas de empleo del SAE,empleo_busqueda,DAW,4,DAW-CLI-001,Programar interacción con JavaScript en el navegador,"Programar eventos, DOM, formularios y estado de interfaz.",Curso de JavaScript,jonmircha,https://www.youtube.com/playlist?list=PLvq-jIkSeTUZ6QgYYO3MwG9EMqC-KoLXA,https://www.youtube-nocookie.com/embed/videoseries?rel=0&enablejsapi=1&cc_load_policy=1&list=PLvq-jIkSeTUZ6QgYYO3MwG9EMqC-KoLXA&listType=playlist,0,0,si,si,si,si,evidencia_entregada_y_criterio_superado,Manipula contenido y eventos sin recargas innecesarias || Valida formularios y muestra errores accesibles || Organiza código en módulos y evita variables globales,Aplicación web interactiva con formularios y estado local,no,revisar_automaticamente_antes_de_publicar,2026-08-04
daw_sae_ofertas_empleo__daw-cli-003,daw_sae_ofertas_empleo,Ofertas de empleo del SAE,empleo_busqueda,DAW,5,DAW-CLI-003,Construir interfaces basadas en componentes,"Construir una interfaz con componentes, propiedades y estado.",Curso de React,jonmircha,https://www.youtube.com/playlist?list=PLvq-jIkSeTUZ5XcUw8fJPTBKEHEKPMTKk,https://www.youtube-nocookie.com/embed/videoseries?rel=0&enablejsapi=1&cc_load_policy=1&list=PLvq-jIkSeTUZ5XcUw8fJPTBKEHEKPMTKk&listType=playlist,0,0,si,si,si,si,evidencia_entregada_y_criterio_superado,Los componentes tienen responsabilidades claras || El estado se ubica en el nivel adecuado || La navegación y formularios mantienen consistencia,Aplicación de varias vistas con componentes reutilizables,no,revisar_automaticamente_antes_de_publicar,2026-08-04
daw_tecnoempleo__daw-emp-001,daw_tecnoempleo,Tecnoempleo,empleo_busqueda,DAW,1,DAW-EMP-001,Preparar perfil profesional y candidatura,"Organizar CV, portfolio, evidencias y documentos de candidatura en una carpeta compartible.","Curso completo de Google Drive: organizar, compartir y colaborar",Carlos Cortés Academy,https://www.youtube.com/watch?v=xBaRjZUVSgc,https://www.youtube-nocookie.com/embed/xBaRjZUVSgc?rel=0&enablejsapi=1&cc_load_policy=1,0,0,si,si,si,si,evidencia_entregada_y_criterio_superado,CV adaptado a un puesto concreto || Perfil GitHub o portfolio con dos evidencias explicadas || Matriz de requisitos y brechas de tres ofertas,"CV, perfil y matriz de brechas",sí,revisar_automaticamente_antes_de_publicar,2026-08-04
daw_tecnoempleo__daw-lm-002,daw_tecnoempleo,Tecnoempleo,empleo_busqueda,DAW,2,DAW-LM-002,Presentar información de forma responsive,Construir una interfaz responsive y comprobarla en varios tamaños.,Responsive Web Design,jonmircha,https://www.youtube.com/watch?v=udGrXWeJp1Y,https://www.youtube-nocookie.com/embed/udGrXWeJp1Y?rel=0&enablejsapi=1&cc_load_policy=1,0,0,si,si,si,si,evidencia_entregada_y_criterio_superado,"Construye un layout con Flexbox o Grid || Se adapta a móvil, tableta y escritorio || Mantiene contraste, legibilidad y consistencia visual",Landing responsive publicada o capturas multiformato,sí,revisar_automaticamente_antes_de_publicar,2026-08-04
daw_tecnoempleo__daw-cli-001,daw_tecnoempleo,Tecnoempleo,empleo_busqueda,DAW,3,DAW-CLI-001,Programar interacción con JavaScript en el navegador,"Programar eventos, DOM, formularios y estado de interfaz.",Curso de JavaScript,jonmircha,https://www.youtube.com/playlist?list=PLvq-jIkSeTUZ6QgYYO3MwG9EMqC-KoLXA,https://www.youtube-nocookie.com/embed/videoseries?rel=0&enablejsapi=1&cc_load_policy=1&list=PLvq-jIkSeTUZ6QgYYO3MwG9EMqC-KoLXA&listType=playlist,0,0,si,si,si,si,evidencia_entregada_y_criterio_superado,Manipula contenido y eventos sin recargas innecesarias || Valida formularios y muestra errores accesibles || Organiza código en módulos y evita variables globales,Aplicación web interactiva con formularios y estado local,no,revisar_automaticamente_antes_de_publicar,2026-08-04
daw_tecnoempleo__daw-cli-003,daw_tecnoempleo,Tecnoempleo,empleo_busqueda,DAW,4,DAW-CLI-003,Construir interfaces basadas en componentes,"Construir una interfaz con componentes, propiedades y estado.",Curso de React,jonmircha,https://www.youtube.com/playlist?list=PLvq-jIkSeTUZ5XcUw8fJPTBKEHEKPMTKk,https://www.youtube-nocookie.com/embed/videoseries?rel=0&enablejsapi=1&cc_load_policy=1&list=PLvq-jIkSeTUZ5XcUw8fJPTBKEHEKPMTKk&listType=playlist,0,0,si,si,si,si,evidencia_entregada_y_criterio_superado,Los componentes tienen responsabilidades claras || El estado se ubica en el nivel adecuado || La navegación y formularios mantienen consistencia,Aplicación de varias vistas con componentes reutilizables,no,revisar_automaticamente_antes_de_publicar,2026-08-04
daw_tecnoempleo__daw-ed-001,daw_tecnoempleo,Tecnoempleo,empleo_busqueda,DAW,5,DAW-ED-001,Usar Git y un flujo de trabajo colaborativo,"Usar commits, ramas, repositorios remotos y pull requests.",Curso de Git y GitHub desde cero,MoureDev by Brais Moure,https://www.youtube.com/watch?v=3GymExBkKjE,https://www.youtube-nocookie.com/embed/3GymExBkKjE?rel=0&enablejsapi=1&cc_load_policy=1&end=14000,0,14000,si,si,si,si,evidencia_entregada_y_criterio_superado,Crea repositorio y commits atómicos con mensajes claros || Trabaja en una rama y abre un pull request || Resuelve un conflicto sencillo sin perder trabajo,"Repositorio con historial, rama y pull request",no,revisar_automaticamente_antes_de_publicar,2026-08-04
daw_camara_granada_talento_joven__daw-emp-001,daw_camara_granada_talento_joven,Talento Joven Granada,convocatoria_practicas,DAW,1,DAW-EMP-001,Preparar perfil profesional y candidatura,"Organizar CV, portfolio, evidencias y documentos de candidatura en una carpeta compartible.","Curso completo de Google Drive: organizar, compartir y colaborar",Carlos Cortés Academy,https://www.youtube.com/watch?v=xBaRjZUVSgc,https://www.youtube-nocookie.com/embed/xBaRjZUVSgc?rel=0&enablejsapi=1&cc_load_policy=1,0,0,si,si,si,si,evidencia_entregada_y_criterio_superado,CV adaptado a un puesto concreto || Perfil GitHub o portfolio con dos evidencias explicadas || Matriz de requisitos y brechas de tres ofertas,"CV, perfil y matriz de brechas",sí,revisar_automaticamente_antes_de_publicar,2026-08-04
daw_camara_granada_talento_joven__daw-ed-001,daw_camara_granada_talento_joven,Talento Joven Granada,convocatoria_practicas,DAW,2,DAW-ED-001,Usar Git y un flujo de trabajo colaborativo,"Usar commits, ramas, repositorios remotos y pull requests.",Curso de Git y GitHub desde cero,MoureDev by Brais Moure,https://www.youtube.com/watch?v=3GymExBkKjE,https://www.youtube-nocookie.com/embed/3GymExBkKjE?rel=0&enablejsapi=1&cc_load_policy=1&end=14000,0,14000,si,si,si,si,evidencia_entregada_y_criterio_superado,Crea repositorio y commits atómicos con mensajes claros || Trabaja en una rama y abre un pull request || Resuelve un conflicto sencillo sin perder trabajo,"Repositorio con historial, rama y pull request",sí,revisar_automaticamente_antes_de_publicar,2026-08-04
daw_camara_granada_talento_joven__daw-prj-001,daw_camara_granada_talento_joven,Talento Joven Granada,convocatoria_practicas,DAW,3,DAW-PRJ-001,Planificar y entregar un proyecto integrador,"Organizar la entrega de un proyecto mediante issues, ramas y revisión.",Curso de Git y GitHub desde cero,MoureDev by Brais Moure,https://www.youtube.com/watch?v=3GymExBkKjE,https://www.youtube-nocookie.com/embed/3GymExBkKjE?rel=0&enablejsapi=1&cc_load_policy=1&start=12100&end=13200,12100,13200,si,si,si,si,evidencia_entregada_y_criterio_superado,"El alcance y los criterios de aceptación están definidos || La solución funciona y está versionada || Incluye pruebas, documentación y una demo reproducible","Repositorio, demo, README, pruebas y presentación",no,revisar_automaticamente_antes_de_publicar,2026-08-04
daw_granada_empleo_iii__daw-emp-001,daw_granada_empleo_iii,Granada Empleo III,convocatoria_practicas,DAW,1,DAW-EMP-001,Preparar perfil profesional y candidatura,"Organizar CV, portfolio, evidencias y documentos de candidatura en una carpeta compartible.","Curso completo de Google Drive: organizar, compartir y colaborar",Carlos Cortés Academy,https://www.youtube.com/watch?v=xBaRjZUVSgc,https://www.youtube-nocookie.com/embed/xBaRjZUVSgc?rel=0&enablejsapi=1&cc_load_policy=1,0,0,si,si,si,si,evidencia_entregada_y_criterio_superado,CV adaptado a un puesto concreto || Perfil GitHub o portfolio con dos evidencias explicadas || Matriz de requisitos y brechas de tres ofertas,"CV, perfil y matriz de brechas",sí,revisar_automaticamente_antes_de_publicar,2026-08-04
daw_granada_empleo_iii__daw-ed-001,daw_granada_empleo_iii,Granada Empleo III,convocatoria_practicas,DAW,2,DAW-ED-001,Usar Git y un flujo de trabajo colaborativo,"Usar commits, ramas, repositorios remotos y pull requests.",Curso de Git y GitHub desde cero,MoureDev by Brais Moure,https://www.youtube.com/watch?v=3GymExBkKjE,https://www.youtube-nocookie.com/embed/3GymExBkKjE?rel=0&enablejsapi=1&cc_load_policy=1&end=14000,0,14000,si,si,si,si,evidencia_entregada_y_criterio_superado,Crea repositorio y commits atómicos con mensajes claros || Trabaja en una rama y abre un pull request || Resuelve un conflicto sencillo sin perder trabajo,"Repositorio con historial, rama y pull request",sí,revisar_automaticamente_antes_de_publicar,2026-08-04
daw_granada_empleo_iii__daw-prj-001,daw_granada_empleo_iii,Granada Empleo III,convocatoria_practicas,DAW,3,DAW-PRJ-001,Planificar y entregar un proyecto integrador,"Organizar la entrega de un proyecto mediante issues, ramas y revisión.",Curso de Git y GitHub desde cero,MoureDev by Brais Moure,https://www.youtube.com/watch?v=3GymExBkKjE,https://www.youtube-nocookie.com/embed/3GymExBkKjE?rel=0&enablejsapi=1&cc_load_policy=1&start=12100&end=13200,12100,13200,si,si,si,si,evidencia_entregada_y_criterio_superado,"El alcance y los criterios de aceptación están definidos || La solución funciona y está versionada || Incluye pruebas, documentación y una demo reproducible","Repositorio, demo, README, pruebas y presentación",no,revisar_automaticamente_antes_de_publicar,2026-08-04
daw_fp_dual_empresas_andalucia__daw-emp-001,daw_fp_dual_empresas_andalucia,Proyectos de FP Dual en Andalucía,convocatoria_practicas,DAW,1,DAW-EMP-001,Preparar perfil profesional y candidatura,"Organizar CV, portfolio, evidencias y documentos de candidatura en una carpeta compartible.","Curso completo de Google Drive: organizar, compartir y colaborar",Carlos Cortés Academy,https://www.youtube.com/watch?v=xBaRjZUVSgc,https://www.youtube-nocookie.com/embed/xBaRjZUVSgc?rel=0&enablejsapi=1&cc_load_policy=1,0,0,si,si,si,si,evidencia_entregada_y_criterio_superado,CV adaptado a un puesto concreto || Perfil GitHub o portfolio con dos evidencias explicadas || Matriz de requisitos y brechas de tres ofertas,"CV, perfil y matriz de brechas",sí,revisar_automaticamente_antes_de_publicar,2026-08-04
daw_fp_dual_empresas_andalucia__daw-ed-001,daw_fp_dual_empresas_andalucia,Proyectos de FP Dual en Andalucía,convocatoria_practicas,DAW,2,DAW-ED-001,Usar Git y un flujo de trabajo colaborativo,"Usar commits, ramas, repositorios remotos y pull requests.",Curso de Git y GitHub desde cero,MoureDev by Brais Moure,https://www.youtube.com/watch?v=3GymExBkKjE,https://www.youtube-nocookie.com/embed/3GymExBkKjE?rel=0&enablejsapi=1&cc_load_policy=1&end=14000,0,14000,si,si,si,si,evidencia_entregada_y_criterio_superado,Crea repositorio y commits atómicos con mensajes claros || Trabaja en una rama y abre un pull request || Resuelve un conflicto sencillo sin perder trabajo,"Repositorio con historial, rama y pull request",sí,revisar_automaticamente_antes_de_publicar,2026-08-04
daw_fp_dual_empresas_andalucia__daw-prj-001,daw_fp_dual_empresas_andalucia,Proyectos de FP Dual en Andalucía,convocatoria_practicas,DAW,3,DAW-PRJ-001,Planificar y entregar un proyecto integrador,"Organizar la entrega de un proyecto mediante issues, ramas y revisión.",Curso de Git y GitHub desde cero,MoureDev by Brais Moure,https://www.youtube.com/watch?v=3GymExBkKjE,https://www.youtube-nocookie.com/embed/3GymExBkKjE?rel=0&enablejsapi=1&cc_load_policy=1&start=12100&end=13200,12100,13200,si,si,si,si,evidencia_entregada_y_criterio_superado,"El alcance y los criterios de aceptación están definidos || La solución funciona y está versionada || Incluye pruebas, documentación y una demo reproducible","Repositorio, demo, README, pruebas y presentación",no,revisar_automaticamente_antes_de_publicar,2026-08-04
daw_gdg_granada__daw-dig-001,daw_gdg_granada,GDG Granada,comunidad,DAW,1,DAW-DIG-001,"Analizar digitalización, datos e IA de forma responsable","Evaluar datos, automatización e IA con límites, trazabilidad y revisión humana.",Programación e inteligencia artificial responsable,MoureDev by Brais Moure,https://www.youtube.com/watch?v=uquw8yUKaYM,https://www.youtube-nocookie.com/embed/uquw8yUKaYM?rel=0&enablejsapi=1&cc_load_policy=1,0,0,si,si,si,si,evidencia_entregada_y_criterio_superado,"Modela un proceso antes y después de digitalizarlo || Identifica datos, riesgos y controles || Justifica cuándo una automatización o IA aporta valor",Mapa de proceso y ficha de riesgos,no,revisar_automaticamente_antes_de_publicar,2026-08-04
daw_gdg_granada__daw-bas-004,daw_gdg_granada,GDG Granada,comunidad,DAW,2,DAW-BAS-004,Comprender cómo funciona una aplicación conectada,"Distinguir cliente, servidor, red, petición, respuesta y datos.",Fundamentos de Node.js,jonmircha,https://www.youtube.com/watch?v=0f26_Enlv38,https://www.youtube-nocookie.com/embed/0f26_Enlv38?rel=0&enablejsapi=1&cc_load_policy=1,0,0,si,si,si,si,evidencia_entregada_y_criterio_superado,"Dibuja el recorrido de una petición desde navegador o app hasta servidor || Diferencia frontend, backend y base de datos || Interpreta códigos HTTP comunes y una URL",Diagrama comentado de una aplicación sencilla,no,revisar_automaticamente_antes_de_publicar,2026-08-04
daw_gdg_granada__daw-dep-001,daw_gdg_granada,GDG Granada,comunidad,DAW,3,DAW-DEP-001,Desplegar una aplicación web con configuración segura,Desplegar una aplicación y configurar variables y servicio de producción.,Despliegue de una aplicación Node.js,jonmircha,https://www.youtube.com/watch?v=FGZKmqX8gEY,https://www.youtube-nocookie.com/embed/FGZKmqX8gEY?rel=0&enablejsapi=1&cc_load_policy=1,0,0,si,si,si,si,evidencia_entregada_y_criterio_superado,La aplicación es accesible por HTTPS || Los secretos se gestionan fuera del repositorio || Existe procedimiento de despliegue y reversión,URL de demo y guía de despliegue,no,revisar_automaticamente_antes_de_publicar,2026-08-04
daw_gdg_granada__daw-emp-001,daw_gdg_granada,GDG Granada,comunidad,DAW,4,DAW-EMP-001,Preparar perfil profesional y candidatura,"Organizar CV, portfolio, evidencias y documentos de candidatura en una carpeta compartible.","Curso completo de Google Drive: organizar, compartir y colaborar",Carlos Cortés Academy,https://www.youtube.com/watch?v=xBaRjZUVSgc,https://www.youtube-nocookie.com/embed/xBaRjZUVSgc?rel=0&enablejsapi=1&cc_load_policy=1,0,0,si,si,si,si,evidencia_entregada_y_criterio_superado,CV adaptado a un puesto concreto || Perfil GitHub o portfolio con dos evidencias explicadas || Matriz de requisitos y brechas de tres ofertas,"CV, perfil y matriz de brechas",no,revisar_automaticamente_antes_de_publicar,2026-08-04
daw_gdg_granada__daw-bas-005,daw_gdg_granada,GDG Granada,comunidad,DAW,5,DAW-BAS-005,Documentar errores y aprender mediante práctica,"Reproducir, aislar y documentar un error usando el depurador.",Visual Studio Code: curso para principiantes,HolaMundo,https://www.youtube.com/watch?v=Ei1y51K8jQk,https://www.youtube-nocookie.com/embed/Ei1y51K8jQk?rel=0&enablejsapi=1&cc_load_policy=1&start=1831&end=2500,1831,2500,si,si,si,si,evidencia_entregada_y_criterio_superado,Crea una plantilla de diario técnico || Documenta un error con pasos para reproducirlo || Distingue una fuente primaria de una explicación secundaria,Entrada de diario técnico con error resuelto,no,revisar_automaticamente_antes_de_publicar,2026-08-04
daw_granada_tech_open_space_2026__daw-emp-001,daw_granada_tech_open_space_2026,Granada Tech Open Space 2026,evento,DAW,1,DAW-EMP-001,Preparar perfil profesional y candidatura,"Organizar CV, portfolio, evidencias y documentos de candidatura en una carpeta compartible.","Curso completo de Google Drive: organizar, compartir y colaborar",Carlos Cortés Academy,https://www.youtube.com/watch?v=xBaRjZUVSgc,https://www.youtube-nocookie.com/embed/xBaRjZUVSgc?rel=0&enablejsapi=1&cc_load_policy=1,0,0,si,si,si,si,evidencia_entregada_y_criterio_superado,CV adaptado a un puesto concreto || Perfil GitHub o portfolio con dos evidencias explicadas || Matriz de requisitos y brechas de tres ofertas,"CV, perfil y matriz de brechas",sí,revisar_automaticamente_antes_de_publicar,2026-08-04
daw_granada_tech_open_space_2026__daw-prj-002,daw_granada_tech_open_space_2026,Granada Tech Open Space 2026,evento,DAW,2,DAW-PRJ-002,Presentar y defender una solución,Crear una presentación visual coherente y preparar una defensa breve.,Kit de marca en Canva,Canva Latinoamérica,https://www.youtube.com/watch?v=havARJ_ZQg8,https://www.youtube-nocookie.com/embed/havARJ_ZQg8?rel=0&enablejsapi=1&cc_load_policy=1,0,0,si,si,si,si,evidencia_entregada_y_criterio_superado,Pitch de 3 a 5 minutos con estructura || Demo sin depender de pasos improvisados || Responde preguntas técnicas y reconoce límites,Vídeo de pitch o presentación en directo,sí,revisar_automaticamente_antes_de_publicar,2026-08-04
daw_granada_tech_open_space_2026__daw-ed-001,daw_granada_tech_open_space_2026,Granada Tech Open Space 2026,evento,DAW,3,DAW-ED-001,Usar Git y un flujo de trabajo colaborativo,"Usar commits, ramas, repositorios remotos y pull requests.",Curso de Git y GitHub desde cero,MoureDev by Brais Moure,https://www.youtube.com/watch?v=3GymExBkKjE,https://www.youtube-nocookie.com/embed/3GymExBkKjE?rel=0&enablejsapi=1&cc_load_policy=1&end=14000,0,14000,si,si,si,si,evidencia_entregada_y_criterio_superado,Crea repositorio y commits atómicos con mensajes claros || Trabaja en una rama y abre un pull request || Resuelve un conflicto sencillo sin perder trabajo,"Repositorio con historial, rama y pull request",no,revisar_automaticamente_antes_de_publicar,2026-08-04
daw_hacktoberfest_2026__daw-ed-001,daw_hacktoberfest_2026,Hacktoberfest 2026,reto,DAW,1,DAW-ED-001,Usar Git y un flujo de trabajo colaborativo,"Usar commits, ramas, repositorios remotos y pull requests.",Curso de Git y GitHub desde cero,MoureDev by Brais Moure,https://www.youtube.com/watch?v=3GymExBkKjE,https://www.youtube-nocookie.com/embed/3GymExBkKjE?rel=0&enablejsapi=1&cc_load_policy=1&end=14000,0,14000,si,si,si,si,evidencia_entregada_y_criterio_superado,Crea repositorio y commits atómicos con mensajes claros || Trabaja en una rama y abre un pull request || Resuelve un conflicto sencillo sin perder trabajo,"Repositorio con historial, rama y pull request",sí,revisar_automaticamente_antes_de_publicar,2026-08-04
daw_hacktoberfest_2026__daw-ed-002,daw_hacktoberfest_2026,Hacktoberfest 2026,reto,DAW,2,DAW-ED-002,"Depurar, automatizar y mantener calidad",Depurar y detectar fallos de forma sistemática.,Visual Studio Code: curso para principiantes,HolaMundo,https://www.youtube.com/watch?v=Ei1y51K8jQk,https://www.youtube-nocookie.com/embed/Ei1y51K8jQk?rel=0&enablejsapi=1&cc_load_policy=1&start=1831&end=3857,1831,3857,si,si,si,si,evidencia_entregada_y_criterio_superado,Usa puntos de ruptura e inspección de variables || Configura formato o lint reproducible || Ejecuta pruebas automáticamente en cada cambio relevante,Repositorio con configuración y workflow de pruebas,sí,revisar_automaticamente_antes_de_publicar,2026-08-04
daw_hacktoberfest_2026__daw-dep-002,daw_hacktoberfest_2026,Hacktoberfest 2026,reto,DAW,3,DAW-DEP-002,Contenerizar y automatizar entrega,"Crear imagen, contenedor, volúmenes y Compose reproducible.",Curso de Docker para principiantes,HolaMundo,https://www.youtube.com/watch?v=4Dko5W96WHg,https://www.youtube-nocookie.com/embed/4Dko5W96WHg?rel=0&enablejsapi=1&cc_load_policy=1&start=1197&end=5200,1197,5200,si,si,si,si,evidencia_entregada_y_criterio_superado,La aplicación se inicia con un comando documentado || Los servicios usan configuración y volúmenes coherentes || El pipeline bloquea una entrega con pruebas fallidas,"Dockerfile, compose y workflow CI",no,revisar_automaticamente_antes_de_publicar,2026-08-04
daw_hacktoberfest_2026__daw-emp-001,daw_hacktoberfest_2026,Hacktoberfest 2026,reto,DAW,4,DAW-EMP-001,Preparar perfil profesional y candidatura,"Organizar CV, portfolio, evidencias y documentos de candidatura en una carpeta compartible.","Curso completo de Google Drive: organizar, compartir y colaborar",Carlos Cortés Academy,https://www.youtube.com/watch?v=xBaRjZUVSgc,https://www.youtube-nocookie.com/embed/xBaRjZUVSgc?rel=0&enablejsapi=1&cc_load_policy=1,0,0,si,si,si,si,evidencia_entregada_y_criterio_superado,CV adaptado a un puesto concreto || Perfil GitHub o portfolio con dos evidencias explicadas || Matriz de requisitos y brechas de tres ofertas,"CV, perfil y matriz de brechas",no,revisar_automaticamente_antes_de_publicar,2026-08-04
daw_hacktoberfest_2026__daw-prj-002,daw_hacktoberfest_2026,Hacktoberfest 2026,reto,DAW,5,DAW-PRJ-002,Presentar y defender una solución,Crear una presentación visual coherente y preparar una defensa breve.,Kit de marca en Canva,Canva Latinoamérica,https://www.youtube.com/watch?v=havARJ_ZQg8,https://www.youtube-nocookie.com/embed/havARJ_ZQg8?rel=0&enablejsapi=1&cc_load_policy=1,0,0,si,si,si,si,evidencia_entregada_y_criterio_superado,Pitch de 3 a 5 minutos con estructura || Demo sin depender de pasos improvisados || Responde preguntas técnicas y reconoce límites,Vídeo de pitch o presentación en directo,no,revisar_automaticamente_antes_de_publicar,2026-08-04
daw_opensouthcode_2026__daw-bas-004,daw_opensouthcode_2026,OpenSouthCode 2026,evento,DAW,1,DAW-BAS-004,Comprender cómo funciona una aplicación conectada,"Distinguir cliente, servidor, red, petición, respuesta y datos.",Fundamentos de Node.js,jonmircha,https://www.youtube.com/watch?v=0f26_Enlv38,https://www.youtube-nocookie.com/embed/0f26_Enlv38?rel=0&enablejsapi=1&cc_load_policy=1,0,0,si,si,si,si,evidencia_entregada_y_criterio_superado,"Dibuja el recorrido de una petición desde navegador o app hasta servidor || Diferencia frontend, backend y base de datos || Interpreta códigos HTTP comunes y una URL",Diagrama comentado de una aplicación sencilla,sí,revisar_automaticamente_antes_de_publicar,2026-08-04
daw_opensouthcode_2026__daw-si-002,daw_opensouthcode_2026,OpenSouthCode 2026,evento,DAW,2,DAW-SI-002,Aplicar red y seguridad básica,"Reconocer puertos, servicios y riesgos básicos de una aplicación conectada.",Fundamentos de Node.js,jonmircha,https://www.youtube.com/watch?v=0f26_Enlv38,https://www.youtube-nocookie.com/embed/0f26_Enlv38?rel=0&enablejsapi=1&cc_load_policy=1,0,0,si,si,si,si,evidencia_entregada_y_criterio_superado,"Configura una red local o servicio accesible de forma controlada || Diferencia autenticación, autorización y cifrado || Evita publicar secretos y define una estrategia de copia",Checklist de seguridad aplicado a un entorno de prueba,sí,revisar_automaticamente_antes_de_publicar,2026-08-04
daw_opensouthcode_2026__daw-bd-003,daw_opensouthcode_2026,OpenSouthCode 2026,evento,DAW,3,DAW-BD-003,"Mantener integridad, transacciones y acceso seguro","Aplicar restricciones, transacciones y permisos básicos en una base de datos.",Curso de SQL desde cero,MoureDev by Brais Moure,https://www.youtube.com/watch?v=OuJerKzV5T0,https://www.youtube-nocookie.com/embed/OuJerKzV5T0?rel=0&enablejsapi=1&cc_load_policy=1,0,0,si,si,si,si,evidencia_entregada_y_criterio_superado,Demuestra una transacción con confirmación y reversión || Crea un usuario con privilegios mínimos || Realiza y verifica una copia y restauración de prueba,Script y registro de una restauración controlada,no,revisar_automaticamente_antes_de_publicar,2026-08-04
daw_opensouthcode_2026__daw-ed-001,daw_opensouthcode_2026,OpenSouthCode 2026,evento,DAW,4,DAW-ED-001,Usar Git y un flujo de trabajo colaborativo,"Usar commits, ramas, repositorios remotos y pull requests.",Curso de Git y GitHub desde cero,MoureDev by Brais Moure,https://www.youtube.com/watch?v=3GymExBkKjE,https://www.youtube-nocookie.com/embed/3GymExBkKjE?rel=0&enablejsapi=1&cc_load_policy=1&end=14000,0,14000,si,si,si,si,evidencia_entregada_y_criterio_superado,Crea repositorio y commits atómicos con mensajes claros || Trabaja en una rama y abre un pull request || Resuelve un conflicto sencillo sin perder trabajo,"Repositorio con historial, rama y pull request",no,revisar_automaticamente_antes_de_publicar,2026-08-04
daw_opensouthcode_2026__daw-dig-001,daw_opensouthcode_2026,OpenSouthCode 2026,evento,DAW,5,DAW-DIG-001,"Analizar digitalización, datos e IA de forma responsable","Evaluar datos, automatización e IA con límites, trazabilidad y revisión humana.",Programación e inteligencia artificial responsable,MoureDev by Brais Moure,https://www.youtube.com/watch?v=uquw8yUKaYM,https://www.youtube-nocookie.com/embed/uquw8yUKaYM?rel=0&enablejsapi=1&cc_load_policy=1,0,0,si,si,si,si,evidencia_entregada_y_criterio_superado,"Modela un proceso antes y después de digitalizarlo || Identifica datos, riesgos y controles || Justifica cuándo una automatización o IA aporta valor",Mapa de proceso y ficha de riesgos,no,revisar_automaticamente_antes_de_publicar,2026-08-04
daw_nasa_space_apps_2026__daw-bas-004,daw_nasa_space_apps_2026,NASA Space Apps Challenge 2026,hackathon,DAW,1,DAW-BAS-004,Comprender cómo funciona una aplicación conectada,"Distinguir cliente, servidor, red, petición, respuesta y datos.",Fundamentos de Node.js,jonmircha,https://www.youtube.com/watch?v=0f26_Enlv38,https://www.youtube-nocookie.com/embed/0f26_Enlv38?rel=0&enablejsapi=1&cc_load_policy=1,0,0,si,si,si,si,evidencia_entregada_y_criterio_superado,"Dibuja el recorrido de una petición desde navegador o app hasta servidor || Diferencia frontend, backend y base de datos || Interpreta códigos HTTP comunes y una URL",Diagrama comentado de una aplicación sencilla,sí,revisar_automaticamente_antes_de_publicar,2026-08-04
daw_nasa_space_apps_2026__daw-lm-001,daw_nasa_space_apps_2026,NASA Space Apps Challenge 2026,hackathon,DAW,2,DAW-LM-001,Estructurar información con lenguajes de marcas,Estructurar información usando etiquetas semánticas y jerarquía correcta.,Curso de HTML,jonmircha,https://www.youtube.com/watch?v=-oK6zL01fNM,https://www.youtube-nocookie.com/embed/-oK6zL01fNM?rel=0&enablejsapi=1&cc_load_policy=1,0,0,si,si,si,si,evidencia_entregada_y_criterio_superado,"Usa estructura semántica y validable || Diferencia HTML, XML y JSON y sus casos de uso || Interpreta o genera datos estructurados",Conjunto de documentos validados y ejemplo de consumo,sí,revisar_automaticamente_antes_de_publicar,2026-08-04
daw_nasa_space_apps_2026__daw-dig-001,daw_nasa_space_apps_2026,NASA Space Apps Challenge 2026,hackathon,DAW,3,DAW-DIG-001,"Analizar digitalización, datos e IA de forma responsable","Evaluar datos, automatización e IA con límites, trazabilidad y revisión humana.",Programación e inteligencia artificial responsable,MoureDev by Brais Moure,https://www.youtube.com/watch?v=uquw8yUKaYM,https://www.youtube-nocookie.com/embed/uquw8yUKaYM?rel=0&enablejsapi=1&cc_load_policy=1,0,0,si,si,si,si,evidencia_entregada_y_criterio_superado,"Modela un proceso antes y después de digitalizarlo || Identifica datos, riesgos y controles || Justifica cuándo una automatización o IA aporta valor",Mapa de proceso y ficha de riesgos,no,revisar_automaticamente_antes_de_publicar,2026-08-04
daw_nasa_space_apps_2026__daw-prj-001,daw_nasa_space_apps_2026,NASA Space Apps Challenge 2026,hackathon,DAW,4,DAW-PRJ-001,Planificar y entregar un proyecto integrador,"Organizar la entrega de un proyecto mediante issues, ramas y revisión.",Curso de Git y GitHub desde cero,MoureDev by Brais Moure,https://www.youtube.com/watch?v=3GymExBkKjE,https://www.youtube-nocookie.com/embed/3GymExBkKjE?rel=0&enablejsapi=1&cc_load_policy=1&start=12100&end=13200,12100,13200,si,si,si,si,evidencia_entregada_y_criterio_superado,"El alcance y los criterios de aceptación están definidos || La solución funciona y está versionada || Incluye pruebas, documentación y una demo reproducible","Repositorio, demo, README, pruebas y presentación",no,revisar_automaticamente_antes_de_publicar,2026-08-04
daw_nasa_space_apps_2026__daw-prj-002,daw_nasa_space_apps_2026,NASA Space Apps Challenge 2026,hackathon,DAW,5,DAW-PRJ-002,Presentar y defender una solución,Crear una presentación visual coherente y preparar una defensa breve.,Kit de marca en Canva,Canva Latinoamérica,https://www.youtube.com/watch?v=havARJ_ZQg8,https://www.youtube-nocookie.com/embed/havARJ_ZQg8?rel=0&enablejsapi=1&cc_load_policy=1,0,0,si,si,si,si,evidencia_entregada_y_criterio_superado,Pitch de 3 a 5 minutos con estructura || Demo sin depender de pasos improvisados || Responde preguntas técnicas y reconoce límites,Vídeo de pitch o presentación en directo,no,revisar_automaticamente_antes_de_publicar,2026-08-04
daw_fp_andalucia_portal__daw-emp-001,daw_fp_andalucia_portal,Portal de Formación Profesional Andaluza,fuente_noticias,DAW,1,DAW-EMP-001,Preparar perfil profesional y candidatura,"Organizar CV, portfolio, evidencias y documentos de candidatura en una carpeta compartible.","Curso completo de Google Drive: organizar, compartir y colaborar",Carlos Cortés Academy,https://www.youtube.com/watch?v=xBaRjZUVSgc,https://www.youtube-nocookie.com/embed/xBaRjZUVSgc?rel=0&enablejsapi=1&cc_load_policy=1,0,0,si,si,si,si,evidencia_entregada_y_criterio_superado,CV adaptado a un puesto concreto || Perfil GitHub o portfolio con dos evidencias explicadas || Matriz de requisitos y brechas de tres ofertas,"CV, perfil y matriz de brechas",no,revisar_automaticamente_antes_de_publicar,2026-08-04
daw_fp_andalucia_portal__daw-bas-005,daw_fp_andalucia_portal,Portal de Formación Profesional Andaluza,fuente_noticias,DAW,2,DAW-BAS-005,Documentar errores y aprender mediante práctica,"Reproducir, aislar y documentar un error usando el depurador.",Visual Studio Code: curso para principiantes,HolaMundo,https://www.youtube.com/watch?v=Ei1y51K8jQk,https://www.youtube-nocookie.com/embed/Ei1y51K8jQk?rel=0&enablejsapi=1&cc_load_policy=1&start=1831&end=2500,1831,2500,si,si,si,si,evidencia_entregada_y_criterio_superado,Crea una plantilla de diario técnico || Documenta un error con pasos para reproducirlo || Distingue una fuente primaria de una explicación secundaria,Entrada de diario técnico con error resuelto,no,revisar_automaticamente_antes_de_publicar,2026-08-04
daw_todofp_perfil__daw-bas-004,daw_todofp_perfil,TodoFP: Desarrollo de Aplicaciones Web,fuente_noticias,DAW,1,DAW-BAS-004,Comprender cómo funciona una aplicación conectada,"Distinguir cliente, servidor, red, petición, respuesta y datos.",Fundamentos de Node.js,jonmircha,https://www.youtube.com/watch?v=0f26_Enlv38,https://www.youtube-nocookie.com/embed/0f26_Enlv38?rel=0&enablejsapi=1&cc_load_policy=1,0,0,si,si,si,si,evidencia_entregada_y_criterio_superado,"Dibuja el recorrido de una petición desde navegador o app hasta servidor || Diferencia frontend, backend y base de datos || Interpreta códigos HTTP comunes y una URL",Diagrama comentado de una aplicación sencilla,no,revisar_automaticamente_antes_de_publicar,2026-08-04
daw_todofp_perfil__daw-emp-001,daw_todofp_perfil,TodoFP: Desarrollo de Aplicaciones Web,fuente_noticias,DAW,2,DAW-EMP-001,Preparar perfil profesional y candidatura,"Organizar CV, portfolio, evidencias y documentos de candidatura en una carpeta compartible.","Curso completo de Google Drive: organizar, compartir y colaborar",Carlos Cortés Academy,https://www.youtube.com/watch?v=xBaRjZUVSgc,https://www.youtube-nocookie.com/embed/xBaRjZUVSgc?rel=0&enablejsapi=1&cc_load_policy=1,0,0,si,si,si,si,evidencia_entregada_y_criterio_superado,CV adaptado a un puesto concreto || Perfil GitHub o portfolio con dos evidencias explicadas || Matriz de requisitos y brechas de tres ofertas,"CV, perfil y matriz de brechas",no,revisar_automaticamente_antes_de_publicar,2026-08-04
daw_todofp_perfil__daw-bas-005,daw_todofp_perfil,TodoFP: Desarrollo de Aplicaciones Web,fuente_noticias,DAW,3,DAW-BAS-005,Documentar errores y aprender mediante práctica,"Reproducir, aislar y documentar un error usando el depurador.",Visual Studio Code: curso para principiantes,HolaMundo,https://www.youtube.com/watch?v=Ei1y51K8jQk,https://www.youtube-nocookie.com/embed/Ei1y51K8jQk?rel=0&enablejsapi=1&cc_load_policy=1&start=1831&end=2500,1831,2500,si,si,si,si,evidencia_entregada_y_criterio_superado,Crea una plantilla de diario técnico || Documenta un error con pasos para reproducirlo || Distingue una fuente primaria de una explicación secundaria,Entrada de diario técnico con error resuelto,no,revisar_automaticamente_antes_de_publicar,2026-08-04
daw_mdn_web_docs__daw-bas-004,daw_mdn_web_docs,MDN Web Docs,fuente_noticias,DAW,1,DAW-BAS-004,Comprender cómo funciona una aplicación conectada,"Distinguir cliente, servidor, red, petición, respuesta y datos.",Fundamentos de Node.js,jonmircha,https://www.youtube.com/watch?v=0f26_Enlv38,https://www.youtube-nocookie.com/embed/0f26_Enlv38?rel=0&enablejsapi=1&cc_load_policy=1,0,0,si,si,si,si,evidencia_entregada_y_criterio_superado,"Dibuja el recorrido de una petición desde navegador o app hasta servidor || Diferencia frontend, backend y base de datos || Interpreta códigos HTTP comunes y una URL",Diagrama comentado de una aplicación sencilla,no,revisar_automaticamente_antes_de_publicar,2026-08-04
daw_mdn_web_docs__daw-pro-001,daw_mdn_web_docs,MDN Web Docs,fuente_noticias,DAW,2,DAW-PRO-001,"Programar con variables, decisiones y bucles","Programar variables, validaciones y decisiones.",Curso de Java desde cero,MoureDev by Brais Moure,https://www.youtube.com/watch?v=JOAqpdM36wI,https://www.youtube-nocookie.com/embed/JOAqpdM36wI?rel=0&enablejsapi=1&cc_load_policy=1&start=5294&end=11115,5294,11115,si,si,si,si,evidencia_entregada_y_criterio_superado,Usa tipos de datos y operadores adecuados || Resuelve decisiones y repeticiones sin bucles infinitos || Valida entradas y prueba casos límite,Tres programas de consola con casos de prueba,no,revisar_automaticamente_antes_de_publicar,2026-08-04
daw_mdn_web_docs__daw-lm-001,daw_mdn_web_docs,MDN Web Docs,fuente_noticias,DAW,3,DAW-LM-001,Estructurar información con lenguajes de marcas,Estructurar información usando etiquetas semánticas y jerarquía correcta.,Curso de HTML,jonmircha,https://www.youtube.com/watch?v=-oK6zL01fNM,https://www.youtube-nocookie.com/embed/-oK6zL01fNM?rel=0&enablejsapi=1&cc_load_policy=1,0,0,si,si,si,si,evidencia_entregada_y_criterio_superado,"Usa estructura semántica y validable || Diferencia HTML, XML y JSON y sus casos de uso || Interpreta o genera datos estructurados",Conjunto de documentos validados y ejemplo de consumo,no,revisar_automaticamente_antes_de_publicar,2026-08-04
daw_mdn_web_docs__daw-lm-002,daw_mdn_web_docs,MDN Web Docs,fuente_noticias,DAW,4,DAW-LM-002,Presentar información de forma responsive,Construir una interfaz responsive y comprobarla en varios tamaños.,Responsive Web Design,jonmircha,https://www.youtube.com/watch?v=udGrXWeJp1Y,https://www.youtube-nocookie.com/embed/udGrXWeJp1Y?rel=0&enablejsapi=1&cc_load_policy=1,0,0,si,si,si,si,evidencia_entregada_y_criterio_superado,"Construye un layout con Flexbox o Grid || Se adapta a móvil, tableta y escritorio || Mantiene contraste, legibilidad y consistencia visual",Landing responsive publicada o capturas multiformato,no,revisar_automaticamente_antes_de_publicar,2026-08-04
daw_mdn_web_docs__daw-sus-001,daw_mdn_web_docs,MDN Web Docs,fuente_noticias,DAW,5,DAW-SUS-001,Aplicar sostenibilidad al desarrollo y operación,Identificar decisiones técnicas que reducen consumo y sobredimensionamiento.,Software Development and Sustainability,Beyond Coding,https://www.youtube.com/playlist?list=PLX6ivsCcfHDOzMIUioOofyF-h-niZL6Qj,https://www.youtube-nocookie.com/embed/videoseries?rel=0&enablejsapi=1&cc_load_policy=1&list=PLX6ivsCcfHDOzMIUioOofyF-h-niZL6Qj&listType=playlist,0,0,si,si,si,si,evidencia_entregada_y_criterio_superado,Identifica impactos ambientales y sociales de una solución || Propone medidas medibles de mejora || Incluye mantenimiento y fin de vida de datos o infraestructura,Checklist de sostenibilidad aplicado a un proyecto,no,revisar_automaticamente_antes_de_publicar,2026-08-04
daw_github_blog__daw-ed-001,daw_github_blog,The GitHub Blog,fuente_noticias,DAW,1,DAW-ED-001,Usar Git y un flujo de trabajo colaborativo,"Usar commits, ramas, repositorios remotos y pull requests.",Curso de Git y GitHub desde cero,MoureDev by Brais Moure,https://www.youtube.com/watch?v=3GymExBkKjE,https://www.youtube-nocookie.com/embed/3GymExBkKjE?rel=0&enablejsapi=1&cc_load_policy=1&end=14000,0,14000,si,si,si,si,evidencia_entregada_y_criterio_superado,Crea repositorio y commits atómicos con mensajes claros || Trabaja en una rama y abre un pull request || Resuelve un conflicto sencillo sin perder trabajo,"Repositorio con historial, rama y pull request",no,revisar_automaticamente_antes_de_publicar,2026-08-04
daw_github_blog__daw-si-002,daw_github_blog,The GitHub Blog,fuente_noticias,DAW,2,DAW-SI-002,Aplicar red y seguridad básica,"Reconocer puertos, servicios y riesgos básicos de una aplicación conectada.",Fundamentos de Node.js,jonmircha,https://www.youtube.com/watch?v=0f26_Enlv38,https://www.youtube-nocookie.com/embed/0f26_Enlv38?rel=0&enablejsapi=1&cc_load_policy=1,0,0,si,si,si,si,evidencia_entregada_y_criterio_superado,"Configura una red local o servicio accesible de forma controlada || Diferencia autenticación, autorización y cifrado || Evita publicar secretos y define una estrategia de copia",Checklist de seguridad aplicado a un entorno de prueba,no,revisar_automaticamente_antes_de_publicar,2026-08-04
daw_github_blog__daw-bd-003,daw_github_blog,The GitHub Blog,fuente_noticias,DAW,3,DAW-BD-003,"Mantener integridad, transacciones y acceso seguro","Aplicar restricciones, transacciones y permisos básicos en una base de datos.",Curso de SQL desde cero,MoureDev by Brais Moure,https://www.youtube.com/watch?v=OuJerKzV5T0,https://www.youtube-nocookie.com/embed/OuJerKzV5T0?rel=0&enablejsapi=1&cc_load_policy=1,0,0,si,si,si,si,evidencia_entregada_y_criterio_superado,Demuestra una transacción con confirmación y reversión || Crea un usuario con privilegios mínimos || Realiza y verifica una copia y restauración de prueba,Script y registro de una restauración controlada,no,revisar_automaticamente_antes_de_publicar,2026-08-04
daw_github_blog__daw-dig-001,daw_github_blog,The GitHub Blog,fuente_noticias,DAW,4,DAW-DIG-001,"Analizar digitalización, datos e IA de forma responsable","Evaluar datos, automatización e IA con límites, trazabilidad y revisión humana.",Programación e inteligencia artificial responsable,MoureDev by Brais Moure,https://www.youtube.com/watch?v=uquw8yUKaYM,https://www.youtube-nocookie.com/embed/uquw8yUKaYM?rel=0&enablejsapi=1&cc_load_policy=1,0,0,si,si,si,si,evidencia_entregada_y_criterio_superado,"Modela un proceso antes y después de digitalizarlo || Identifica datos, riesgos y controles || Justifica cuándo una automatización o IA aporta valor",Mapa de proceso y ficha de riesgos,no,revisar_automaticamente_antes_de_publicar,2026-08-04
daw_github_blog__daw-emp-001,daw_github_blog,The GitHub Blog,fuente_noticias,DAW,5,DAW-EMP-001,Preparar perfil profesional y candidatura,"Organizar CV, portfolio, evidencias y documentos de candidatura en una carpeta compartible.","Curso completo de Google Drive: organizar, compartir y colaborar",Carlos Cortés Academy,https://www.youtube.com/watch?v=xBaRjZUVSgc,https://www.youtube-nocookie.com/embed/xBaRjZUVSgc?rel=0&enablejsapi=1&cc_load_policy=1,0,0,si,si,si,si,evidencia_entregada_y_criterio_superado,CV adaptado a un puesto concreto || Perfil GitHub o portfolio con dos evidencias explicadas || Matriz de requisitos y brechas de tres ofertas,"CV, perfil y matriz de brechas",no,revisar_automaticamente_antes_de_publicar,2026-08-04
daw_evidencia_portfolio_accesible__daw-lm-002,daw_evidencia_portfolio_accesible,Portfolio responsive y accesible,evidencia_recomendada,DAW,1,DAW-LM-002,Presentar información de forma responsive,Construir una interfaz responsive y comprobarla en varios tamaños.,Responsive Web Design,jonmircha,https://www.youtube.com/watch?v=udGrXWeJp1Y,https://www.youtube-nocookie.com/embed/udGrXWeJp1Y?rel=0&enablejsapi=1&cc_load_policy=1,0,0,si,si,si,si,evidencia_entregada_y_criterio_superado,"Construye un layout con Flexbox o Grid || Se adapta a móvil, tableta y escritorio || Mantiene contraste, legibilidad y consistencia visual",Landing responsive publicada o capturas multiformato,no,revisar_automaticamente_antes_de_publicar,2026-08-04
daw_evidencia_portfolio_accesible__daw-lm-001,daw_evidencia_portfolio_accesible,Portfolio responsive y accesible,evidencia_recomendada,DAW,2,DAW-LM-001,Estructurar información con lenguajes de marcas,Estructurar información usando etiquetas semánticas y jerarquía correcta.,Curso de HTML,jonmircha,https://www.youtube.com/watch?v=-oK6zL01fNM,https://www.youtube-nocookie.com/embed/-oK6zL01fNM?rel=0&enablejsapi=1&cc_load_policy=1,0,0,si,si,si,si,evidencia_entregada_y_criterio_superado,"Usa estructura semántica y validable || Diferencia HTML, XML y JSON y sus casos de uso || Interpreta o genera datos estructurados",Conjunto de documentos validados y ejemplo de consumo,no,revisar_automaticamente_antes_de_publicar,2026-08-04
daw_evidencia_portfolio_accesible__daw-sus-001,daw_evidencia_portfolio_accesible,Portfolio responsive y accesible,evidencia_recomendada,DAW,3,DAW-SUS-001,Aplicar sostenibilidad al desarrollo y operación,Identificar decisiones técnicas que reducen consumo y sobredimensionamiento.,Software Development and Sustainability,Beyond Coding,https://www.youtube.com/playlist?list=PLX6ivsCcfHDOzMIUioOofyF-h-niZL6Qj,https://www.youtube-nocookie.com/embed/videoseries?rel=0&enablejsapi=1&cc_load_policy=1&list=PLX6ivsCcfHDOzMIUioOofyF-h-niZL6Qj&listType=playlist,0,0,si,si,si,si,evidencia_entregada_y_criterio_superado,Identifica impactos ambientales y sociales de una solución || Propone medidas medibles de mejora || Incluye mantenimiento y fin de vida de datos o infraestructura,Checklist de sostenibilidad aplicado a un proyecto,no,revisar_automaticamente_antes_de_publicar,2026-08-04
daw_evidencia_portfolio_accesible__daw-emp-001,daw_evidencia_portfolio_accesible,Portfolio responsive y accesible,evidencia_recomendada,DAW,4,DAW-EMP-001,Preparar perfil profesional y candidatura,"Organizar CV, portfolio, evidencias y documentos de candidatura en una carpeta compartible.","Curso completo de Google Drive: organizar, compartir y colaborar",Carlos Cortés Academy,https://www.youtube.com/watch?v=xBaRjZUVSgc,https://www.youtube-nocookie.com/embed/xBaRjZUVSgc?rel=0&enablejsapi=1&cc_load_policy=1,0,0,si,si,si,si,evidencia_entregada_y_criterio_superado,CV adaptado a un puesto concreto || Perfil GitHub o portfolio con dos evidencias explicadas || Matriz de requisitos y brechas de tres ofertas,"CV, perfil y matriz de brechas",no,revisar_automaticamente_antes_de_publicar,2026-08-04
daw_evidencia_portfolio_accesible__daw-prj-001,daw_evidencia_portfolio_accesible,Portfolio responsive y accesible,evidencia_recomendada,DAW,5,DAW-PRJ-001,Planificar y entregar un proyecto integrador,"Organizar la entrega de un proyecto mediante issues, ramas y revisión.",Curso de Git y GitHub desde cero,MoureDev by Brais Moure,https://www.youtube.com/watch?v=3GymExBkKjE,https://www.youtube-nocookie.com/embed/3GymExBkKjE?rel=0&enablejsapi=1&cc_load_policy=1&start=12100&end=13200,12100,13200,si,si,si,si,evidencia_entregada_y_criterio_superado,"El alcance y los criterios de aceptación están definidos || La solución funciona y está versionada || Incluye pruebas, documentación y una demo reproducible","Repositorio, demo, README, pruebas y presentación",no,revisar_automaticamente_antes_de_publicar,2026-08-04
daw_evidencia_dashboard_fullstack__daw-cli-003,daw_evidencia_dashboard_fullstack,Dashboard full-stack con autenticación,evidencia_recomendada,DAW,1,DAW-CLI-003,Construir interfaces basadas en componentes,"Construir una interfaz con componentes, propiedades y estado.",Curso de React,jonmircha,https://www.youtube.com/playlist?list=PLvq-jIkSeTUZ5XcUw8fJPTBKEHEKPMTKk,https://www.youtube-nocookie.com/embed/videoseries?rel=0&enablejsapi=1&cc_load_policy=1&list=PLvq-jIkSeTUZ5XcUw8fJPTBKEHEKPMTKk&listType=playlist,0,0,si,si,si,si,evidencia_entregada_y_criterio_superado,Los componentes tienen responsabilidades claras || El estado se ubica en el nivel adecuado || La navegación y formularios mantienen consistencia,Aplicación de varias vistas con componentes reutilizables,no,revisar_automaticamente_antes_de_publicar,2026-08-04
daw_evidencia_dashboard_fullstack__daw-srv-002,daw_evidencia_dashboard_fullstack,Dashboard full-stack con autenticación,evidencia_recomendada,DAW,2,DAW-SRV-002,Implementar autenticación y autorización seguras,"Implementar sesión o token, rutas protegidas y control de permisos.",Node.js y Express: API y servidor web,jonmircha,https://www.youtube.com/watch?v=tDF644vI-gs,https://www.youtube-nocookie.com/embed/tDF644vI-gs?rel=0&enablejsapi=1&cc_load_policy=1,0,0,si,si,si,si,evidencia_entregada_y_criterio_superado,"Las contraseñas no se almacenan en claro || Las rutas verifican identidad y permisos || Se controlan sesión, expiración y errores sin filtrar secretos","Aplicación con login, roles y pruebas de acceso",no,revisar_automaticamente_antes_de_publicar,2026-08-04
daw_evidencia_dashboard_fullstack__daw-bd-001,daw_evidencia_dashboard_fullstack,Dashboard full-stack con autenticación,evidencia_recomendada,DAW,3,DAW-BD-001,Modelar datos relacionales,"Crear un modelo relacional con entidades, relaciones y claves.",Diseño de bases de datos,jonmircha,https://www.youtube.com/watch?v=HXE169-n5pM,https://www.youtube-nocookie.com/embed/HXE169-n5pM?rel=0&enablejsapi=1&cc_load_policy=1,0,0,si,si,si,si,evidencia_entregada_y_criterio_superado,"Identifica entidades y relaciones de un caso || Normaliza hasta un diseño razonable || Define claves primarias, foráneas y restricciones",Diagrama entidad-relación y modelo relacional,no,revisar_automaticamente_antes_de_publicar,2026-08-04
daw_evidencia_dashboard_fullstack__daw-bas-005,daw_evidencia_dashboard_fullstack,Dashboard full-stack con autenticación,evidencia_recomendada,DAW,4,DAW-BAS-005,Documentar errores y aprender mediante práctica,"Reproducir, aislar y documentar un error usando el depurador.",Visual Studio Code: curso para principiantes,HolaMundo,https://www.youtube.com/watch?v=Ei1y51K8jQk,https://www.youtube-nocookie.com/embed/Ei1y51K8jQk?rel=0&enablejsapi=1&cc_load_policy=1&start=1831&end=2500,1831,2500,si,si,si,si,evidencia_entregada_y_criterio_superado,Crea una plantilla de diario técnico || Documenta un error con pasos para reproducirlo || Distingue una fuente primaria de una explicación secundaria,Entrada de diario técnico con error resuelto,no,revisar_automaticamente_antes_de_publicar,2026-08-04
daw_evidencia_dashboard_fullstack__daw-lm-001,daw_evidencia_dashboard_fullstack,Dashboard full-stack con autenticación,evidencia_recomendada,DAW,5,DAW-LM-001,Estructurar información con lenguajes de marcas,Estructurar información usando etiquetas semánticas y jerarquía correcta.,Curso de HTML,jonmircha,https://www.youtube.com/watch?v=-oK6zL01fNM,https://www.youtube-nocookie.com/embed/-oK6zL01fNM?rel=0&enablejsapi=1&cc_load_policy=1,0,0,si,si,si,si,evidencia_entregada_y_criterio_superado,"Usa estructura semántica y validable || Diferencia HTML, XML y JSON y sus casos de uso || Interpreta o genera datos estructurados",Conjunto de documentos validados y ejemplo de consumo,no,revisar_automaticamente_antes_de_publicar,2026-08-04
daw_evidencia_api_openapi__daw-srv-001,daw_evidencia_api_openapi,API REST documentada con OpenAPI,evidencia_recomendada,DAW,1,DAW-SRV-001,"Crear rutas, validación y lógica de servidor","Crear rutas, validar entrada y separar lógica de servidor.",Node.js y Express: API y servidor web,jonmircha,https://www.youtube.com/watch?v=tDF644vI-gs,https://www.youtube-nocookie.com/embed/tDF644vI-gs?rel=0&enablejsapi=1&cc_load_policy=1,0,0,si,si,si,si,evidencia_entregada_y_criterio_superado,Define rutas y métodos HTTP coherentes || Valida entrada en servidor y devuelve errores útiles || Separa reglas de negocio de acceso a datos,Backend con CRUD validado y documentación de endpoints,no,revisar_automaticamente_antes_de_publicar,2026-08-04
daw_evidencia_api_openapi__daw-bas-005,daw_evidencia_api_openapi,API REST documentada con OpenAPI,evidencia_recomendada,DAW,2,DAW-BAS-005,Documentar errores y aprender mediante práctica,"Reproducir, aislar y documentar un error usando el depurador.",Visual Studio Code: curso para principiantes,HolaMundo,https://www.youtube.com/watch?v=Ei1y51K8jQk,https://www.youtube-nocookie.com/embed/Ei1y51K8jQk?rel=0&enablejsapi=1&cc_load_policy=1&start=1831&end=2500,1831,2500,si,si,si,si,evidencia_entregada_y_criterio_superado,Crea una plantilla de diario técnico || Documenta un error con pasos para reproducirlo || Distingue una fuente primaria de una explicación secundaria,Entrada de diario técnico con error resuelto,no,revisar_automaticamente_antes_de_publicar,2026-08-04
daw_evidencia_api_openapi__daw-cli-002,daw_evidencia_api_openapi,API REST documentada con OpenAPI,evidencia_recomendada,DAW,3,DAW-CLI-002,Consumir APIs y gestionar asincronía,"Consumir APIs, trabajar con promesas y gestionar errores asíncronos.",Curso de JavaScript,jonmircha,https://www.youtube.com/playlist?list=PLvq-jIkSeTUZ6QgYYO3MwG9EMqC-KoLXA,https://www.youtube-nocookie.com/embed/videoseries?rel=0&enablejsapi=1&cc_load_policy=1&list=PLvq-jIkSeTUZ6QgYYO3MwG9EMqC-KoLXA&listType=playlist,0,0,si,si,si,si,evidencia_entregada_y_criterio_superado,"Consume una API con estados de carga, éxito y error || Valida y transforma la respuesta antes de mostrarla || Evita exponer claves y documenta límites de la API",Cliente web conectado a una API pública o propia,no,revisar_automaticamente_antes_de_publicar,2026-08-04
daw_evidencia_api_openapi__daw-srv-003,daw_evidencia_api_openapi,API REST documentada con OpenAPI,evidencia_recomendada,DAW,4,DAW-SRV-003,Persistir datos y exponer una API mantenible,Exponer una API REST mantenible y conectarla a persistencia.,Node.js y Express: API y servidor web,jonmircha,https://www.youtube.com/watch?v=tDF644vI-gs,https://www.youtube-nocookie.com/embed/tDF644vI-gs?rel=0&enablejsapi=1&cc_load_policy=1,0,0,si,si,si,si,evidencia_entregada_y_criterio_superado,"Usa migraciones o scripts reproducibles || Gestiona relaciones y transacciones críticas || Documenta contrato, paginación y errores",API persistente con esquema y colección de pruebas,no,revisar_automaticamente_antes_de_publicar,2026-08-04
daw_evidencia_api_openapi__daw-bas-004,daw_evidencia_api_openapi,API REST documentada con OpenAPI,evidencia_recomendada,DAW,5,DAW-BAS-004,Comprender cómo funciona una aplicación conectada,"Distinguir cliente, servidor, red, petición, respuesta y datos.",Fundamentos de Node.js,jonmircha,https://www.youtube.com/watch?v=0f26_Enlv38,https://www.youtube-nocookie.com/embed/0f26_Enlv38?rel=0&enablejsapi=1&cc_load_policy=1,0,0,si,si,si,si,evidencia_entregada_y_criterio_superado,"Dibuja el recorrido de una petición desde navegador o app hasta servidor || Diferencia frontend, backend y base de datos || Interpreta códigos HTTP comunes y una URL",Diagrama comentado de una aplicación sencilla,no,revisar_automaticamente_antes_de_publicar,2026-08-04
daw_evidencia_pwa_offline__daw-bas-004,daw_evidencia_pwa_offline,PWA instalable con modo offline,evidencia_recomendada,DAW,1,DAW-BAS-004,Comprender cómo funciona una aplicación conectada,"Distinguir cliente, servidor, red, petición, respuesta y datos.",Fundamentos de Node.js,jonmircha,https://www.youtube.com/watch?v=0f26_Enlv38,https://www.youtube-nocookie.com/embed/0f26_Enlv38?rel=0&enablejsapi=1&cc_load_policy=1,0,0,si,si,si,si,evidencia_entregada_y_criterio_superado,"Dibuja el recorrido de una petición desde navegador o app hasta servidor || Diferencia frontend, backend y base de datos || Interpreta códigos HTTP comunes y una URL",Diagrama comentado de una aplicación sencilla,no,revisar_automaticamente_antes_de_publicar,2026-08-04
daw_evidencia_pwa_offline__daw-ui-003,daw_evidencia_pwa_offline,PWA instalable con modo offline,evidencia_recomendada,DAW,2,DAW-UI-003,"Optimizar rendimiento, SEO técnico y compatibilidad","Optimizar carga, compatibilidad, instalación y comportamiento offline.",Curso de Progressive Web Apps,jonmircha,https://www.youtube.com/playlist?list=PLvq-jIkSeTUYIw8CP2AP7QJs4GeeZdvs6,https://www.youtube-nocookie.com/embed/videoseries?rel=0&enablejsapi=1&cc_load_policy=1&list=PLvq-jIkSeTUYIw8CP2AP7QJs4GeeZdvs6&listType=playlist,0,0,si,si,si,si,evidencia_entregada_y_criterio_superado,Optimiza imágenes y carga de recursos || Incluye metadatos y estructura indexable cuando procede || Comprueba rendimiento y compatibilidad del flujo principal,Informe antes/después con métricas y cambios,no,revisar_automaticamente_antes_de_publicar,2026-08-04
daw_evidencia_pwa_offline__daw-bas-005,daw_evidencia_pwa_offline,PWA instalable con modo offline,evidencia_recomendada,DAW,3,DAW-BAS-005,Documentar errores y aprender mediante práctica,"Reproducir, aislar y documentar un error usando el depurador.",Visual Studio Code: curso para principiantes,HolaMundo,https://www.youtube.com/watch?v=Ei1y51K8jQk,https://www.youtube-nocookie.com/embed/Ei1y51K8jQk?rel=0&enablejsapi=1&cc_load_policy=1&start=1831&end=2500,1831,2500,si,si,si,si,evidencia_entregada_y_criterio_superado,Crea una plantilla de diario técnico || Documenta un error con pasos para reproducirlo || Distingue una fuente primaria de una explicación secundaria,Entrada de diario técnico con error resuelto,no,revisar_automaticamente_antes_de_publicar,2026-08-04
daw_ies_zaidin_vergeles__daw-emp-001,daw_ies_zaidin_vergeles,IES Zaidín-Vergeles,instituto,DAW,1,DAW-EMP-001,Preparar perfil profesional y candidatura,"Organizar CV, portfolio, evidencias y documentos de candidatura en una carpeta compartible.","Curso completo de Google Drive: organizar, compartir y colaborar",Carlos Cortés Academy,https://www.youtube.com/watch?v=xBaRjZUVSgc,https://www.youtube-nocookie.com/embed/xBaRjZUVSgc?rel=0&enablejsapi=1&cc_load_policy=1,0,0,si,si,si,si,evidencia_entregada_y_criterio_superado,CV adaptado a un puesto concreto || Perfil GitHub o portfolio con dos evidencias explicadas || Matriz de requisitos y brechas de tres ofertas,"CV, perfil y matriz de brechas",no,revisar_automaticamente_antes_de_publicar,2026-08-04
daw_ies_zaidin_vergeles__daw-bas-005,daw_ies_zaidin_vergeles,IES Zaidín-Vergeles,instituto,DAW,2,DAW-BAS-005,Documentar errores y aprender mediante práctica,"Reproducir, aislar y documentar un error usando el depurador.",Visual Studio Code: curso para principiantes,HolaMundo,https://www.youtube.com/watch?v=Ei1y51K8jQk,https://www.youtube-nocookie.com/embed/Ei1y51K8jQk?rel=0&enablejsapi=1&cc_load_policy=1&start=1831&end=2500,1831,2500,si,si,si,si,evidencia_entregada_y_criterio_superado,Crea una plantilla de diario técnico || Documenta un error con pasos para reproducirlo || Distingue una fuente primaria de una explicación secundaria,Entrada de diario técnico con error resuelto,no,revisar_automaticamente_antes_de_publicar,2026-08-04
daw_ies_alonso_cano_durcal__daw-bas-004,daw_ies_alonso_cano_durcal,IES Alonso Cano de Dúrcal,instituto,DAW,1,DAW-BAS-004,Comprender cómo funciona una aplicación conectada,"Distinguir cliente, servidor, red, petición, respuesta y datos.",Fundamentos de Node.js,jonmircha,https://www.youtube.com/watch?v=0f26_Enlv38,https://www.youtube-nocookie.com/embed/0f26_Enlv38?rel=0&enablejsapi=1&cc_load_policy=1,0,0,si,si,si,si,evidencia_entregada_y_criterio_superado,"Dibuja el recorrido de una petición desde navegador o app hasta servidor || Diferencia frontend, backend y base de datos || Interpreta códigos HTTP comunes y una URL",Diagrama comentado de una aplicación sencilla,no,revisar_automaticamente_antes_de_publicar,2026-08-04
daw_ies_alonso_cano_durcal__daw-emp-001,daw_ies_alonso_cano_durcal,IES Alonso Cano de Dúrcal,instituto,DAW,2,DAW-EMP-001,Preparar perfil profesional y candidatura,"Organizar CV, portfolio, evidencias y documentos de candidatura en una carpeta compartible.","Curso completo de Google Drive: organizar, compartir y colaborar",Carlos Cortés Academy,https://www.youtube.com/watch?v=xBaRjZUVSgc,https://www.youtube-nocookie.com/embed/xBaRjZUVSgc?rel=0&enablejsapi=1&cc_load_policy=1,0,0,si,si,si,si,evidencia_entregada_y_criterio_superado,CV adaptado a un puesto concreto || Perfil GitHub o portfolio con dos evidencias explicadas || Matriz de requisitos y brechas de tres ofertas,"CV, perfil y matriz de brechas",no,revisar_automaticamente_antes_de_publicar,2026-08-04
daw_ies_alonso_cano_durcal__daw-bas-005,daw_ies_alonso_cano_durcal,IES Alonso Cano de Dúrcal,instituto,DAW,3,DAW-BAS-005,Documentar errores y aprender mediante práctica,"Reproducir, aislar y documentar un error usando el depurador.",Visual Studio Code: curso para principiantes,HolaMundo,https://www.youtube.com/watch?v=Ei1y51K8jQk,https://www.youtube-nocookie.com/embed/Ei1y51K8jQk?rel=0&enablejsapi=1&cc_load_policy=1&start=1831&end=2500,1831,2500,si,si,si,si,evidencia_entregada_y_criterio_superado,Crea una plantilla de diario técnico || Documenta un error con pasos para reproducirlo || Distingue una fuente primaria de una explicación secundaria,Entrada de diario técnico con error resuelto,no,revisar_automaticamente_antes_de_publicar,2026-08-04
daw_etsiit_ugr_recurso_local__daw-cli-001,daw_etsiit_ugr_recurso_local,ETSIIT Universidad de Granada,instituto,DAW,1,DAW-CLI-001,Programar interacción con JavaScript en el navegador,"Programar eventos, DOM, formularios y estado de interfaz.",Curso de JavaScript,jonmircha,https://www.youtube.com/playlist?list=PLvq-jIkSeTUZ6QgYYO3MwG9EMqC-KoLXA,https://www.youtube-nocookie.com/embed/videoseries?rel=0&enablejsapi=1&cc_load_policy=1&list=PLvq-jIkSeTUZ6QgYYO3MwG9EMqC-KoLXA&listType=playlist,0,0,si,si,si,si,evidencia_entregada_y_criterio_superado,Manipula contenido y eventos sin recargas innecesarias || Valida formularios y muestra errores accesibles || Organiza código en módulos y evita variables globales,Aplicación web interactiva con formularios y estado local,no,revisar_automaticamente_antes_de_publicar,2026-08-04
daw_etsiit_ugr_recurso_local__daw-emp-001,daw_etsiit_ugr_recurso_local,ETSIIT Universidad de Granada,instituto,DAW,2,DAW-EMP-001,Preparar perfil profesional y candidatura,"Organizar CV, portfolio, evidencias y documentos de candidatura en una carpeta compartible.","Curso completo de Google Drive: organizar, compartir y colaborar",Carlos Cortés Academy,https://www.youtube.com/watch?v=xBaRjZUVSgc,https://www.youtube-nocookie.com/embed/xBaRjZUVSgc?rel=0&enablejsapi=1&cc_load_policy=1,0,0,si,si,si,si,evidencia_entregada_y_criterio_superado,CV adaptado a un puesto concreto || Perfil GitHub o portfolio con dos evidencias explicadas || Matriz de requisitos y brechas de tres ofertas,"CV, perfil y matriz de brechas",no,revisar_automaticamente_antes_de_publicar,2026-08-04
daw_etsiit_ugr_recurso_local__daw-bas-005,daw_etsiit_ugr_recurso_local,ETSIIT Universidad de Granada,instituto,DAW,3,DAW-BAS-005,Documentar errores y aprender mediante práctica,"Reproducir, aislar y documentar un error usando el depurador.",Visual Studio Code: curso para principiantes,HolaMundo,https://www.youtube.com/watch?v=Ei1y51K8jQk,https://www.youtube-nocookie.com/embed/Ei1y51K8jQk?rel=0&enablejsapi=1&cc_load_policy=1&start=1831&end=2500,1831,2500,si,si,si,si,evidencia_entregada_y_criterio_superado,Crea una plantilla de diario técnico || Documenta un error con pasos para reproducirlo || Distingue una fuente primaria de una explicación secundaria,Entrada de diario técnico con error resuelto,no,revisar_automaticamente_antes_de_publicar,2026-08-04
dam_andalucia_vuela_iniciacion_programacion__dam-pro-001,dam_andalucia_vuela_iniciacion_programacion,Iniciación a la programación,curso_basico,DAM,1,DAM-PRO-001,"Programar con variables, decisiones y bucles","Programar variables, validaciones y decisiones.",Curso de Java desde cero,MoureDev by Brais Moure,https://www.youtube.com/watch?v=JOAqpdM36wI,https://www.youtube-nocookie.com/embed/JOAqpdM36wI?rel=0&enablejsapi=1&cc_load_policy=1&start=5294&end=11115,5294,11115,si,si,si,si,evidencia_entregada_y_criterio_superado,Usa tipos de datos y operadores adecuados || Resuelve decisiones y repeticiones sin bucles infinitos || Valida entradas y prueba casos límite,Tres programas de consola con casos de prueba,no,revisar_automaticamente_antes_de_publicar,2026-08-04
dam_andalucia_vuela_iniciacion_programacion__dam-bas-003,dam_andalucia_vuela_iniciacion_programacion,Iniciación a la programación,curso_basico,DAM,2,DAM-BAS-003,Resolver problemas mediante algoritmos simples,"Traducir un problema sencillo a pasos, decisiones y repeticiones.",Hablemos de programación: fundamentos y pensamiento lógico,jonmircha,https://www.youtube.com/watch?v=BjYrguKBfCo,https://www.youtube-nocookie.com/embed/BjYrguKBfCo?rel=0&enablejsapi=1&cc_load_policy=1,0,0,si,si,si,si,evidencia_entregada_y_criterio_superado,Redacta pseudocódigo de tres problemas cotidianos || Identifica condiciones y bucles necesarios || Prueba casos normales y casos límite,Documento con tres algoritmos y tabla de pruebas,no,revisar_automaticamente_antes_de_publicar,2026-08-04
dam_andalucia_vuela_iniciacion_programacion__dam-pro-002,dam_andalucia_vuela_iniciacion_programacion,Iniciación a la programación,curso_basico,DAM,3,DAM-PRO-002,Diseñar funciones y trabajar con colecciones,Separar lógica en funciones y manipular colecciones.,Curso de Java desde cero,MoureDev by Brais Moure,https://www.youtube.com/watch?v=JOAqpdM36wI,https://www.youtube-nocookie.com/embed/JOAqpdM36wI?rel=0&enablejsapi=1&cc_load_policy=1&start=11115&end=19586,11115,19586,si,si,si,si,evidencia_entregada_y_criterio_superado,"Separa responsabilidades en funciones pequeñas || Recorre y transforma colecciones correctamente || Gestiona búsquedas, ordenación o agregación básica",Aplicación de consola modular con colección de objetos o datos,no,revisar_automaticamente_antes_de_publicar,2026-08-04
dam_andalucia_vuela_iniciacion_programacion__dam-pro-003,dam_andalucia_vuela_iniciacion_programacion,Iniciación a la programación,curso_basico,DAM,4,DAM-PRO-003,Aplicar programación orientada a objetos,"Modelar clases, objetos, encapsulación y composición.",Curso de Java desde cero,MoureDev by Brais Moure,https://www.youtube.com/watch?v=JOAqpdM36wI,https://www.youtube-nocookie.com/embed/JOAqpdM36wI?rel=0&enablejsapi=1&cc_load_policy=1&start=19586&end=27441,19586,27441,si,si,si,si,evidencia_entregada_y_criterio_superado,Define clases con responsabilidades claras || Protege invariantes mediante encapsulación || Usa composición o interfaces y justifica el diseño,Proyecto orientado a objetos con diagrama y README,no,revisar_automaticamente_antes_de_publicar,2026-08-04
dam_andalucia_vuela_iniciacion_programacion__dam-pro-004,dam_andalucia_vuela_iniciacion_programacion,Iniciación a la programación,curso_basico,DAM,5,DAM-PRO-004,"Gestionar errores, ficheros y pruebas",Gestionar excepciones y usar el depurador.,Curso de Java desde cero,MoureDev by Brais Moure,https://www.youtube.com/watch?v=JOAqpdM36wI,https://www.youtube-nocookie.com/embed/JOAqpdM36wI?rel=0&enablejsapi=1&cc_load_policy=1&start=27441&end=30500,27441,30500,si,si,si,si,evidencia_entregada_y_criterio_superado,Maneja errores sin ocultarlos ni bloquear la aplicación || Lee y escribe datos de forma segura || Incluye pruebas para lógica importante y casos límite,Repositorio con pruebas y tratamiento de errores,no,revisar_automaticamente_antes_de_publicar,2026-08-04
dam_dev_java_learn__dam-pro-003,dam_dev_java_learn,Learn Java,curso_basico,DAM,1,DAM-PRO-003,Aplicar programación orientada a objetos,"Modelar clases, objetos, encapsulación y composición.",Curso de Java desde cero,MoureDev by Brais Moure,https://www.youtube.com/watch?v=JOAqpdM36wI,https://www.youtube-nocookie.com/embed/JOAqpdM36wI?rel=0&enablejsapi=1&cc_load_policy=1&start=19586&end=27441,19586,27441,si,si,si,si,evidencia_entregada_y_criterio_superado,Define clases con responsabilidades claras || Protege invariantes mediante encapsulación || Usa composición o interfaces y justifica el diseño,Proyecto orientado a objetos con diagrama y README,no,revisar_automaticamente_antes_de_publicar,2026-08-04
dam_dev_java_learn__dam-pro-002,dam_dev_java_learn,Learn Java,curso_basico,DAM,2,DAM-PRO-002,Diseñar funciones y trabajar con colecciones,Separar lógica en funciones y manipular colecciones.,Curso de Java desde cero,MoureDev by Brais Moure,https://www.youtube.com/watch?v=JOAqpdM36wI,https://www.youtube-nocookie.com/embed/JOAqpdM36wI?rel=0&enablejsapi=1&cc_load_policy=1&start=11115&end=19586,11115,19586,si,si,si,si,evidencia_entregada_y_criterio_superado,"Separa responsabilidades en funciones pequeñas || Recorre y transforma colecciones correctamente || Gestiona búsquedas, ordenación o agregación básica",Aplicación de consola modular con colección de objetos o datos,no,revisar_automaticamente_antes_de_publicar,2026-08-04
dam_dev_java_learn__dam-pro-001,dam_dev_java_learn,Learn Java,curso_basico,DAM,3,DAM-PRO-001,"Programar con variables, decisiones y bucles","Programar variables, validaciones y decisiones.",Curso de Java desde cero,MoureDev by Brais Moure,https://www.youtube.com/watch?v=JOAqpdM36wI,https://www.youtube-nocookie.com/embed/JOAqpdM36wI?rel=0&enablejsapi=1&cc_load_policy=1&start=5294&end=11115,5294,11115,si,si,si,si,evidencia_entregada_y_criterio_superado,Usa tipos de datos y operadores adecuados || Resuelve decisiones y repeticiones sin bucles infinitos || Valida entradas y prueba casos límite,Tres programas de consola con casos de prueba,no,revisar_automaticamente_antes_de_publicar,2026-08-04
dam_dev_java_learn__dam-bas-005,dam_dev_java_learn,Learn Java,curso_basico,DAM,4,DAM-BAS-005,Documentar errores y aprender mediante práctica,"Reproducir, aislar y documentar un error usando el depurador.",Visual Studio Code: curso para principiantes,HolaMundo,https://www.youtube.com/watch?v=Ei1y51K8jQk,https://www.youtube-nocookie.com/embed/Ei1y51K8jQk?rel=0&enablejsapi=1&cc_load_policy=1&start=1831&end=2500,1831,2500,si,si,si,si,evidencia_entregada_y_criterio_superado,Crea una plantilla de diario técnico || Documenta un error con pasos para reproducirlo || Distingue una fuente primaria de una explicación secundaria,Entrada de diario técnico con error resuelto,no,revisar_automaticamente_antes_de_publicar,2026-08-04
dam_android_basics_compose__dam-mob-001,dam_android_basics_compose,Android Basics with Compose,curso_basico,DAM,1,DAM-MOB-001,Crear una aplicación móvil con navegación y estado,"Crear navegación, pantallas y gestión de estado en una app móvil.",Welcome to Android Basics with Compose,Android Developers,https://www.youtube.com/watch?v=lNKk-RSL7wg,https://www.youtube-nocookie.com/embed/lNKk-RSL7wg?rel=0&enablejsapi=1&cc_load_policy=1,0,0,si,si,si,si,evidencia_entregada_y_criterio_superado,Implementa varias pantallas y navegación || Gestiona estado y ciclo de vida sin pérdida inesperada || Adapta recursos a tamaños y orientaciones,APK o build de prueba con vídeo de uso,no,revisar_automaticamente_antes_de_publicar,2026-08-04
dam_android_basics_compose__dam-ui-001,dam_android_basics_compose,Android Basics with Compose,curso_basico,DAM,2,DAM-UI-001,Construir interfaces de escritorio o multiplataforma,Construir pantallas declarativas con componentes y estado.,Welcome to Android Basics with Compose,Android Developers,https://www.youtube.com/watch?v=lNKk-RSL7wg,https://www.youtube-nocookie.com/embed/lNKk-RSL7wg?rel=0&enablejsapi=1&cc_load_policy=1,0,0,si,si,si,si,evidencia_entregada_y_criterio_superado,"La interfaz mantiene estado coherente || Valida datos y comunica errores || Separa vista, lógica y datos mediante un patrón reconocible",Aplicación de escritorio o multiplataforma con varias vistas,no,revisar_automaticamente_antes_de_publicar,2026-08-04
dam_android_basics_compose__dam-mob-002,dam_android_basics_compose,Android Basics with Compose,curso_basico,DAM,3,DAM-MOB-002,"Integrar datos, red y capacidades del dispositivo","Integrar red, repositorios, almacenamiento y ciclo de vida.",How to build a data layer,Android Developers,https://www.youtube.com/watch?v=P125nWICYps,https://www.youtube-nocookie.com/embed/P125nWICYps?rel=0&enablejsapi=1&cc_load_policy=1,0,0,si,si,si,si,evidencia_entregada_y_criterio_superado,"Gestiona conectividad, carga y error || Solicita únicamente permisos necesarios || Mantiene datos locales y sincronización coherente",Aplicación móvil conectada con modo degradado,no,revisar_automaticamente_antes_de_publicar,2026-08-04
dam_android_basics_compose__dam-bas-005,dam_android_basics_compose,Android Basics with Compose,curso_basico,DAM,4,DAM-BAS-005,Documentar errores y aprender mediante práctica,"Reproducir, aislar y documentar un error usando el depurador.",Visual Studio Code: curso para principiantes,HolaMundo,https://www.youtube.com/watch?v=Ei1y51K8jQk,https://www.youtube-nocookie.com/embed/Ei1y51K8jQk?rel=0&enablejsapi=1&cc_load_policy=1&start=1831&end=2500,1831,2500,si,si,si,si,evidencia_entregada_y_criterio_superado,Crea una plantilla de diario técnico || Documenta un error con pasos para reproducirlo || Distingue una fuente primaria de una explicación secundaria,Entrada de diario técnico con error resuelto,no,revisar_automaticamente_antes_de_publicar,2026-08-04
dam_kotlin_get_started__dam-mob-001,dam_kotlin_get_started,Get started with Kotlin,curso_basico,DAM,1,DAM-MOB-001,Crear una aplicación móvil con navegación y estado,"Crear navegación, pantallas y gestión de estado en una app móvil.",Welcome to Android Basics with Compose,Android Developers,https://www.youtube.com/watch?v=lNKk-RSL7wg,https://www.youtube-nocookie.com/embed/lNKk-RSL7wg?rel=0&enablejsapi=1&cc_load_policy=1,0,0,si,si,si,si,evidencia_entregada_y_criterio_superado,Implementa varias pantallas y navegación || Gestiona estado y ciclo de vida sin pérdida inesperada || Adapta recursos a tamaños y orientaciones,APK o build de prueba con vídeo de uso,no,revisar_automaticamente_antes_de_publicar,2026-08-04
dam_kotlin_get_started__dam-mob-002,dam_kotlin_get_started,Get started with Kotlin,curso_basico,DAM,2,DAM-MOB-002,"Integrar datos, red y capacidades del dispositivo","Integrar red, repositorios, almacenamiento y ciclo de vida.",How to build a data layer,Android Developers,https://www.youtube.com/watch?v=P125nWICYps,https://www.youtube-nocookie.com/embed/P125nWICYps?rel=0&enablejsapi=1&cc_load_policy=1,0,0,si,si,si,si,evidencia_entregada_y_criterio_superado,"Gestiona conectividad, carga y error || Solicita únicamente permisos necesarios || Mantiene datos locales y sincronización coherente",Aplicación móvil conectada con modo degradado,no,revisar_automaticamente_antes_de_publicar,2026-08-04
dam_kotlin_get_started__dam-bas-005,dam_kotlin_get_started,Get started with Kotlin,curso_basico,DAM,3,DAM-BAS-005,Documentar errores y aprender mediante práctica,"Reproducir, aislar y documentar un error usando el depurador.",Visual Studio Code: curso para principiantes,HolaMundo,https://www.youtube.com/watch?v=Ei1y51K8jQk,https://www.youtube-nocookie.com/embed/Ei1y51K8jQk?rel=0&enablejsapi=1&cc_load_policy=1&start=1831&end=2500,1831,2500,si,si,si,si,evidencia_entregada_y_criterio_superado,Crea una plantilla de diario técnico || Documenta un error con pasos para reproducirlo || Distingue una fuente primaria de una explicación secundaria,Entrada de diario técnico con error resuelto,no,revisar_automaticamente_antes_de_publicar,2026-08-04
dam_spring_guides__dam-ad-001,dam_spring_guides,Spring Guides,curso_complementario,DAM,1,DAM-AD-001,Conectar aplicaciones a bases de datos,Conectar lógica de aplicación con consultas y persistencia relacional.,Curso de SQL desde cero,MoureDev by Brais Moure,https://www.youtube.com/watch?v=OuJerKzV5T0,https://www.youtube-nocookie.com/embed/OuJerKzV5T0?rel=0&enablejsapi=1&cc_load_policy=1,0,0,si,si,si,si,evidencia_entregada_y_criterio_superado,Usa consultas parametrizadas o mecanismo equivalente || Libera recursos y gestiona errores de acceso || Mapea datos sin mezclar responsabilidades,Aplicación CRUD conectada a base de datos,no,revisar_automaticamente_antes_de_publicar,2026-08-04
dam_spring_guides__dam-si-002,dam_spring_guides,Spring Guides,curso_complementario,DAM,2,DAM-SI-002,Aplicar red y seguridad básica,"Reconocer puertos, servicios y riesgos básicos de una aplicación conectada.",Fundamentos de Node.js,jonmircha,https://www.youtube.com/watch?v=0f26_Enlv38,https://www.youtube-nocookie.com/embed/0f26_Enlv38?rel=0&enablejsapi=1&cc_load_policy=1,0,0,si,si,si,si,evidencia_entregada_y_criterio_superado,"Configura una red local o servicio accesible de forma controlada || Diferencia autenticación, autorización y cifrado || Evita publicar secretos y define una estrategia de copia",Checklist de seguridad aplicado a un entorno de prueba,no,revisar_automaticamente_antes_de_publicar,2026-08-04
dam_spring_guides__dam-bd-003,dam_spring_guides,Spring Guides,curso_complementario,DAM,3,DAM-BD-003,"Mantener integridad, transacciones y acceso seguro","Aplicar restricciones, transacciones y permisos básicos en una base de datos.",Curso de SQL desde cero,MoureDev by Brais Moure,https://www.youtube.com/watch?v=OuJerKzV5T0,https://www.youtube-nocookie.com/embed/OuJerKzV5T0?rel=0&enablejsapi=1&cc_load_policy=1,0,0,si,si,si,si,evidencia_entregada_y_criterio_superado,Demuestra una transacción con confirmación y reversión || Crea un usuario con privilegios mínimos || Realiza y verifica una copia y restauración de prueba,Script y registro de una restauración controlada,no,revisar_automaticamente_antes_de_publicar,2026-08-04
dam_spring_guides__dam-pro-001,dam_spring_guides,Spring Guides,curso_complementario,DAM,4,DAM-PRO-001,"Programar con variables, decisiones y bucles","Programar variables, validaciones y decisiones.",Curso de Java desde cero,MoureDev by Brais Moure,https://www.youtube.com/watch?v=JOAqpdM36wI,https://www.youtube-nocookie.com/embed/JOAqpdM36wI?rel=0&enablejsapi=1&cc_load_policy=1&start=5294&end=11115,5294,11115,si,si,si,si,evidencia_entregada_y_criterio_superado,Usa tipos de datos y operadores adecuados || Resuelve decisiones y repeticiones sin bucles infinitos || Valida entradas y prueba casos límite,Tres programas de consola con casos de prueba,no,revisar_automaticamente_antes_de_publicar,2026-08-04
dam_spring_guides__dam-pro-002,dam_spring_guides,Spring Guides,curso_complementario,DAM,5,DAM-PRO-002,Diseñar funciones y trabajar con colecciones,Separar lógica en funciones y manipular colecciones.,Curso de Java desde cero,MoureDev by Brais Moure,https://www.youtube.com/watch?v=JOAqpdM36wI,https://www.youtube-nocookie.com/embed/JOAqpdM36wI?rel=0&enablejsapi=1&cc_load_policy=1&start=11115&end=19586,11115,19586,si,si,si,si,evidencia_entregada_y_criterio_superado,"Separa responsabilidades en funciones pequeñas || Recorre y transforma colecciones correctamente || Gestiona búsquedas, ordenación o agregación básica",Aplicación de consola modular con colección de objetos o datos,no,revisar_automaticamente_antes_de_publicar,2026-08-04
dam_github_skills__dam-ed-001,dam_github_skills,GitHub Skills,curso_complementario,DAM,1,DAM-ED-001,Usar Git y un flujo de trabajo colaborativo,"Usar commits, ramas, repositorios remotos y pull requests.",Curso de Git y GitHub desde cero,MoureDev by Brais Moure,https://www.youtube.com/watch?v=3GymExBkKjE,https://www.youtube-nocookie.com/embed/3GymExBkKjE?rel=0&enablejsapi=1&cc_load_policy=1&end=14000,0,14000,si,si,si,si,evidencia_entregada_y_criterio_superado,Crea repositorio y commits atómicos con mensajes claros || Trabaja en una rama y abre un pull request || Resuelve un conflicto sencillo sin perder trabajo,"Repositorio con historial, rama y pull request",no,revisar_automaticamente_antes_de_publicar,2026-08-04
dam_github_skills__dam-ed-002,dam_github_skills,GitHub Skills,curso_complementario,DAM,2,DAM-ED-002,"Depurar, automatizar y mantener calidad",Depurar y detectar fallos de forma sistemática.,Visual Studio Code: curso para principiantes,HolaMundo,https://www.youtube.com/watch?v=Ei1y51K8jQk,https://www.youtube-nocookie.com/embed/Ei1y51K8jQk?rel=0&enablejsapi=1&cc_load_policy=1&start=1831&end=3857,1831,3857,si,si,si,si,evidencia_entregada_y_criterio_superado,Usa puntos de ruptura e inspección de variables || Configura formato o lint reproducible || Ejecuta pruebas automáticamente en cada cambio relevante,Repositorio con configuración y workflow de pruebas,no,revisar_automaticamente_antes_de_publicar,2026-08-04
dam_github_skills__dam-pro-001,dam_github_skills,GitHub Skills,curso_complementario,DAM,3,DAM-PRO-001,"Programar con variables, decisiones y bucles","Programar variables, validaciones y decisiones.",Curso de Java desde cero,MoureDev by Brais Moure,https://www.youtube.com/watch?v=JOAqpdM36wI,https://www.youtube-nocookie.com/embed/JOAqpdM36wI?rel=0&enablejsapi=1&cc_load_policy=1&start=5294&end=11115,5294,11115,si,si,si,si,evidencia_entregada_y_criterio_superado,Usa tipos de datos y operadores adecuados || Resuelve decisiones y repeticiones sin bucles infinitos || Valida entradas y prueba casos límite,Tres programas de consola con casos de prueba,no,revisar_automaticamente_antes_de_publicar,2026-08-04
dam_github_skills__dam-pro-002,dam_github_skills,GitHub Skills,curso_complementario,DAM,4,DAM-PRO-002,Diseñar funciones y trabajar con colecciones,Separar lógica en funciones y manipular colecciones.,Curso de Java desde cero,MoureDev by Brais Moure,https://www.youtube.com/watch?v=JOAqpdM36wI,https://www.youtube-nocookie.com/embed/JOAqpdM36wI?rel=0&enablejsapi=1&cc_load_policy=1&start=11115&end=19586,11115,19586,si,si,si,si,evidencia_entregada_y_criterio_superado,"Separa responsabilidades en funciones pequeñas || Recorre y transforma colecciones correctamente || Gestiona búsquedas, ordenación o agregación básica",Aplicación de consola modular con colección de objetos o datos,no,revisar_automaticamente_antes_de_publicar,2026-08-04
dam_github_skills__dam-pro-003,dam_github_skills,GitHub Skills,curso_complementario,DAM,5,DAM-PRO-003,Aplicar programación orientada a objetos,"Modelar clases, objetos, encapsulación y composición.",Curso de Java desde cero,MoureDev by Brais Moure,https://www.youtube.com/watch?v=JOAqpdM36wI,https://www.youtube-nocookie.com/embed/JOAqpdM36wI?rel=0&enablejsapi=1&cc_load_policy=1&start=19586&end=27441,19586,27441,si,si,si,si,evidencia_entregada_y_criterio_superado,Define clases con responsabilidades claras || Protege invariantes mediante encapsulación || Usa composición o interfaces y justifica el diseño,Proyecto orientado a objetos con diagrama y README,no,revisar_automaticamente_antes_de_publicar,2026-08-04
dam_android_studio__dam-mob-001,dam_android_studio,Android Studio,herramienta,DAM,1,DAM-MOB-001,Crear una aplicación móvil con navegación y estado,"Crear navegación, pantallas y gestión de estado en una app móvil.",Welcome to Android Basics with Compose,Android Developers,https://www.youtube.com/watch?v=lNKk-RSL7wg,https://www.youtube-nocookie.com/embed/lNKk-RSL7wg?rel=0&enablejsapi=1&cc_load_policy=1,0,0,si,si,si,si,evidencia_entregada_y_criterio_superado,Implementa varias pantallas y navegación || Gestiona estado y ciclo de vida sin pérdida inesperada || Adapta recursos a tamaños y orientaciones,APK o build de prueba con vídeo de uso,no,revisar_automaticamente_antes_de_publicar,2026-08-04
dam_android_studio__dam-ed-002,dam_android_studio,Android Studio,herramienta,DAM,2,DAM-ED-002,"Depurar, automatizar y mantener calidad",Depurar y detectar fallos de forma sistemática.,Visual Studio Code: curso para principiantes,HolaMundo,https://www.youtube.com/watch?v=Ei1y51K8jQk,https://www.youtube-nocookie.com/embed/Ei1y51K8jQk?rel=0&enablejsapi=1&cc_load_policy=1&start=1831&end=3857,1831,3857,si,si,si,si,evidencia_entregada_y_criterio_superado,Usa puntos de ruptura e inspección de variables || Configura formato o lint reproducible || Ejecuta pruebas automáticamente en cada cambio relevante,Repositorio con configuración y workflow de pruebas,no,revisar_automaticamente_antes_de_publicar,2026-08-04
dam_android_studio__dam-mob-002,dam_android_studio,Android Studio,herramienta,DAM,3,DAM-MOB-002,"Integrar datos, red y capacidades del dispositivo","Integrar red, repositorios, almacenamiento y ciclo de vida.",How to build a data layer,Android Developers,https://www.youtube.com/watch?v=P125nWICYps,https://www.youtube-nocookie.com/embed/P125nWICYps?rel=0&enablejsapi=1&cc_load_policy=1,0,0,si,si,si,si,evidencia_entregada_y_criterio_superado,"Gestiona conectividad, carga y error || Solicita únicamente permisos necesarios || Mantiene datos locales y sincronización coherente",Aplicación móvil conectada con modo degradado,no,revisar_automaticamente_antes_de_publicar,2026-08-04
dam_android_studio__dam-bas-005,dam_android_studio,Android Studio,herramienta,DAM,4,DAM-BAS-005,Documentar errores y aprender mediante práctica,"Reproducir, aislar y documentar un error usando el depurador.",Visual Studio Code: curso para principiantes,HolaMundo,https://www.youtube.com/watch?v=Ei1y51K8jQk,https://www.youtube-nocookie.com/embed/Ei1y51K8jQk?rel=0&enablejsapi=1&cc_load_policy=1&start=1831&end=2500,1831,2500,si,si,si,si,evidencia_entregada_y_criterio_superado,Crea una plantilla de diario técnico || Documenta un error con pasos para reproducirlo || Distingue una fuente primaria de una explicación secundaria,Entrada de diario técnico con error resuelto,no,revisar_automaticamente_antes_de_publicar,2026-08-04
dam_intellij_idea__dam-ed-002,dam_intellij_idea,IntelliJ IDEA,herramienta,DAM,1,DAM-ED-002,"Depurar, automatizar y mantener calidad",Depurar y detectar fallos de forma sistemática.,Visual Studio Code: curso para principiantes,HolaMundo,https://www.youtube.com/watch?v=Ei1y51K8jQk,https://www.youtube-nocookie.com/embed/Ei1y51K8jQk?rel=0&enablejsapi=1&cc_load_policy=1&start=1831&end=3857,1831,3857,si,si,si,si,evidencia_entregada_y_criterio_superado,Usa puntos de ruptura e inspección de variables || Configura formato o lint reproducible || Ejecuta pruebas automáticamente en cada cambio relevante,Repositorio con configuración y workflow de pruebas,no,revisar_automaticamente_antes_de_publicar,2026-08-04
dam_intellij_idea__dam-pro-004,dam_intellij_idea,IntelliJ IDEA,herramienta,DAM,2,DAM-PRO-004,"Gestionar errores, ficheros y pruebas",Gestionar excepciones y usar el depurador.,Curso de Java desde cero,MoureDev by Brais Moure,https://www.youtube.com/watch?v=JOAqpdM36wI,https://www.youtube-nocookie.com/embed/JOAqpdM36wI?rel=0&enablejsapi=1&cc_load_policy=1&start=27441&end=30500,27441,30500,si,si,si,si,evidencia_entregada_y_criterio_superado,Maneja errores sin ocultarlos ni bloquear la aplicación || Lee y escribe datos de forma segura || Incluye pruebas para lógica importante y casos límite,Repositorio con pruebas y tratamiento de errores,no,revisar_automaticamente_antes_de_publicar,2026-08-04
dam_intellij_idea__dam-bas-005,dam_intellij_idea,IntelliJ IDEA,herramienta,DAM,3,DAM-BAS-005,Documentar errores y aprender mediante práctica,"Reproducir, aislar y documentar un error usando el depurador.",Visual Studio Code: curso para principiantes,HolaMundo,https://www.youtube.com/watch?v=Ei1y51K8jQk,https://www.youtube-nocookie.com/embed/Ei1y51K8jQk?rel=0&enablejsapi=1&cc_load_policy=1&start=1831&end=2500,1831,2500,si,si,si,si,evidencia_entregada_y_criterio_superado,Crea una plantilla de diario técnico || Documenta un error con pasos para reproducirlo || Distingue una fuente primaria de una explicación secundaria,Entrada de diario técnico con error resuelto,no,revisar_automaticamente_antes_de_publicar,2026-08-04
dam_intellij_idea__dam-pro-001,dam_intellij_idea,IntelliJ IDEA,herramienta,DAM,4,DAM-PRO-001,"Programar con variables, decisiones y bucles","Programar variables, validaciones y decisiones.",Curso de Java desde cero,MoureDev by Brais Moure,https://www.youtube.com/watch?v=JOAqpdM36wI,https://www.youtube-nocookie.com/embed/JOAqpdM36wI?rel=0&enablejsapi=1&cc_load_policy=1&start=5294&end=11115,5294,11115,si,si,si,si,evidencia_entregada_y_criterio_superado,Usa tipos de datos y operadores adecuados || Resuelve decisiones y repeticiones sin bucles infinitos || Valida entradas y prueba casos límite,Tres programas de consola con casos de prueba,no,revisar_automaticamente_antes_de_publicar,2026-08-04
dam_intellij_idea__dam-pro-002,dam_intellij_idea,IntelliJ IDEA,herramienta,DAM,5,DAM-PRO-002,Diseñar funciones y trabajar con colecciones,Separar lógica en funciones y manipular colecciones.,Curso de Java desde cero,MoureDev by Brais Moure,https://www.youtube.com/watch?v=JOAqpdM36wI,https://www.youtube-nocookie.com/embed/JOAqpdM36wI?rel=0&enablejsapi=1&cc_load_policy=1&start=11115&end=19586,11115,19586,si,si,si,si,evidencia_entregada_y_criterio_superado,"Separa responsabilidades en funciones pequeñas || Recorre y transforma colecciones correctamente || Gestiona búsquedas, ordenación o agregación básica",Aplicación de consola modular con colección de objetos o datos,no,revisar_automaticamente_antes_de_publicar,2026-08-04
dam_gradle__dam-mob-001,dam_gradle,Gradle Build Tool,herramienta,DAM,1,DAM-MOB-001,Crear una aplicación móvil con navegación y estado,"Crear navegación, pantallas y gestión de estado en una app móvil.",Welcome to Android Basics with Compose,Android Developers,https://www.youtube.com/watch?v=lNKk-RSL7wg,https://www.youtube-nocookie.com/embed/lNKk-RSL7wg?rel=0&enablejsapi=1&cc_load_policy=1,0,0,si,si,si,si,evidencia_entregada_y_criterio_superado,Implementa varias pantallas y navegación || Gestiona estado y ciclo de vida sin pérdida inesperada || Adapta recursos a tamaños y orientaciones,APK o build de prueba con vídeo de uso,no,revisar_automaticamente_antes_de_publicar,2026-08-04
dam_gradle__dam-pro-001,dam_gradle,Gradle Build Tool,herramienta,DAM,2,DAM-PRO-001,"Programar con variables, decisiones y bucles","Programar variables, validaciones y decisiones.",Curso de Java desde cero,MoureDev by Brais Moure,https://www.youtube.com/watch?v=JOAqpdM36wI,https://www.youtube-nocookie.com/embed/JOAqpdM36wI?rel=0&enablejsapi=1&cc_load_policy=1&start=5294&end=11115,5294,11115,si,si,si,si,evidencia_entregada_y_criterio_superado,Usa tipos de datos y operadores adecuados || Resuelve decisiones y repeticiones sin bucles infinitos || Valida entradas y prueba casos límite,Tres programas de consola con casos de prueba,no,revisar_automaticamente_antes_de_publicar,2026-08-04
dam_gradle__dam-pro-002,dam_gradle,Gradle Build Tool,herramienta,DAM,3,DAM-PRO-002,Diseñar funciones y trabajar con colecciones,Separar lógica en funciones y manipular colecciones.,Curso de Java desde cero,MoureDev by Brais Moure,https://www.youtube.com/watch?v=JOAqpdM36wI,https://www.youtube-nocookie.com/embed/JOAqpdM36wI?rel=0&enablejsapi=1&cc_load_policy=1&start=11115&end=19586,11115,19586,si,si,si,si,evidencia_entregada_y_criterio_superado,"Separa responsabilidades en funciones pequeñas || Recorre y transforma colecciones correctamente || Gestiona búsquedas, ordenación o agregación básica",Aplicación de consola modular con colección de objetos o datos,no,revisar_automaticamente_antes_de_publicar,2026-08-04
dam_gradle__dam-pro-003,dam_gradle,Gradle Build Tool,herramienta,DAM,4,DAM-PRO-003,Aplicar programación orientada a objetos,"Modelar clases, objetos, encapsulación y composición.",Curso de Java desde cero,MoureDev by Brais Moure,https://www.youtube.com/watch?v=JOAqpdM36wI,https://www.youtube-nocookie.com/embed/JOAqpdM36wI?rel=0&enablejsapi=1&cc_load_policy=1&start=19586&end=27441,19586,27441,si,si,si,si,evidencia_entregada_y_criterio_superado,Define clases con responsabilidades claras || Protege invariantes mediante encapsulación || Usa composición o interfaces y justifica el diseño,Proyecto orientado a objetos con diagrama y README,no,revisar_automaticamente_antes_de_publicar,2026-08-04
dam_gradle__dam-dig-001,dam_gradle,Gradle Build Tool,herramienta,DAM,5,DAM-DIG-001,"Analizar digitalización, datos e IA de forma responsable","Evaluar datos, automatización e IA con límites, trazabilidad y revisión humana.",Programación e inteligencia artificial responsable,MoureDev by Brais Moure,https://www.youtube.com/watch?v=uquw8yUKaYM,https://www.youtube-nocookie.com/embed/uquw8yUKaYM?rel=0&enablejsapi=1&cc_load_policy=1,0,0,si,si,si,si,evidencia_entregada_y_criterio_superado,"Modela un proceso antes y después de digitalizarlo || Identifica datos, riesgos y controles || Justifica cuándo una automatización o IA aporta valor",Mapa de proceso y ficha de riesgos,no,revisar_automaticamente_antes_de_publicar,2026-08-04
dam_docker__dam-bd-001,dam_docker,Docker,herramienta,DAM,1,DAM-BD-001,Modelar datos relacionales,"Crear un modelo relacional con entidades, relaciones y claves.",Diseño de bases de datos,jonmircha,https://www.youtube.com/watch?v=HXE169-n5pM,https://www.youtube-nocookie.com/embed/HXE169-n5pM?rel=0&enablejsapi=1&cc_load_policy=1,0,0,si,si,si,si,evidencia_entregada_y_criterio_superado,"Identifica entidades y relaciones de un caso || Normaliza hasta un diseño razonable || Define claves primarias, foráneas y restricciones",Diagrama entidad-relación y modelo relacional,no,revisar_automaticamente_antes_de_publicar,2026-08-04
dam_docker__dam-bd-002,dam_docker,Docker,herramienta,DAM,2,DAM-BD-002,Crear y consultar una base de datos con SQL,Crear tablas y resolver consultas SQL sobre varias entidades.,Curso de SQL desde cero,MoureDev by Brais Moure,https://www.youtube.com/watch?v=OuJerKzV5T0,https://www.youtube-nocookie.com/embed/OuJerKzV5T0?rel=0&enablejsapi=1&cc_load_policy=1,0,0,si,si,si,si,evidencia_entregada_y_criterio_superado,"Crea tablas con tipos y restricciones correctas || Realiza CRUD y consultas con JOIN || Usa agregaciones, filtros y ordenación sobre datos coherentes",Script SQL ejecutable con datos de prueba y 12 consultas,no,revisar_automaticamente_antes_de_publicar,2026-08-04
dam_docker__dam-bd-003,dam_docker,Docker,herramienta,DAM,3,DAM-BD-003,"Mantener integridad, transacciones y acceso seguro","Aplicar restricciones, transacciones y permisos básicos en una base de datos.",Curso de SQL desde cero,MoureDev by Brais Moure,https://www.youtube.com/watch?v=OuJerKzV5T0,https://www.youtube-nocookie.com/embed/OuJerKzV5T0?rel=0&enablejsapi=1&cc_load_policy=1,0,0,si,si,si,si,evidencia_entregada_y_criterio_superado,Demuestra una transacción con confirmación y reversión || Crea un usuario con privilegios mínimos || Realiza y verifica una copia y restauración de prueba,Script y registro de una restauración controlada,no,revisar_automaticamente_antes_de_publicar,2026-08-04
dam_docker__dam-pro-001,dam_docker,Docker,herramienta,DAM,4,DAM-PRO-001,"Programar con variables, decisiones y bucles","Programar variables, validaciones y decisiones.",Curso de Java desde cero,MoureDev by Brais Moure,https://www.youtube.com/watch?v=JOAqpdM36wI,https://www.youtube-nocookie.com/embed/JOAqpdM36wI?rel=0&enablejsapi=1&cc_load_policy=1&start=5294&end=11115,5294,11115,si,si,si,si,evidencia_entregada_y_criterio_superado,Usa tipos de datos y operadores adecuados || Resuelve decisiones y repeticiones sin bucles infinitos || Valida entradas y prueba casos límite,Tres programas de consola con casos de prueba,no,revisar_automaticamente_antes_de_publicar,2026-08-04
dam_docker__dam-pro-002,dam_docker,Docker,herramienta,DAM,5,DAM-PRO-002,Diseñar funciones y trabajar con colecciones,Separar lógica en funciones y manipular colecciones.,Curso de Java desde cero,MoureDev by Brais Moure,https://www.youtube.com/watch?v=JOAqpdM36wI,https://www.youtube-nocookie.com/embed/JOAqpdM36wI?rel=0&enablejsapi=1&cc_load_policy=1&start=11115&end=19586,11115,19586,si,si,si,si,evidencia_entregada_y_criterio_superado,"Separa responsabilidades en funciones pequeñas || Recorre y transforma colecciones correctamente || Gestiona búsquedas, ordenación o agregación básica",Aplicación de consola modular con colección de objetos o datos,no,revisar_automaticamente_antes_de_publicar,2026-08-04
dam_github_actions__dam-ed-002,dam_github_actions,GitHub Actions,herramienta,DAM,1,DAM-ED-002,"Depurar, automatizar y mantener calidad",Depurar y detectar fallos de forma sistemática.,Visual Studio Code: curso para principiantes,HolaMundo,https://www.youtube.com/watch?v=Ei1y51K8jQk,https://www.youtube-nocookie.com/embed/Ei1y51K8jQk?rel=0&enablejsapi=1&cc_load_policy=1&start=1831&end=3857,1831,3857,si,si,si,si,evidencia_entregada_y_criterio_superado,Usa puntos de ruptura e inspección de variables || Configura formato o lint reproducible || Ejecuta pruebas automáticamente en cada cambio relevante,Repositorio con configuración y workflow de pruebas,no,revisar_automaticamente_antes_de_publicar,2026-08-04
dam_github_actions__dam-pro-004,dam_github_actions,GitHub Actions,herramienta,DAM,2,DAM-PRO-004,"Gestionar errores, ficheros y pruebas",Gestionar excepciones y usar el depurador.,Curso de Java desde cero,MoureDev by Brais Moure,https://www.youtube.com/watch?v=JOAqpdM36wI,https://www.youtube-nocookie.com/embed/JOAqpdM36wI?rel=0&enablejsapi=1&cc_load_policy=1&start=27441&end=30500,27441,30500,si,si,si,si,evidencia_entregada_y_criterio_superado,Maneja errores sin ocultarlos ni bloquear la aplicación || Lee y escribe datos de forma segura || Incluye pruebas para lógica importante y casos límite,Repositorio con pruebas y tratamiento de errores,no,revisar_automaticamente_antes_de_publicar,2026-08-04
dam_github_actions__dam-ed-001,dam_github_actions,GitHub Actions,herramienta,DAM,3,DAM-ED-001,Usar Git y un flujo de trabajo colaborativo,"Usar commits, ramas, repositorios remotos y pull requests.",Curso de Git y GitHub desde cero,MoureDev by Brais Moure,https://www.youtube.com/watch?v=3GymExBkKjE,https://www.youtube-nocookie.com/embed/3GymExBkKjE?rel=0&enablejsapi=1&cc_load_policy=1&end=14000,0,14000,si,si,si,si,evidencia_entregada_y_criterio_superado,Crea repositorio y commits atómicos con mensajes claros || Trabaja en una rama y abre un pull request || Resuelve un conflicto sencillo sin perder trabajo,"Repositorio con historial, rama y pull request",no,revisar_automaticamente_antes_de_publicar,2026-08-04
dam_github_actions__dam-dig-001,dam_github_actions,GitHub Actions,herramienta,DAM,4,DAM-DIG-001,"Analizar digitalización, datos e IA de forma responsable","Evaluar datos, automatización e IA con límites, trazabilidad y revisión humana.",Programación e inteligencia artificial responsable,MoureDev by Brais Moure,https://www.youtube.com/watch?v=uquw8yUKaYM,https://www.youtube-nocookie.com/embed/uquw8yUKaYM?rel=0&enablejsapi=1&cc_load_policy=1,0,0,si,si,si,si,evidencia_entregada_y_criterio_superado,"Modela un proceso antes y después de digitalizarlo || Identifica datos, riesgos y controles || Justifica cuándo una automatización o IA aporta valor",Mapa de proceso y ficha de riesgos,no,revisar_automaticamente_antes_de_publicar,2026-08-04
dam_github_actions__dam-ui-002,dam_github_actions,GitHub Actions,herramienta,DAM,5,DAM-UI-002,"Aplicar usabilidad, accesibilidad y empaquetado","Comprobar usabilidad, accesibilidad y preparación del paquete.",Welcome to Android Basics with Compose,Android Developers,https://www.youtube.com/watch?v=lNKk-RSL7wg,https://www.youtube-nocookie.com/embed/lNKk-RSL7wg?rel=0&enablejsapi=1&cc_load_policy=1,0,0,si,si,si,si,evidencia_entregada_y_criterio_superado,La aplicación puede usarse con navegación coherente y atajos básicos || Los mensajes permiten corregir errores || Genera un paquete o distribución reproducible,Prueba de usabilidad y artefacto instalable,no,revisar_automaticamente_antes_de_publicar,2026-08-04
dam_sepe_empleate__dam-emp-001,dam_sepe_empleate,Portal Empléate,empleo_busqueda,DAM,1,DAM-EMP-001,Preparar perfil profesional y candidatura,"Organizar CV, portfolio, evidencias y documentos de candidatura en una carpeta compartible.","Curso completo de Google Drive: organizar, compartir y colaborar",Carlos Cortés Academy,https://www.youtube.com/watch?v=xBaRjZUVSgc,https://www.youtube-nocookie.com/embed/xBaRjZUVSgc?rel=0&enablejsapi=1&cc_load_policy=1,0,0,si,si,si,si,evidencia_entregada_y_criterio_superado,CV adaptado a un puesto concreto || Perfil GitHub o portfolio con dos evidencias explicadas || Matriz de requisitos y brechas de tres ofertas,"CV, perfil y matriz de brechas",sí,revisar_automaticamente_antes_de_publicar,2026-08-04
dam_sepe_empleate__dam-pro-001,dam_sepe_empleate,Portal Empléate,empleo_busqueda,DAM,2,DAM-PRO-001,"Programar con variables, decisiones y bucles","Programar variables, validaciones y decisiones.",Curso de Java desde cero,MoureDev by Brais Moure,https://www.youtube.com/watch?v=JOAqpdM36wI,https://www.youtube-nocookie.com/embed/JOAqpdM36wI?rel=0&enablejsapi=1&cc_load_policy=1&start=5294&end=11115,5294,11115,si,si,si,si,evidencia_entregada_y_criterio_superado,Usa tipos de datos y operadores adecuados || Resuelve decisiones y repeticiones sin bucles infinitos || Valida entradas y prueba casos límite,Tres programas de consola con casos de prueba,sí,revisar_automaticamente_antes_de_publicar,2026-08-04
dam_sepe_empleate__dam-pro-002,dam_sepe_empleate,Portal Empléate,empleo_busqueda,DAM,3,DAM-PRO-002,Diseñar funciones y trabajar con colecciones,Separar lógica en funciones y manipular colecciones.,Curso de Java desde cero,MoureDev by Brais Moure,https://www.youtube.com/watch?v=JOAqpdM36wI,https://www.youtube-nocookie.com/embed/JOAqpdM36wI?rel=0&enablejsapi=1&cc_load_policy=1&start=11115&end=19586,11115,19586,si,si,si,si,evidencia_entregada_y_criterio_superado,"Separa responsabilidades en funciones pequeñas || Recorre y transforma colecciones correctamente || Gestiona búsquedas, ordenación o agregación básica",Aplicación de consola modular con colección de objetos o datos,no,revisar_automaticamente_antes_de_publicar,2026-08-04
dam_sepe_empleate__dam-pro-003,dam_sepe_empleate,Portal Empléate,empleo_busqueda,DAM,4,DAM-PRO-003,Aplicar programación orientada a objetos,"Modelar clases, objetos, encapsulación y composición.",Curso de Java desde cero,MoureDev by Brais Moure,https://www.youtube.com/watch?v=JOAqpdM36wI,https://www.youtube-nocookie.com/embed/JOAqpdM36wI?rel=0&enablejsapi=1&cc_load_policy=1&start=19586&end=27441,19586,27441,si,si,si,si,evidencia_entregada_y_criterio_superado,Define clases con responsabilidades claras || Protege invariantes mediante encapsulación || Usa composición o interfaces y justifica el diseño,Proyecto orientado a objetos con diagrama y README,no,revisar_automaticamente_antes_de_publicar,2026-08-04
dam_sepe_empleate__dam-mob-001,dam_sepe_empleate,Portal Empléate,empleo_busqueda,DAM,5,DAM-MOB-001,Crear una aplicación móvil con navegación y estado,"Crear navegación, pantallas y gestión de estado en una app móvil.",Welcome to Android Basics with Compose,Android Developers,https://www.youtube.com/watch?v=lNKk-RSL7wg,https://www.youtube-nocookie.com/embed/lNKk-RSL7wg?rel=0&enablejsapi=1&cc_load_policy=1,0,0,si,si,si,si,evidencia_entregada_y_criterio_superado,Implementa varias pantallas y navegación || Gestiona estado y ciclo de vida sin pérdida inesperada || Adapta recursos a tamaños y orientaciones,APK o build de prueba con vídeo de uso,no,revisar_automaticamente_antes_de_publicar,2026-08-04
dam_andalucia_orienta__dam-emp-001,dam_andalucia_orienta,Andalucía Orienta,empleo_busqueda,DAM,1,DAM-EMP-001,Preparar perfil profesional y candidatura,"Organizar CV, portfolio, evidencias y documentos de candidatura en una carpeta compartible.","Curso completo de Google Drive: organizar, compartir y colaborar",Carlos Cortés Academy,https://www.youtube.com/watch?v=xBaRjZUVSgc,https://www.youtube-nocookie.com/embed/xBaRjZUVSgc?rel=0&enablejsapi=1&cc_load_policy=1,0,0,si,si,si,si,evidencia_entregada_y_criterio_superado,CV adaptado a un puesto concreto || Perfil GitHub o portfolio con dos evidencias explicadas || Matriz de requisitos y brechas de tres ofertas,"CV, perfil y matriz de brechas",sí,revisar_automaticamente_antes_de_publicar,2026-08-04
dam_andalucia_orienta__dam-ed-001,dam_andalucia_orienta,Andalucía Orienta,empleo_busqueda,DAM,2,DAM-ED-001,Usar Git y un flujo de trabajo colaborativo,"Usar commits, ramas, repositorios remotos y pull requests.",Curso de Git y GitHub desde cero,MoureDev by Brais Moure,https://www.youtube.com/watch?v=3GymExBkKjE,https://www.youtube-nocookie.com/embed/3GymExBkKjE?rel=0&enablejsapi=1&cc_load_policy=1&end=14000,0,14000,si,si,si,si,evidencia_entregada_y_criterio_superado,Crea repositorio y commits atómicos con mensajes claros || Trabaja en una rama y abre un pull request || Resuelve un conflicto sencillo sin perder trabajo,"Repositorio con historial, rama y pull request",sí,revisar_automaticamente_antes_de_publicar,2026-08-04
dam_andalucia_orienta__dam-prj-001,dam_andalucia_orienta,Andalucía Orienta,empleo_busqueda,DAM,3,DAM-PRJ-001,Planificar y entregar un proyecto integrador,"Organizar la entrega de un proyecto mediante issues, ramas y revisión.",Curso de Git y GitHub desde cero,MoureDev by Brais Moure,https://www.youtube.com/watch?v=3GymExBkKjE,https://www.youtube-nocookie.com/embed/3GymExBkKjE?rel=0&enablejsapi=1&cc_load_policy=1&start=12100&end=13200,12100,13200,si,si,si,si,evidencia_entregada_y_criterio_superado,"El alcance y los criterios de aceptación están definidos || La solución funciona y está versionada || Incluye pruebas, documentación y una demo reproducible","Repositorio, demo, README, pruebas y presentación",no,revisar_automaticamente_antes_de_publicar,2026-08-04
dam_fundacion_sepi_becas__dam-emp-001,dam_fundacion_sepi_becas,Becas Fundación SEPI,beca,DAM,1,DAM-EMP-001,Preparar perfil profesional y candidatura,"Organizar CV, portfolio, evidencias y documentos de candidatura en una carpeta compartible.","Curso completo de Google Drive: organizar, compartir y colaborar",Carlos Cortés Academy,https://www.youtube.com/watch?v=xBaRjZUVSgc,https://www.youtube-nocookie.com/embed/xBaRjZUVSgc?rel=0&enablejsapi=1&cc_load_policy=1,0,0,si,si,si,si,evidencia_entregada_y_criterio_superado,CV adaptado a un puesto concreto || Perfil GitHub o portfolio con dos evidencias explicadas || Matriz de requisitos y brechas de tres ofertas,"CV, perfil y matriz de brechas",sí,revisar_automaticamente_antes_de_publicar,2026-08-04
dam_fundacion_sepi_becas__dam-erp-001,dam_fundacion_sepi_becas,Becas Fundación SEPI,beca,DAM,2,DAM-ERP-001,Comprender e implantar procesos ERP y CRM,"Comprender contactos, procesos, estados y trazabilidad en un CRM.",HubSpot CRM para principiantes,HubSpot Español,https://www.youtube.com/watch?v=RXbOwk1l2T8,https://www.youtube-nocookie.com/embed/RXbOwk1l2T8?rel=0&enablejsapi=1&cc_load_policy=1,0,0,si,si,si,si,evidencia_entregada_y_criterio_superado,"Representa un proceso empresarial y sus datos || Configura usuarios, roles y flujo básico en un ERP o CRM || Documenta adaptación sin modificar innecesariamente el núcleo",Caso de implantación con proceso y configuración,sí,revisar_automaticamente_antes_de_publicar,2026-08-04
dam_fundacion_sepi_becas__dam-ed-001,dam_fundacion_sepi_becas,Becas Fundación SEPI,beca,DAM,3,DAM-ED-001,Usar Git y un flujo de trabajo colaborativo,"Usar commits, ramas, repositorios remotos y pull requests.",Curso de Git y GitHub desde cero,MoureDev by Brais Moure,https://www.youtube.com/watch?v=3GymExBkKjE,https://www.youtube-nocookie.com/embed/3GymExBkKjE?rel=0&enablejsapi=1&cc_load_policy=1&end=14000,0,14000,si,si,si,si,evidencia_entregada_y_criterio_superado,Crea repositorio y commits atómicos con mensajes claros || Trabaja en una rama y abre un pull request || Resuelve un conflicto sencillo sin perder trabajo,"Repositorio con historial, rama y pull request",no,revisar_automaticamente_antes_de_publicar,2026-08-04
dam_fundacion_sepi_becas__dam-prj-001,dam_fundacion_sepi_becas,Becas Fundación SEPI,beca,DAM,4,DAM-PRJ-001,Planificar y entregar un proyecto integrador,"Organizar la entrega de un proyecto mediante issues, ramas y revisión.",Curso de Git y GitHub desde cero,MoureDev by Brais Moure,https://www.youtube.com/watch?v=3GymExBkKjE,https://www.youtube-nocookie.com/embed/3GymExBkKjE?rel=0&enablejsapi=1&cc_load_policy=1&start=12100&end=13200,12100,13200,si,si,si,si,evidencia_entregada_y_criterio_superado,"El alcance y los criterios de aceptación están definidos || La solución funciona y está versionada || Incluye pruebas, documentación y una demo reproducible","Repositorio, demo, README, pruebas y presentación",no,revisar_automaticamente_antes_de_publicar,2026-08-04
dam_ayuntamiento_granada_empleo__dam-bas-004,dam_ayuntamiento_granada_empleo,Empleo Web Granada,empleo_busqueda,DAM,1,DAM-BAS-004,Comprender cómo funciona una aplicación conectada,"Distinguir cliente, servidor, red, petición, respuesta y datos.",Fundamentos de Node.js,jonmircha,https://www.youtube.com/watch?v=0f26_Enlv38,https://www.youtube-nocookie.com/embed/0f26_Enlv38?rel=0&enablejsapi=1&cc_load_policy=1,0,0,si,si,si,si,evidencia_entregada_y_criterio_superado,"Dibuja el recorrido de una petición desde navegador o app hasta servidor || Diferencia frontend, backend y base de datos || Interpreta códigos HTTP comunes y una URL",Diagrama comentado de una aplicación sencilla,sí,revisar_automaticamente_antes_de_publicar,2026-08-04
dam_ayuntamiento_granada_empleo__dam-emp-001,dam_ayuntamiento_granada_empleo,Empleo Web Granada,empleo_busqueda,DAM,2,DAM-EMP-001,Preparar perfil profesional y candidatura,"Organizar CV, portfolio, evidencias y documentos de candidatura en una carpeta compartible.","Curso completo de Google Drive: organizar, compartir y colaborar",Carlos Cortés Academy,https://www.youtube.com/watch?v=xBaRjZUVSgc,https://www.youtube-nocookie.com/embed/xBaRjZUVSgc?rel=0&enablejsapi=1&cc_load_policy=1,0,0,si,si,si,si,evidencia_entregada_y_criterio_superado,CV adaptado a un puesto concreto || Perfil GitHub o portfolio con dos evidencias explicadas || Matriz de requisitos y brechas de tres ofertas,"CV, perfil y matriz de brechas",sí,revisar_automaticamente_antes_de_publicar,2026-08-04
dam_ayuntamiento_granada_empleo__dam-ed-001,dam_ayuntamiento_granada_empleo,Empleo Web Granada,empleo_busqueda,DAM,3,DAM-ED-001,Usar Git y un flujo de trabajo colaborativo,"Usar commits, ramas, repositorios remotos y pull requests.",Curso de Git y GitHub desde cero,MoureDev by Brais Moure,https://www.youtube.com/watch?v=3GymExBkKjE,https://www.youtube-nocookie.com/embed/3GymExBkKjE?rel=0&enablejsapi=1&cc_load_policy=1&end=14000,0,14000,si,si,si,si,evidencia_entregada_y_criterio_superado,Crea repositorio y commits atómicos con mensajes claros || Trabaja en una rama y abre un pull request || Resuelve un conflicto sencillo sin perder trabajo,"Repositorio con historial, rama y pull request",no,revisar_automaticamente_antes_de_publicar,2026-08-04
dam_ayuntamiento_granada_empleo__dam-prj-001,dam_ayuntamiento_granada_empleo,Empleo Web Granada,empleo_busqueda,DAM,4,DAM-PRJ-001,Planificar y entregar un proyecto integrador,"Organizar la entrega de un proyecto mediante issues, ramas y revisión.",Curso de Git y GitHub desde cero,MoureDev by Brais Moure,https://www.youtube.com/watch?v=3GymExBkKjE,https://www.youtube-nocookie.com/embed/3GymExBkKjE?rel=0&enablejsapi=1&cc_load_policy=1&start=12100&end=13200,12100,13200,si,si,si,si,evidencia_entregada_y_criterio_superado,"El alcance y los criterios de aceptación están definidos || La solución funciona y está versionada || Incluye pruebas, documentación y una demo reproducible","Repositorio, demo, README, pruebas y presentación",no,revisar_automaticamente_antes_de_publicar,2026-08-04
dam_feria_empleo_granada_2026__dam-emp-001,dam_feria_empleo_granada_2026,Feria Internacional de Empleo de Granada 2026,evento,DAM,1,DAM-EMP-001,Preparar perfil profesional y candidatura,"Organizar CV, portfolio, evidencias y documentos de candidatura en una carpeta compartible.","Curso completo de Google Drive: organizar, compartir y colaborar",Carlos Cortés Academy,https://www.youtube.com/watch?v=xBaRjZUVSgc,https://www.youtube-nocookie.com/embed/xBaRjZUVSgc?rel=0&enablejsapi=1&cc_load_policy=1,0,0,si,si,si,si,evidencia_entregada_y_criterio_superado,CV adaptado a un puesto concreto || Perfil GitHub o portfolio con dos evidencias explicadas || Matriz de requisitos y brechas de tres ofertas,"CV, perfil y matriz de brechas",sí,revisar_automaticamente_antes_de_publicar,2026-08-04
dam_feria_empleo_granada_2026__dam-prj-002,dam_feria_empleo_granada_2026,Feria Internacional de Empleo de Granada 2026,evento,DAM,2,DAM-PRJ-002,Presentar y defender una solución,Crear una presentación visual coherente y preparar una defensa breve.,Kit de marca en Canva,Canva Latinoamérica,https://www.youtube.com/watch?v=havARJ_ZQg8,https://www.youtube-nocookie.com/embed/havARJ_ZQg8?rel=0&enablejsapi=1&cc_load_policy=1,0,0,si,si,si,si,evidencia_entregada_y_criterio_superado,Pitch de 3 a 5 minutos con estructura || Demo sin depender de pasos improvisados || Responde preguntas técnicas y reconoce límites,Vídeo de pitch o presentación en directo,sí,revisar_automaticamente_antes_de_publicar,2026-08-04
dam_feria_empleo_granada_2026__dam-ed-001,dam_feria_empleo_granada_2026,Feria Internacional de Empleo de Granada 2026,evento,DAM,3,DAM-ED-001,Usar Git y un flujo de trabajo colaborativo,"Usar commits, ramas, repositorios remotos y pull requests.",Curso de Git y GitHub desde cero,MoureDev by Brais Moure,https://www.youtube.com/watch?v=3GymExBkKjE,https://www.youtube-nocookie.com/embed/3GymExBkKjE?rel=0&enablejsapi=1&cc_load_policy=1&end=14000,0,14000,si,si,si,si,evidencia_entregada_y_criterio_superado,Crea repositorio y commits atómicos con mensajes claros || Trabaja en una rama y abre un pull request || Resuelve un conflicto sencillo sin perder trabajo,"Repositorio con historial, rama y pull request",no,revisar_automaticamente_antes_de_publicar,2026-08-04
dam_ugr_lan_party_2026__dam-si-001,dam_ugr_lan_party_2026,UGR LAN Party 2026,evento,DAM,1,DAM-SI-001,Instalar y configurar un sistema de trabajo,Instalar y configurar un entorno de trabajo reproducible.,Visual Studio Code: curso para principiantes,HolaMundo,https://www.youtube.com/watch?v=Ei1y51K8jQk,https://www.youtube-nocookie.com/embed/Ei1y51K8jQk?rel=0&enablejsapi=1&cc_load_policy=1&start=78&end=1210,78,1210,si,si,si,si,evidencia_entregada_y_criterio_superado,"Instala o configura una máquina virtual o entorno equivalente || Crea usuarios y aplica actualizaciones || Documenta requisitos, red y almacenamiento",Guía de instalación reproducible con capturas,sí,revisar_automaticamente_antes_de_publicar,2026-08-04
dam_ugr_lan_party_2026__dam-emp-001,dam_ugr_lan_party_2026,UGR LAN Party 2026,evento,DAM,2,DAM-EMP-001,Preparar perfil profesional y candidatura,"Organizar CV, portfolio, evidencias y documentos de candidatura en una carpeta compartible.","Curso completo de Google Drive: organizar, compartir y colaborar",Carlos Cortés Academy,https://www.youtube.com/watch?v=xBaRjZUVSgc,https://www.youtube-nocookie.com/embed/xBaRjZUVSgc?rel=0&enablejsapi=1&cc_load_policy=1,0,0,si,si,si,si,evidencia_entregada_y_criterio_superado,CV adaptado a un puesto concreto || Perfil GitHub o portfolio con dos evidencias explicadas || Matriz de requisitos y brechas de tres ofertas,"CV, perfil y matriz de brechas",sí,revisar_automaticamente_antes_de_publicar,2026-08-04
dam_ugr_lan_party_2026__dam-prj-002,dam_ugr_lan_party_2026,UGR LAN Party 2026,evento,DAM,3,DAM-PRJ-002,Presentar y defender una solución,Crear una presentación visual coherente y preparar una defensa breve.,Kit de marca en Canva,Canva Latinoamérica,https://www.youtube.com/watch?v=havARJ_ZQg8,https://www.youtube-nocookie.com/embed/havARJ_ZQg8?rel=0&enablejsapi=1&cc_load_policy=1,0,0,si,si,si,si,evidencia_entregada_y_criterio_superado,Pitch de 3 a 5 minutos con estructura || Demo sin depender de pasos improvisados || Responde preguntas técnicas y reconoce límites,Vídeo de pitch o presentación en directo,no,revisar_automaticamente_antes_de_publicar,2026-08-04
dam_ugr_lan_party_2026__dam-ed-001,dam_ugr_lan_party_2026,UGR LAN Party 2026,evento,DAM,4,DAM-ED-001,Usar Git y un flujo de trabajo colaborativo,"Usar commits, ramas, repositorios remotos y pull requests.",Curso de Git y GitHub desde cero,MoureDev by Brais Moure,https://www.youtube.com/watch?v=3GymExBkKjE,https://www.youtube-nocookie.com/embed/3GymExBkKjE?rel=0&enablejsapi=1&cc_load_policy=1&end=14000,0,14000,si,si,si,si,evidencia_entregada_y_criterio_superado,Crea repositorio y commits atómicos con mensajes claros || Trabaja en una rama y abre un pull request || Resuelve un conflicto sencillo sin perder trabajo,"Repositorio con historial, rama y pull request",no,revisar_automaticamente_antes_de_publicar,2026-08-04
dam_commit_conf_2026__dam-pro-001,dam_commit_conf_2026,Commit Conf 2026,evento,DAM,1,DAM-PRO-001,"Programar con variables, decisiones y bucles","Programar variables, validaciones y decisiones.",Curso de Java desde cero,MoureDev by Brais Moure,https://www.youtube.com/watch?v=JOAqpdM36wI,https://www.youtube-nocookie.com/embed/JOAqpdM36wI?rel=0&enablejsapi=1&cc_load_policy=1&start=5294&end=11115,5294,11115,si,si,si,si,evidencia_entregada_y_criterio_superado,Usa tipos de datos y operadores adecuados || Resuelve decisiones y repeticiones sin bucles infinitos || Valida entradas y prueba casos límite,Tres programas de consola con casos de prueba,sí,revisar_automaticamente_antes_de_publicar,2026-08-04
dam_commit_conf_2026__dam-pro-002,dam_commit_conf_2026,Commit Conf 2026,evento,DAM,2,DAM-PRO-002,Diseñar funciones y trabajar con colecciones,Separar lógica en funciones y manipular colecciones.,Curso de Java desde cero,MoureDev by Brais Moure,https://www.youtube.com/watch?v=JOAqpdM36wI,https://www.youtube-nocookie.com/embed/JOAqpdM36wI?rel=0&enablejsapi=1&cc_load_policy=1&start=11115&end=19586,11115,19586,si,si,si,si,evidencia_entregada_y_criterio_superado,"Separa responsabilidades en funciones pequeñas || Recorre y transforma colecciones correctamente || Gestiona búsquedas, ordenación o agregación básica",Aplicación de consola modular con colección de objetos o datos,sí,revisar_automaticamente_antes_de_publicar,2026-08-04
dam_commit_conf_2026__dam-pro-003,dam_commit_conf_2026,Commit Conf 2026,evento,DAM,3,DAM-PRO-003,Aplicar programación orientada a objetos,"Modelar clases, objetos, encapsulación y composición.",Curso de Java desde cero,MoureDev by Brais Moure,https://www.youtube.com/watch?v=JOAqpdM36wI,https://www.youtube-nocookie.com/embed/JOAqpdM36wI?rel=0&enablejsapi=1&cc_load_policy=1&start=19586&end=27441,19586,27441,si,si,si,si,evidencia_entregada_y_criterio_superado,Define clases con responsabilidades claras || Protege invariantes mediante encapsulación || Usa composición o interfaces y justifica el diseño,Proyecto orientado a objetos con diagrama y README,no,revisar_automaticamente_antes_de_publicar,2026-08-04
dam_commit_conf_2026__dam-ed-001,dam_commit_conf_2026,Commit Conf 2026,evento,DAM,4,DAM-ED-001,Usar Git y un flujo de trabajo colaborativo,"Usar commits, ramas, repositorios remotos y pull requests.",Curso de Git y GitHub desde cero,MoureDev by Brais Moure,https://www.youtube.com/watch?v=3GymExBkKjE,https://www.youtube-nocookie.com/embed/3GymExBkKjE?rel=0&enablejsapi=1&cc_load_policy=1&end=14000,0,14000,si,si,si,si,evidencia_entregada_y_criterio_superado,Crea repositorio y commits atómicos con mensajes claros || Trabaja en una rama y abre un pull request || Resuelve un conflicto sencillo sin perder trabajo,"Repositorio con historial, rama y pull request",no,revisar_automaticamente_antes_de_publicar,2026-08-04
dam_commit_conf_2026__dam-dig-001,dam_commit_conf_2026,Commit Conf 2026,evento,DAM,5,DAM-DIG-001,"Analizar digitalización, datos e IA de forma responsable","Evaluar datos, automatización e IA con límites, trazabilidad y revisión humana.",Programación e inteligencia artificial responsable,MoureDev by Brais Moure,https://www.youtube.com/watch?v=uquw8yUKaYM,https://www.youtube-nocookie.com/embed/uquw8yUKaYM?rel=0&enablejsapi=1&cc_load_policy=1,0,0,si,si,si,si,evidencia_entregada_y_criterio_superado,"Modela un proceso antes y después de digitalizarlo || Identifica datos, riesgos y controles || Justifica cuándo una automatización o IA aporta valor",Mapa de proceso y ficha de riesgos,no,revisar_automaticamente_antes_de_publicar,2026-08-04
dam_gsoc_2026__dam-pro-001,dam_gsoc_2026,Google Summer of Code 2026,reto,DAM,1,DAM-PRO-001,"Programar con variables, decisiones y bucles","Programar variables, validaciones y decisiones.",Curso de Java desde cero,MoureDev by Brais Moure,https://www.youtube.com/watch?v=JOAqpdM36wI,https://www.youtube-nocookie.com/embed/JOAqpdM36wI?rel=0&enablejsapi=1&cc_load_policy=1&start=5294&end=11115,5294,11115,si,si,si,si,evidencia_entregada_y_criterio_superado,Usa tipos de datos y operadores adecuados || Resuelve decisiones y repeticiones sin bucles infinitos || Valida entradas y prueba casos límite,Tres programas de consola con casos de prueba,sí,revisar_automaticamente_antes_de_publicar,2026-08-04
dam_gsoc_2026__dam-pro-002,dam_gsoc_2026,Google Summer of Code 2026,reto,DAM,2,DAM-PRO-002,Diseñar funciones y trabajar con colecciones,Separar lógica en funciones y manipular colecciones.,Curso de Java desde cero,MoureDev by Brais Moure,https://www.youtube.com/watch?v=JOAqpdM36wI,https://www.youtube-nocookie.com/embed/JOAqpdM36wI?rel=0&enablejsapi=1&cc_load_policy=1&start=11115&end=19586,11115,19586,si,si,si,si,evidencia_entregada_y_criterio_superado,"Separa responsabilidades en funciones pequeñas || Recorre y transforma colecciones correctamente || Gestiona búsquedas, ordenación o agregación básica",Aplicación de consola modular con colección de objetos o datos,sí,revisar_automaticamente_antes_de_publicar,2026-08-04
dam_gsoc_2026__dam-pro-003,dam_gsoc_2026,Google Summer of Code 2026,reto,DAM,3,DAM-PRO-003,Aplicar programación orientada a objetos,"Modelar clases, objetos, encapsulación y composición.",Curso de Java desde cero,MoureDev by Brais Moure,https://www.youtube.com/watch?v=JOAqpdM36wI,https://www.youtube-nocookie.com/embed/JOAqpdM36wI?rel=0&enablejsapi=1&cc_load_policy=1&start=19586&end=27441,19586,27441,si,si,si,si,evidencia_entregada_y_criterio_superado,Define clases con responsabilidades claras || Protege invariantes mediante encapsulación || Usa composición o interfaces y justifica el diseño,Proyecto orientado a objetos con diagrama y README,no,revisar_automaticamente_antes_de_publicar,2026-08-04
dam_gsoc_2026__dam-ed-001,dam_gsoc_2026,Google Summer of Code 2026,reto,DAM,4,DAM-ED-001,Usar Git y un flujo de trabajo colaborativo,"Usar commits, ramas, repositorios remotos y pull requests.",Curso de Git y GitHub desde cero,MoureDev by Brais Moure,https://www.youtube.com/watch?v=3GymExBkKjE,https://www.youtube-nocookie.com/embed/3GymExBkKjE?rel=0&enablejsapi=1&cc_load_policy=1&end=14000,0,14000,si,si,si,si,evidencia_entregada_y_criterio_superado,Crea repositorio y commits atómicos con mensajes claros || Trabaja en una rama y abre un pull request || Resuelve un conflicto sencillo sin perder trabajo,"Repositorio con historial, rama y pull request",no,revisar_automaticamente_antes_de_publicar,2026-08-04
dam_gsoc_2026__dam-mob-001,dam_gsoc_2026,Google Summer of Code 2026,reto,DAM,5,DAM-MOB-001,Crear una aplicación móvil con navegación y estado,"Crear navegación, pantallas y gestión de estado en una app móvil.",Welcome to Android Basics with Compose,Android Developers,https://www.youtube.com/watch?v=lNKk-RSL7wg,https://www.youtube-nocookie.com/embed/lNKk-RSL7wg?rel=0&enablejsapi=1&cc_load_policy=1,0,0,si,si,si,si,evidencia_entregada_y_criterio_superado,Implementa varias pantallas y navegación || Gestiona estado y ciclo de vida sin pérdida inesperada || Adapta recursos a tamaños y orientaciones,APK o build de prueba con vídeo de uso,no,revisar_automaticamente_antes_de_publicar,2026-08-04
dam_nasa_space_apps_2026__dam-lm-001,dam_nasa_space_apps_2026,NASA Space Apps Challenge 2026,hackathon,DAM,1,DAM-LM-001,Estructurar información con lenguajes de marcas,Estructurar información usando etiquetas semánticas y jerarquía correcta.,Curso de HTML,jonmircha,https://www.youtube.com/watch?v=-oK6zL01fNM,https://www.youtube-nocookie.com/embed/-oK6zL01fNM?rel=0&enablejsapi=1&cc_load_policy=1,0,0,si,si,si,si,evidencia_entregada_y_criterio_superado,"Usa estructura semántica y validable || Diferencia HTML, XML y JSON y sus casos de uso || Interpreta o genera datos estructurados",Conjunto de documentos validados y ejemplo de consumo,sí,revisar_automaticamente_antes_de_publicar,2026-08-04
dam_nasa_space_apps_2026__dam-dig-001,dam_nasa_space_apps_2026,NASA Space Apps Challenge 2026,hackathon,DAM,2,DAM-DIG-001,"Analizar digitalización, datos e IA de forma responsable","Evaluar datos, automatización e IA con límites, trazabilidad y revisión humana.",Programación e inteligencia artificial responsable,MoureDev by Brais Moure,https://www.youtube.com/watch?v=uquw8yUKaYM,https://www.youtube-nocookie.com/embed/uquw8yUKaYM?rel=0&enablejsapi=1&cc_load_policy=1,0,0,si,si,si,si,evidencia_entregada_y_criterio_superado,"Modela un proceso antes y después de digitalizarlo || Identifica datos, riesgos y controles || Justifica cuándo una automatización o IA aporta valor",Mapa de proceso y ficha de riesgos,sí,revisar_automaticamente_antes_de_publicar,2026-08-04
dam_nasa_space_apps_2026__dam-prj-001,dam_nasa_space_apps_2026,NASA Space Apps Challenge 2026,hackathon,DAM,3,DAM-PRJ-001,Planificar y entregar un proyecto integrador,"Organizar la entrega de un proyecto mediante issues, ramas y revisión.",Curso de Git y GitHub desde cero,MoureDev by Brais Moure,https://www.youtube.com/watch?v=3GymExBkKjE,https://www.youtube-nocookie.com/embed/3GymExBkKjE?rel=0&enablejsapi=1&cc_load_policy=1&start=12100&end=13200,12100,13200,si,si,si,si,evidencia_entregada_y_criterio_superado,"El alcance y los criterios de aceptación están definidos || La solución funciona y está versionada || Incluye pruebas, documentación y una demo reproducible","Repositorio, demo, README, pruebas y presentación",no,revisar_automaticamente_antes_de_publicar,2026-08-04
dam_nasa_space_apps_2026__dam-prj-002,dam_nasa_space_apps_2026,NASA Space Apps Challenge 2026,hackathon,DAM,4,DAM-PRJ-002,Presentar y defender una solución,Crear una presentación visual coherente y preparar una defensa breve.,Kit de marca en Canva,Canva Latinoamérica,https://www.youtube.com/watch?v=havARJ_ZQg8,https://www.youtube-nocookie.com/embed/havARJ_ZQg8?rel=0&enablejsapi=1&cc_load_policy=1,0,0,si,si,si,si,evidencia_entregada_y_criterio_superado,Pitch de 3 a 5 minutos con estructura || Demo sin depender de pasos improvisados || Responde preguntas técnicas y reconoce límites,Vídeo de pitch o presentación en directo,no,revisar_automaticamente_antes_de_publicar,2026-08-04
dam_nasa_space_apps_2026__dam-mob-001,dam_nasa_space_apps_2026,NASA Space Apps Challenge 2026,hackathon,DAM,5,DAM-MOB-001,Crear una aplicación móvil con navegación y estado,"Crear navegación, pantallas y gestión de estado en una app móvil.",Welcome to Android Basics with Compose,Android Developers,https://www.youtube.com/watch?v=lNKk-RSL7wg,https://www.youtube-nocookie.com/embed/lNKk-RSL7wg?rel=0&enablejsapi=1&cc_load_policy=1,0,0,si,si,si,si,evidencia_entregada_y_criterio_superado,Implementa varias pantallas y navegación || Gestiona estado y ciclo de vida sin pérdida inesperada || Adapta recursos a tamaños y orientaciones,APK o build de prueba con vídeo de uso,no,revisar_automaticamente_antes_de_publicar,2026-08-04
dam_todofp_perfil__dam-emp-001,dam_todofp_perfil,TodoFP: Desarrollo de Aplicaciones Multiplataforma,fuente_noticias,DAM,1,DAM-EMP-001,Preparar perfil profesional y candidatura,"Organizar CV, portfolio, evidencias y documentos de candidatura en una carpeta compartible.","Curso completo de Google Drive: organizar, compartir y colaborar",Carlos Cortés Academy,https://www.youtube.com/watch?v=xBaRjZUVSgc,https://www.youtube-nocookie.com/embed/xBaRjZUVSgc?rel=0&enablejsapi=1&cc_load_policy=1,0,0,si,si,si,si,evidencia_entregada_y_criterio_superado,CV adaptado a un puesto concreto || Perfil GitHub o portfolio con dos evidencias explicadas || Matriz de requisitos y brechas de tres ofertas,"CV, perfil y matriz de brechas",no,revisar_automaticamente_antes_de_publicar,2026-08-04
dam_todofp_perfil__dam-bas-005,dam_todofp_perfil,TodoFP: Desarrollo de Aplicaciones Multiplataforma,fuente_noticias,DAM,2,DAM-BAS-005,Documentar errores y aprender mediante práctica,"Reproducir, aislar y documentar un error usando el depurador.",Visual Studio Code: curso para principiantes,HolaMundo,https://www.youtube.com/watch?v=Ei1y51K8jQk,https://www.youtube-nocookie.com/embed/Ei1y51K8jQk?rel=0&enablejsapi=1&cc_load_policy=1&start=1831&end=2500,1831,2500,si,si,si,si,evidencia_entregada_y_criterio_superado,Crea una plantilla de diario técnico || Documenta un error con pasos para reproducirlo || Distingue una fuente primaria de una explicación secundaria,Entrada de diario técnico con error resuelto,no,revisar_automaticamente_antes_de_publicar,2026-08-04
dam_android_developers_blog__dam-mob-001,dam_android_developers_blog,Android Developers Blog,fuente_noticias,DAM,1,DAM-MOB-001,Crear una aplicación móvil con navegación y estado,"Crear navegación, pantallas y gestión de estado en una app móvil.",Welcome to Android Basics with Compose,Android Developers,https://www.youtube.com/watch?v=lNKk-RSL7wg,https://www.youtube-nocookie.com/embed/lNKk-RSL7wg?rel=0&enablejsapi=1&cc_load_policy=1,0,0,si,si,si,si,evidencia_entregada_y_criterio_superado,Implementa varias pantallas y navegación || Gestiona estado y ciclo de vida sin pérdida inesperada || Adapta recursos a tamaños y orientaciones,APK o build de prueba con vídeo de uso,no,revisar_automaticamente_antes_de_publicar,2026-08-04
dam_android_developers_blog__dam-ui-001,dam_android_developers_blog,Android Developers Blog,fuente_noticias,DAM,2,DAM-UI-001,Construir interfaces de escritorio o multiplataforma,Construir pantallas declarativas con componentes y estado.,Welcome to Android Basics with Compose,Android Developers,https://www.youtube.com/watch?v=lNKk-RSL7wg,https://www.youtube-nocookie.com/embed/lNKk-RSL7wg?rel=0&enablejsapi=1&cc_load_policy=1,0,0,si,si,si,si,evidencia_entregada_y_criterio_superado,"La interfaz mantiene estado coherente || Valida datos y comunica errores || Separa vista, lógica y datos mediante un patrón reconocible",Aplicación de escritorio o multiplataforma con varias vistas,no,revisar_automaticamente_antes_de_publicar,2026-08-04
dam_android_developers_blog__dam-mob-002,dam_android_developers_blog,Android Developers Blog,fuente_noticias,DAM,3,DAM-MOB-002,"Integrar datos, red y capacidades del dispositivo","Integrar red, repositorios, almacenamiento y ciclo de vida.",How to build a data layer,Android Developers,https://www.youtube.com/watch?v=P125nWICYps,https://www.youtube-nocookie.com/embed/P125nWICYps?rel=0&enablejsapi=1&cc_load_policy=1,0,0,si,si,si,si,evidencia_entregada_y_criterio_superado,"Gestiona conectividad, carga y error || Solicita únicamente permisos necesarios || Mantiene datos locales y sincronización coherente",Aplicación móvil conectada con modo degradado,no,revisar_automaticamente_antes_de_publicar,2026-08-04
dam_android_developers_blog__dam-emp-001,dam_android_developers_blog,Android Developers Blog,fuente_noticias,DAM,4,DAM-EMP-001,Preparar perfil profesional y candidatura,"Organizar CV, portfolio, evidencias y documentos de candidatura en una carpeta compartible.","Curso completo de Google Drive: organizar, compartir y colaborar",Carlos Cortés Academy,https://www.youtube.com/watch?v=xBaRjZUVSgc,https://www.youtube-nocookie.com/embed/xBaRjZUVSgc?rel=0&enablejsapi=1&cc_load_policy=1,0,0,si,si,si,si,evidencia_entregada_y_criterio_superado,CV adaptado a un puesto concreto || Perfil GitHub o portfolio con dos evidencias explicadas || Matriz de requisitos y brechas de tres ofertas,"CV, perfil y matriz de brechas",no,revisar_automaticamente_antes_de_publicar,2026-08-04
dam_android_developers_blog__dam-bas-005,dam_android_developers_blog,Android Developers Blog,fuente_noticias,DAM,5,DAM-BAS-005,Documentar errores y aprender mediante práctica,"Reproducir, aislar y documentar un error usando el depurador.",Visual Studio Code: curso para principiantes,HolaMundo,https://www.youtube.com/watch?v=Ei1y51K8jQk,https://www.youtube-nocookie.com/embed/Ei1y51K8jQk?rel=0&enablejsapi=1&cc_load_policy=1&start=1831&end=2500,1831,2500,si,si,si,si,evidencia_entregada_y_criterio_superado,Crea una plantilla de diario técnico || Documenta un error con pasos para reproducirlo || Distingue una fuente primaria de una explicación secundaria,Entrada de diario técnico con error resuelto,no,revisar_automaticamente_antes_de_publicar,2026-08-04
dam_dev_java__dam-pro-001,dam_dev_java,Dev.java,fuente_noticias,DAM,1,DAM-PRO-001,"Programar con variables, decisiones y bucles","Programar variables, validaciones y decisiones.",Curso de Java desde cero,MoureDev by Brais Moure,https://www.youtube.com/watch?v=JOAqpdM36wI,https://www.youtube-nocookie.com/embed/JOAqpdM36wI?rel=0&enablejsapi=1&cc_load_policy=1&start=5294&end=11115,5294,11115,si,si,si,si,evidencia_entregada_y_criterio_superado,Usa tipos de datos y operadores adecuados || Resuelve decisiones y repeticiones sin bucles infinitos || Valida entradas y prueba casos límite,Tres programas de consola con casos de prueba,no,revisar_automaticamente_antes_de_publicar,2026-08-04
dam_dev_java__dam-pro-002,dam_dev_java,Dev.java,fuente_noticias,DAM,2,DAM-PRO-002,Diseñar funciones y trabajar con colecciones,Separar lógica en funciones y manipular colecciones.,Curso de Java desde cero,MoureDev by Brais Moure,https://www.youtube.com/watch?v=JOAqpdM36wI,https://www.youtube-nocookie.com/embed/JOAqpdM36wI?rel=0&enablejsapi=1&cc_load_policy=1&start=11115&end=19586,11115,19586,si,si,si,si,evidencia_entregada_y_criterio_superado,"Separa responsabilidades en funciones pequeñas || Recorre y transforma colecciones correctamente || Gestiona búsquedas, ordenación o agregación básica",Aplicación de consola modular con colección de objetos o datos,no,revisar_automaticamente_antes_de_publicar,2026-08-04
dam_dev_java__dam-pro-003,dam_dev_java,Dev.java,fuente_noticias,DAM,3,DAM-PRO-003,Aplicar programación orientada a objetos,"Modelar clases, objetos, encapsulación y composición.",Curso de Java desde cero,MoureDev by Brais Moure,https://www.youtube.com/watch?v=JOAqpdM36wI,https://www.youtube-nocookie.com/embed/JOAqpdM36wI?rel=0&enablejsapi=1&cc_load_policy=1&start=19586&end=27441,19586,27441,si,si,si,si,evidencia_entregada_y_criterio_superado,Define clases con responsabilidades claras || Protege invariantes mediante encapsulación || Usa composición o interfaces y justifica el diseño,Proyecto orientado a objetos con diagrama y README,no,revisar_automaticamente_antes_de_publicar,2026-08-04
dam_dev_java__dam-emp-001,dam_dev_java,Dev.java,fuente_noticias,DAM,4,DAM-EMP-001,Preparar perfil profesional y candidatura,"Organizar CV, portfolio, evidencias y documentos de candidatura en una carpeta compartible.","Curso completo de Google Drive: organizar, compartir y colaborar",Carlos Cortés Academy,https://www.youtube.com/watch?v=xBaRjZUVSgc,https://www.youtube-nocookie.com/embed/xBaRjZUVSgc?rel=0&enablejsapi=1&cc_load_policy=1,0,0,si,si,si,si,evidencia_entregada_y_criterio_superado,CV adaptado a un puesto concreto || Perfil GitHub o portfolio con dos evidencias explicadas || Matriz de requisitos y brechas de tres ofertas,"CV, perfil y matriz de brechas",no,revisar_automaticamente_antes_de_publicar,2026-08-04
dam_dev_java__dam-bas-005,dam_dev_java,Dev.java,fuente_noticias,DAM,5,DAM-BAS-005,Documentar errores y aprender mediante práctica,"Reproducir, aislar y documentar un error usando el depurador.",Visual Studio Code: curso para principiantes,HolaMundo,https://www.youtube.com/watch?v=Ei1y51K8jQk,https://www.youtube-nocookie.com/embed/Ei1y51K8jQk?rel=0&enablejsapi=1&cc_load_policy=1&start=1831&end=2500,1831,2500,si,si,si,si,evidencia_entregada_y_criterio_superado,Crea una plantilla de diario técnico || Documenta un error con pasos para reproducirlo || Distingue una fuente primaria de una explicación secundaria,Entrada de diario técnico con error resuelto,no,revisar_automaticamente_antes_de_publicar,2026-08-04
dam_incibe_formacion__dam-si-002,dam_incibe_formacion,Formación de INCIBE,fuente_noticias,DAM,1,DAM-SI-002,Aplicar red y seguridad básica,"Reconocer puertos, servicios y riesgos básicos de una aplicación conectada.",Fundamentos de Node.js,jonmircha,https://www.youtube.com/watch?v=0f26_Enlv38,https://www.youtube-nocookie.com/embed/0f26_Enlv38?rel=0&enablejsapi=1&cc_load_policy=1,0,0,si,si,si,si,evidencia_entregada_y_criterio_superado,"Configura una red local o servicio accesible de forma controlada || Diferencia autenticación, autorización y cifrado || Evita publicar secretos y define una estrategia de copia",Checklist de seguridad aplicado a un entorno de prueba,no,revisar_automaticamente_antes_de_publicar,2026-08-04
dam_incibe_formacion__dam-emp-001,dam_incibe_formacion,Formación de INCIBE,fuente_noticias,DAM,2,DAM-EMP-001,Preparar perfil profesional y candidatura,"Organizar CV, portfolio, evidencias y documentos de candidatura en una carpeta compartible.","Curso completo de Google Drive: organizar, compartir y colaborar",Carlos Cortés Academy,https://www.youtube.com/watch?v=xBaRjZUVSgc,https://www.youtube-nocookie.com/embed/xBaRjZUVSgc?rel=0&enablejsapi=1&cc_load_policy=1,0,0,si,si,si,si,evidencia_entregada_y_criterio_superado,CV adaptado a un puesto concreto || Perfil GitHub o portfolio con dos evidencias explicadas || Matriz de requisitos y brechas de tres ofertas,"CV, perfil y matriz de brechas",no,revisar_automaticamente_antes_de_publicar,2026-08-04
dam_incibe_formacion__dam-bas-005,dam_incibe_formacion,Formación de INCIBE,fuente_noticias,DAM,3,DAM-BAS-005,Documentar errores y aprender mediante práctica,"Reproducir, aislar y documentar un error usando el depurador.",Visual Studio Code: curso para principiantes,HolaMundo,https://www.youtube.com/watch?v=Ei1y51K8jQk,https://www.youtube-nocookie.com/embed/Ei1y51K8jQk?rel=0&enablejsapi=1&cc_load_policy=1&start=1831&end=2500,1831,2500,si,si,si,si,evidencia_entregada_y_criterio_superado,Crea una plantilla de diario técnico || Documenta un error con pasos para reproducirlo || Distingue una fuente primaria de una explicación secundaria,Entrada de diario técnico con error resuelto,no,revisar_automaticamente_antes_de_publicar,2026-08-04
dam_evidencia_android_compose__dam-pro-004,dam_evidencia_android_compose,Aplicación Android con Jetpack Compose,evidencia_recomendada,DAM,1,DAM-PRO-004,"Gestionar errores, ficheros y pruebas",Gestionar excepciones y usar el depurador.,Curso de Java desde cero,MoureDev by Brais Moure,https://www.youtube.com/watch?v=JOAqpdM36wI,https://www.youtube-nocookie.com/embed/JOAqpdM36wI?rel=0&enablejsapi=1&cc_load_policy=1&start=27441&end=30500,27441,30500,si,si,si,si,evidencia_entregada_y_criterio_superado,Maneja errores sin ocultarlos ni bloquear la aplicación || Lee y escribe datos de forma segura || Incluye pruebas para lógica importante y casos límite,Repositorio con pruebas y tratamiento de errores,no,revisar_automaticamente_antes_de_publicar,2026-08-04
dam_evidencia_android_compose__dam-mob-001,dam_evidencia_android_compose,Aplicación Android con Jetpack Compose,evidencia_recomendada,DAM,2,DAM-MOB-001,Crear una aplicación móvil con navegación y estado,"Crear navegación, pantallas y gestión de estado en una app móvil.",Welcome to Android Basics with Compose,Android Developers,https://www.youtube.com/watch?v=lNKk-RSL7wg,https://www.youtube-nocookie.com/embed/lNKk-RSL7wg?rel=0&enablejsapi=1&cc_load_policy=1,0,0,si,si,si,si,evidencia_entregada_y_criterio_superado,Implementa varias pantallas y navegación || Gestiona estado y ciclo de vida sin pérdida inesperada || Adapta recursos a tamaños y orientaciones,APK o build de prueba con vídeo de uso,no,revisar_automaticamente_antes_de_publicar,2026-08-04
dam_evidencia_android_compose__dam-arc-001,dam_evidencia_android_compose,Aplicación Android con Jetpack Compose,evidencia_recomendada,DAM,3,DAM-ARC-001,Diseñar una arquitectura multiplataforma mantenible,"Separar UI, dominio y datos con dependencias controladas.",How to build a data layer,Android Developers,https://www.youtube.com/watch?v=P125nWICYps,https://www.youtube-nocookie.com/embed/P125nWICYps?rel=0&enablejsapi=1&cc_load_policy=1,0,0,si,si,si,si,evidencia_entregada_y_criterio_superado,Las dependencias entre capas están justificadas || Los componentes críticos tienen pruebas || La arquitectura admite cambio de interfaz o persistencia con impacto limitado,"Diagrama de arquitectura, ADR y prueba de concepto",no,revisar_automaticamente_antes_de_publicar,2026-08-04
dam_evidencia_android_compose__dam-ui-001,dam_evidencia_android_compose,Aplicación Android con Jetpack Compose,evidencia_recomendada,DAM,4,DAM-UI-001,Construir interfaces de escritorio o multiplataforma,Construir pantallas declarativas con componentes y estado.,Welcome to Android Basics with Compose,Android Developers,https://www.youtube.com/watch?v=lNKk-RSL7wg,https://www.youtube-nocookie.com/embed/lNKk-RSL7wg?rel=0&enablejsapi=1&cc_load_policy=1,0,0,si,si,si,si,evidencia_entregada_y_criterio_superado,"La interfaz mantiene estado coherente || Valida datos y comunica errores || Separa vista, lógica y datos mediante un patrón reconocible",Aplicación de escritorio o multiplataforma con varias vistas,no,revisar_automaticamente_antes_de_publicar,2026-08-04
dam_evidencia_android_compose__dam-ui-002,dam_evidencia_android_compose,Aplicación Android con Jetpack Compose,evidencia_recomendada,DAM,5,DAM-UI-002,"Aplicar usabilidad, accesibilidad y empaquetado","Comprobar usabilidad, accesibilidad y preparación del paquete.",Welcome to Android Basics with Compose,Android Developers,https://www.youtube.com/watch?v=lNKk-RSL7wg,https://www.youtube-nocookie.com/embed/lNKk-RSL7wg?rel=0&enablejsapi=1&cc_load_policy=1,0,0,si,si,si,si,evidencia_entregada_y_criterio_superado,La aplicación puede usarse con navegación coherente y atajos básicos || Los mensajes permiten corregir errores || Genera un paquete o distribución reproducible,Prueba de usabilidad y artefacto instalable,no,revisar_automaticamente_antes_de_publicar,2026-08-04
dam_evidencia_android_room__dam-bd-002,dam_evidencia_android_room,Aplicación Android con Room,evidencia_recomendada,DAM,1,DAM-BD-002,Crear y consultar una base de datos con SQL,Crear tablas y resolver consultas SQL sobre varias entidades.,Curso de SQL desde cero,MoureDev by Brais Moure,https://www.youtube.com/watch?v=OuJerKzV5T0,https://www.youtube-nocookie.com/embed/OuJerKzV5T0?rel=0&enablejsapi=1&cc_load_policy=1,0,0,si,si,si,si,evidencia_entregada_y_criterio_superado,"Crea tablas con tipos y restricciones correctas || Realiza CRUD y consultas con JOIN || Usa agregaciones, filtros y ordenación sobre datos coherentes",Script SQL ejecutable con datos de prueba y 12 consultas,no,revisar_automaticamente_antes_de_publicar,2026-08-04
dam_evidencia_android_room__dam-mob-002,dam_evidencia_android_room,Aplicación Android con Room,evidencia_recomendada,DAM,2,DAM-MOB-002,"Integrar datos, red y capacidades del dispositivo","Integrar red, repositorios, almacenamiento y ciclo de vida.",How to build a data layer,Android Developers,https://www.youtube.com/watch?v=P125nWICYps,https://www.youtube-nocookie.com/embed/P125nWICYps?rel=0&enablejsapi=1&cc_load_policy=1,0,0,si,si,si,si,evidencia_entregada_y_criterio_superado,"Gestiona conectividad, carga y error || Solicita únicamente permisos necesarios || Mantiene datos locales y sincronización coherente",Aplicación móvil conectada con modo degradado,no,revisar_automaticamente_antes_de_publicar,2026-08-04
dam_evidencia_android_room__dam-bas-005,dam_evidencia_android_room,Aplicación Android con Room,evidencia_recomendada,DAM,3,DAM-BAS-005,Documentar errores y aprender mediante práctica,"Reproducir, aislar y documentar un error usando el depurador.",Visual Studio Code: curso para principiantes,HolaMundo,https://www.youtube.com/watch?v=Ei1y51K8jQk,https://www.youtube-nocookie.com/embed/Ei1y51K8jQk?rel=0&enablejsapi=1&cc_load_policy=1&start=1831&end=2500,1831,2500,si,si,si,si,evidencia_entregada_y_criterio_superado,Crea una plantilla de diario técnico || Documenta un error con pasos para reproducirlo || Distingue una fuente primaria de una explicación secundaria,Entrada de diario técnico con error resuelto,no,revisar_automaticamente_antes_de_publicar,2026-08-04
dam_evidencia_android_room__dam-bd-001,dam_evidencia_android_room,Aplicación Android con Room,evidencia_recomendada,DAM,4,DAM-BD-001,Modelar datos relacionales,"Crear un modelo relacional con entidades, relaciones y claves.",Diseño de bases de datos,jonmircha,https://www.youtube.com/watch?v=HXE169-n5pM,https://www.youtube-nocookie.com/embed/HXE169-n5pM?rel=0&enablejsapi=1&cc_load_policy=1,0,0,si,si,si,si,evidencia_entregada_y_criterio_superado,"Identifica entidades y relaciones de un caso || Normaliza hasta un diseño razonable || Define claves primarias, foráneas y restricciones",Diagrama entidad-relación y modelo relacional,no,revisar_automaticamente_antes_de_publicar,2026-08-04
dam_evidencia_android_room__dam-bd-003,dam_evidencia_android_room,Aplicación Android con Room,evidencia_recomendada,DAM,5,DAM-BD-003,"Mantener integridad, transacciones y acceso seguro","Aplicar restricciones, transacciones y permisos básicos en una base de datos.",Curso de SQL desde cero,MoureDev by Brais Moure,https://www.youtube.com/watch?v=OuJerKzV5T0,https://www.youtube-nocookie.com/embed/OuJerKzV5T0?rel=0&enablejsapi=1&cc_load_policy=1,0,0,si,si,si,si,evidencia_entregada_y_criterio_superado,Demuestra una transacción con confirmación y reversión || Crea un usuario con privilegios mínimos || Realiza y verifica una copia y restauración de prueba,Script y registro de una restauración controlada,no,revisar_automaticamente_antes_de_publicar,2026-08-04
dam_evidencia_spring_boot_api__dam-pro-004,dam_evidencia_spring_boot_api,Backend Java con Spring Boot y JPA,evidencia_recomendada,DAM,1,DAM-PRO-004,"Gestionar errores, ficheros y pruebas",Gestionar excepciones y usar el depurador.,Curso de Java desde cero,MoureDev by Brais Moure,https://www.youtube.com/watch?v=JOAqpdM36wI,https://www.youtube-nocookie.com/embed/JOAqpdM36wI?rel=0&enablejsapi=1&cc_load_policy=1&start=27441&end=30500,27441,30500,si,si,si,si,evidencia_entregada_y_criterio_superado,Maneja errores sin ocultarlos ni bloquear la aplicación || Lee y escribe datos de forma segura || Incluye pruebas para lógica importante y casos límite,Repositorio con pruebas y tratamiento de errores,no,revisar_automaticamente_antes_de_publicar,2026-08-04
dam_evidencia_spring_boot_api__dam-bas-004,dam_evidencia_spring_boot_api,Backend Java con Spring Boot y JPA,evidencia_recomendada,DAM,2,DAM-BAS-004,Comprender cómo funciona una aplicación conectada,"Distinguir cliente, servidor, red, petición, respuesta y datos.",Fundamentos de Node.js,jonmircha,https://www.youtube.com/watch?v=0f26_Enlv38,https://www.youtube-nocookie.com/embed/0f26_Enlv38?rel=0&enablejsapi=1&cc_load_policy=1,0,0,si,si,si,si,evidencia_entregada_y_criterio_superado,"Dibuja el recorrido de una petición desde navegador o app hasta servidor || Diferencia frontend, backend y base de datos || Interpreta códigos HTTP comunes y una URL",Diagrama comentado de una aplicación sencilla,no,revisar_automaticamente_antes_de_publicar,2026-08-04
dam_evidencia_spring_boot_api__dam-bd-001,dam_evidencia_spring_boot_api,Backend Java con Spring Boot y JPA,evidencia_recomendada,DAM,3,DAM-BD-001,Modelar datos relacionales,"Crear un modelo relacional con entidades, relaciones y claves.",Diseño de bases de datos,jonmircha,https://www.youtube.com/watch?v=HXE169-n5pM,https://www.youtube-nocookie.com/embed/HXE169-n5pM?rel=0&enablejsapi=1&cc_load_policy=1,0,0,si,si,si,si,evidencia_entregada_y_criterio_superado,"Identifica entidades y relaciones de un caso || Normaliza hasta un diseño razonable || Define claves primarias, foráneas y restricciones",Diagrama entidad-relación y modelo relacional,no,revisar_automaticamente_antes_de_publicar,2026-08-04
dam_evidencia_spring_boot_api__dam-bd-002,dam_evidencia_spring_boot_api,Backend Java con Spring Boot y JPA,evidencia_recomendada,DAM,4,DAM-BD-002,Crear y consultar una base de datos con SQL,Crear tablas y resolver consultas SQL sobre varias entidades.,Curso de SQL desde cero,MoureDev by Brais Moure,https://www.youtube.com/watch?v=OuJerKzV5T0,https://www.youtube-nocookie.com/embed/OuJerKzV5T0?rel=0&enablejsapi=1&cc_load_policy=1,0,0,si,si,si,si,evidencia_entregada_y_criterio_superado,"Crea tablas con tipos y restricciones correctas || Realiza CRUD y consultas con JOIN || Usa agregaciones, filtros y ordenación sobre datos coherentes",Script SQL ejecutable con datos de prueba y 12 consultas,no,revisar_automaticamente_antes_de_publicar,2026-08-04
dam_evidencia_spring_boot_api__dam-bd-003,dam_evidencia_spring_boot_api,Backend Java con Spring Boot y JPA,evidencia_recomendada,DAM,5,DAM-BD-003,"Mantener integridad, transacciones y acceso seguro","Aplicar restricciones, transacciones y permisos básicos en una base de datos.",Curso de SQL desde cero,MoureDev by Brais Moure,https://www.youtube.com/watch?v=OuJerKzV5T0,https://www.youtube-nocookie.com/embed/OuJerKzV5T0?rel=0&enablejsapi=1&cc_load_policy=1,0,0,si,si,si,si,evidencia_entregada_y_criterio_superado,Demuestra una transacción con confirmación y reversión || Crea un usuario con privilegios mínimos || Realiza y verifica una copia y restauración de prueba,Script y registro de una restauración controlada,no,revisar_automaticamente_antes_de_publicar,2026-08-04
dam_evidencia_ci_docker__dam-ed-002,dam_evidencia_ci_docker,Proyecto con CI y despliegue reproducible,evidencia_recomendada,DAM,1,DAM-ED-002,"Depurar, automatizar y mantener calidad",Depurar y detectar fallos de forma sistemática.,Visual Studio Code: curso para principiantes,HolaMundo,https://www.youtube.com/watch?v=Ei1y51K8jQk,https://www.youtube-nocookie.com/embed/Ei1y51K8jQk?rel=0&enablejsapi=1&cc_load_policy=1&start=1831&end=3857,1831,3857,si,si,si,si,evidencia_entregada_y_criterio_superado,Usa puntos de ruptura e inspección de variables || Configura formato o lint reproducible || Ejecuta pruebas automáticamente en cada cambio relevante,Repositorio con configuración y workflow de pruebas,no,revisar_automaticamente_antes_de_publicar,2026-08-04
dam_evidencia_ci_docker__dam-pro-004,dam_evidencia_ci_docker,Proyecto con CI y despliegue reproducible,evidencia_recomendada,DAM,2,DAM-PRO-004,"Gestionar errores, ficheros y pruebas",Gestionar excepciones y usar el depurador.,Curso de Java desde cero,MoureDev by Brais Moure,https://www.youtube.com/watch?v=JOAqpdM36wI,https://www.youtube-nocookie.com/embed/JOAqpdM36wI?rel=0&enablejsapi=1&cc_load_policy=1&start=27441&end=30500,27441,30500,si,si,si,si,evidencia_entregada_y_criterio_superado,Maneja errores sin ocultarlos ni bloquear la aplicación || Lee y escribe datos de forma segura || Incluye pruebas para lógica importante y casos límite,Repositorio con pruebas y tratamiento de errores,no,revisar_automaticamente_antes_de_publicar,2026-08-04
dam_evidencia_ci_docker__dam-pro-001,dam_evidencia_ci_docker,Proyecto con CI y despliegue reproducible,evidencia_recomendada,DAM,3,DAM-PRO-001,"Programar con variables, decisiones y bucles","Programar variables, validaciones y decisiones.",Curso de Java desde cero,MoureDev by Brais Moure,https://www.youtube.com/watch?v=JOAqpdM36wI,https://www.youtube-nocookie.com/embed/JOAqpdM36wI?rel=0&enablejsapi=1&cc_load_policy=1&start=5294&end=11115,5294,11115,si,si,si,si,evidencia_entregada_y_criterio_superado,Usa tipos de datos y operadores adecuados || Resuelve decisiones y repeticiones sin bucles infinitos || Valida entradas y prueba casos límite,Tres programas de consola con casos de prueba,no,revisar_automaticamente_antes_de_publicar,2026-08-04
dam_evidencia_ci_docker__dam-pro-002,dam_evidencia_ci_docker,Proyecto con CI y despliegue reproducible,evidencia_recomendada,DAM,4,DAM-PRO-002,Diseñar funciones y trabajar con colecciones,Separar lógica en funciones y manipular colecciones.,Curso de Java desde cero,MoureDev by Brais Moure,https://www.youtube.com/watch?v=JOAqpdM36wI,https://www.youtube-nocookie.com/embed/JOAqpdM36wI?rel=0&enablejsapi=1&cc_load_policy=1&start=11115&end=19586,11115,19586,si,si,si,si,evidencia_entregada_y_criterio_superado,"Separa responsabilidades en funciones pequeñas || Recorre y transforma colecciones correctamente || Gestiona búsquedas, ordenación o agregación básica",Aplicación de consola modular con colección de objetos o datos,no,revisar_automaticamente_antes_de_publicar,2026-08-04
dam_evidencia_ci_docker__dam-pro-003,dam_evidencia_ci_docker,Proyecto con CI y despliegue reproducible,evidencia_recomendada,DAM,5,DAM-PRO-003,Aplicar programación orientada a objetos,"Modelar clases, objetos, encapsulación y composición.",Curso de Java desde cero,MoureDev by Brais Moure,https://www.youtube.com/watch?v=JOAqpdM36wI,https://www.youtube-nocookie.com/embed/JOAqpdM36wI?rel=0&enablejsapi=1&cc_load_policy=1&start=19586&end=27441,19586,27441,si,si,si,si,evidencia_entregada_y_criterio_superado,Define clases con responsabilidades claras || Protege invariantes mediante encapsulación || Usa composición o interfaces y justifica el diseño,Proyecto orientado a objetos con diagrama y README,no,revisar_automaticamente_antes_de_publicar,2026-08-04
dam_camara_comercio_granada__dam-bd-001,dam_camara_comercio_granada,Cámara de Comercio de Granada,instituto,DAM,1,DAM-BD-001,Modelar datos relacionales,"Crear un modelo relacional con entidades, relaciones y claves.",Diseño de bases de datos,jonmircha,https://www.youtube.com/watch?v=HXE169-n5pM,https://www.youtube-nocookie.com/embed/HXE169-n5pM?rel=0&enablejsapi=1&cc_load_policy=1,0,0,si,si,si,si,evidencia_entregada_y_criterio_superado,"Identifica entidades y relaciones de un caso || Normaliza hasta un diseño razonable || Define claves primarias, foráneas y restricciones",Diagrama entidad-relación y modelo relacional,no,revisar_automaticamente_antes_de_publicar,2026-08-04
dam_camara_comercio_granada__dam-emp-001,dam_camara_comercio_granada,Cámara de Comercio de Granada,instituto,DAM,2,DAM-EMP-001,Preparar perfil profesional y candidatura,"Organizar CV, portfolio, evidencias y documentos de candidatura en una carpeta compartible.","Curso completo de Google Drive: organizar, compartir y colaborar",Carlos Cortés Academy,https://www.youtube.com/watch?v=xBaRjZUVSgc,https://www.youtube-nocookie.com/embed/xBaRjZUVSgc?rel=0&enablejsapi=1&cc_load_policy=1,0,0,si,si,si,si,evidencia_entregada_y_criterio_superado,CV adaptado a un puesto concreto || Perfil GitHub o portfolio con dos evidencias explicadas || Matriz de requisitos y brechas de tres ofertas,"CV, perfil y matriz de brechas",no,revisar_automaticamente_antes_de_publicar,2026-08-04
dam_camara_comercio_granada__dam-bas-005,dam_camara_comercio_granada,Cámara de Comercio de Granada,instituto,DAM,3,DAM-BAS-005,Documentar errores y aprender mediante práctica,"Reproducir, aislar y documentar un error usando el depurador.",Visual Studio Code: curso para principiantes,HolaMundo,https://www.youtube.com/watch?v=Ei1y51K8jQk,https://www.youtube-nocookie.com/embed/Ei1y51K8jQk?rel=0&enablejsapi=1&cc_load_policy=1&start=1831&end=2500,1831,2500,si,si,si,si,evidencia_entregada_y_criterio_superado,Crea una plantilla de diario técnico || Documenta un error con pasos para reproducirlo || Distingue una fuente primaria de una explicación secundaria,Entrada de diario técnico con error resuelto,no,revisar_automaticamente_antes_de_publicar,2026-08-04
dam_ayuntamiento_granada_recurso_local__dam-emp-001,dam_ayuntamiento_granada_recurso_local,Área de Empleo del Ayuntamiento de Granada,instituto,DAM,1,DAM-EMP-001,Preparar perfil profesional y candidatura,"Organizar CV, portfolio, evidencias y documentos de candidatura en una carpeta compartible.","Curso completo de Google Drive: organizar, compartir y colaborar",Carlos Cortés Academy,https://www.youtube.com/watch?v=xBaRjZUVSgc,https://www.youtube-nocookie.com/embed/xBaRjZUVSgc?rel=0&enablejsapi=1&cc_load_policy=1,0,0,si,si,si,si,evidencia_entregada_y_criterio_superado,CV adaptado a un puesto concreto || Perfil GitHub o portfolio con dos evidencias explicadas || Matriz de requisitos y brechas de tres ofertas,"CV, perfil y matriz de brechas",no,revisar_automaticamente_antes_de_publicar,2026-08-04
dam_ayuntamiento_granada_recurso_local__dam-bas-005,dam_ayuntamiento_granada_recurso_local,Área de Empleo del Ayuntamiento de Granada,instituto,DAM,2,DAM-BAS-005,Documentar errores y aprender mediante práctica,"Reproducir, aislar y documentar un error usando el depurador.",Visual Studio Code: curso para principiantes,HolaMundo,https://www.youtube.com/watch?v=Ei1y51K8jQk,https://www.youtube-nocookie.com/embed/Ei1y51K8jQk?rel=0&enablejsapi=1&cc_load_policy=1&start=1831&end=2500,1831,2500,si,si,si,si,evidencia_entregada_y_criterio_superado,Crea una plantilla de diario técnico || Documenta un error con pasos para reproducirlo || Distingue una fuente primaria de una explicación secundaria,Entrada de diario técnico con error resuelto,no,revisar_automaticamente_antes_de_publicar,2026-08-04
dam_oferta_modular_andalucia__dam-si-001,dam_oferta_modular_andalucia,Oferta Modular Diferenciada de FP,recurso,DAM,1,DAM-SI-001,Instalar y configurar un sistema de trabajo,Instalar y configurar un entorno de trabajo reproducible.,Visual Studio Code: curso para principiantes,HolaMundo,https://www.youtube.com/watch?v=Ei1y51K8jQk,https://www.youtube-nocookie.com/embed/Ei1y51K8jQk?rel=0&enablejsapi=1&cc_load_policy=1&start=78&end=1210,78,1210,si,si,si,si,evidencia_entregada_y_criterio_superado,"Instala o configura una máquina virtual o entorno equivalente || Crea usuarios y aplica actualizaciones || Documenta requisitos, red y almacenamiento",Guía de instalación reproducible con capturas,no,revisar_automaticamente_antes_de_publicar,2026-08-04
dam_oferta_modular_andalucia__dam-bas-005,dam_oferta_modular_andalucia,Oferta Modular Diferenciada de FP,recurso,DAM,2,DAM-BAS-005,Documentar errores y aprender mediante práctica,"Reproducir, aislar y documentar un error usando el depurador.",Visual Studio Code: curso para principiantes,HolaMundo,https://www.youtube.com/watch?v=Ei1y51K8jQk,https://www.youtube-nocookie.com/embed/Ei1y51K8jQk?rel=0&enablejsapi=1&cc_load_policy=1&start=1831&end=2500,1831,2500,si,si,si,si,evidencia_entregada_y_criterio_superado,Crea una plantilla de diario técnico || Documenta un error con pasos para reproducirlo || Distingue una fuente primaria de una explicación secundaria,Entrada de diario técnico con error resuelto,no,revisar_automaticamente_antes_de_publicar,2026-08-04
tsaf_titulo_oficial_andalucia__tsaf-bas-005,tsaf_titulo_oficial_andalucia,Ficha oficial de Técnico Superior en Acondicionamiento Físico,recurso,TSAF,1,TSAF-BAS-005,"Distinguir alcance profesional, derivación y consentimiento","Distinguir entrenamiento, derivación sanitaria y consentimiento.","PhysioWods: movilidad, fisiología, gestión y comunicación profesional",PhysioWods - Ana Galeote,https://www.youtube.com/playlist?list=PLU_3vrvW7HKenS14CstIF_H5fRvnBgi6z,https://www.youtube-nocookie.com/embed/videoseries?rel=0&enablejsapi=1&cc_load_policy=1&list=PLU_3vrvW7HKenS14CstIF_H5fRvnBgi6z&listType=playlist,0,0,si,si,si,si,evidencia_entregada_y_criterio_superado,"Diferencia entrenamiento, valoración funcional y diagnóstico clínico || Identifica cuándo detener y derivar || Usa un consentimiento sencillo para grabación o datos",Checklist de límites y consentimiento ficticio,no,revisar_automaticamente_antes_de_publicar,2026-08-04
tsaf_titulo_oficial_andalucia__tsaf-mus-002,tsaf_titulo_oficial_andalucia,Ficha oficial de Técnico Superior en Acondicionamiento Físico,recurso,TSAF,2,TSAF-MUS-002,Diseñar coreografías por niveles,Diseñar progresiones coreográficas simples por niveles.,"PhysioWods: movilidad, fisiología, gestión y comunicación profesional",PhysioWods - Ana Galeote,https://www.youtube.com/playlist?list=PLU_3vrvW7HKenS14CstIF_H5fRvnBgi6z,https://www.youtube-nocookie.com/embed/videoseries?rel=0&enablejsapi=1&cc_load_policy=1&list=PLU_3vrvW7HKenS14CstIF_H5fRvnBgi6z&listType=playlist,0,0,si,si,si,si,evidencia_entregada_y_criterio_superado,"La secuencia puede enseñarse por capas || Incluye opciones de menor y mayor impacto || Mantiene seguridad, intensidad y orientación espacial",Coreografía de 15 minutos con progresiones,no,revisar_automaticamente_antes_de_publicar,2026-08-04
tsaf_titulo_oficial_andalucia__tsaf-mus-003,tsaf_titulo_oficial_andalucia,Ficha oficial de Técnico Superior en Acondicionamiento Físico,recurso,TSAF,3,TSAF-MUS-003,Dirigir una clase grupal especializada,"Dirigir grupo, anticipar cambios y ofrecer regresiones.","PhysioWods: movilidad, fisiología, gestión y comunicación profesional",PhysioWods - Ana Galeote,https://www.youtube.com/playlist?list=PLU_3vrvW7HKenS14CstIF_H5fRvnBgi6z,https://www.youtube-nocookie.com/embed/videoseries?rel=0&enablejsapi=1&cc_load_policy=1&list=PLU_3vrvW7HKenS14CstIF_H5fRvnBgi6z&listType=playlist,0,0,si,si,si,si,evidencia_entregada_y_criterio_superado,Da consignas anticipadas y visibles || Controla al grupo y corrige sin detener innecesariamente || Adapta intensidad y observa signos de fatiga,Vídeo de clase de 20 minutos,no,revisar_automaticamente_antes_de_publicar,2026-08-04
tsaf_todofp_ficha_nacional__tsaf-fit-001,tsaf_todofp_ficha_nacional,Técnico Superior en Acondicionamiento Físico en TodoFP,recurso,TSAF,1,TSAF-FIT-001,Seleccionar ejercicios y enseñar técnica,"Seleccionar ejercicios, explicar técnica y establecer progresiones.",Cómo programar el entrenamiento de fuerza,Fit Generation,https://www.youtube.com/watch?v=eAnc33YC0n8,https://www.youtube-nocookie.com/embed/eAnc33YC0n8?rel=0&enablejsapi=1&cc_load_policy=1,0,0,si,si,si,si,evidencia_entregada_y_criterio_superado,Demuestra técnica y errores frecuentes || Propone al menos una regresión y una progresión || Justifica selección según objetivo y seguridad,Biblioteca de 20 ejercicios con fichas,no,revisar_automaticamente_antes_de_publicar,2026-08-04
tsaf_todofp_ficha_nacional__tsaf-eng-001,tsaf_todofp_ficha_nacional,Técnico Superior en Acondicionamiento Físico en TodoFP,recurso,TSAF,2,TSAF-ENG-001,Comprender instrucciones y recursos profesionales en inglés,"Practicar escucha, glosario y resumen de instrucciones técnicas en inglés.",How to build a data layer,Android Developers,https://www.youtube.com/watch?v=P125nWICYps,https://www.youtube-nocookie.com/embed/P125nWICYps?rel=0&enablejsapi=1&cc_load_policy=1,0,0,si,si,si,si,evidencia_entregada_y_criterio_superado,Resume un protocolo en español || Da instrucciones básicas de ejercicio en inglés || Redacta un mensaje profesional breve,Ficha bilingüe de una sesión,no,revisar_automaticamente_antes_de_publicar,2026-08-04
tsaf_todofp_ficha_nacional__tsaf-emp-001,tsaf_todofp_ficha_nacional,Técnico Superior en Acondicionamiento Físico en TodoFP,recurso,TSAF,3,TSAF-EMP-001,Preparar candidatura profesional en fitness y deporte,"Preparar CV, certificados, planificaciones y evidencias compartibles.","Curso completo de Google Drive: organizar, compartir y colaborar",Carlos Cortés Academy,https://www.youtube.com/watch?v=xBaRjZUVSgc,https://www.youtube-nocookie.com/embed/xBaRjZUVSgc?rel=0&enablejsapi=1&cc_load_policy=1,0,0,si,si,si,si,evidencia_entregada_y_criterio_superado,CV adaptado a un puesto real || Portfolio con dos sesiones y una valoración ficticia || Matriz de requisitos y límites profesionales,"CV, portfolio y matriz de brechas",no,revisar_automaticamente_antes_de_publicar,2026-08-04
tsaf_todofp_ficha_nacional__tsaf-prj-001,tsaf_todofp_ficha_nacional,Técnico Superior en Acondicionamiento Físico en TodoFP,recurso,TSAF,4,TSAF-PRJ-001,Crear un programa integral de acondicionamiento físico,"Construir un programa integral con evaluación, progresión y revisión.",Cómo programar el entrenamiento de fuerza,Fit Generation,https://www.youtube.com/watch?v=eAnc33YC0n8,https://www.youtube-nocookie.com/embed/eAnc33YC0n8?rel=0&enablejsapi=1&cc_load_policy=1,0,0,si,si,si,si,evidencia_entregada_y_criterio_superado,"Define población, necesidad y límites || Programa sesiones y evaluación coherentes || Incluye seguridad, recursos, privacidad y calidad","Memoria, sesiones, instrumentos y presentación",no,revisar_automaticamente_antes_de_publicar,2026-08-04
tsaf_todofp_ficha_nacional__tsaf-mus-003,tsaf_todofp_ficha_nacional,Técnico Superior en Acondicionamiento Físico en TodoFP,recurso,TSAF,5,TSAF-MUS-003,Dirigir una clase grupal especializada,"Dirigir grupo, anticipar cambios y ofrecer regresiones.","PhysioWods: movilidad, fisiología, gestión y comunicación profesional",PhysioWods - Ana Galeote,https://www.youtube.com/playlist?list=PLU_3vrvW7HKenS14CstIF_H5fRvnBgi6z,https://www.youtube-nocookie.com/embed/videoseries?rel=0&enablejsapi=1&cc_load_policy=1&list=PLU_3vrvW7HKenS14CstIF_H5fRvnBgi6z&listType=playlist,0,0,si,si,si,si,evidencia_entregada_y_criterio_superado,Da consignas anticipadas y visibles || Controla al grupo y corrige sin detener innecesariamente || Adapta intensidad y observa signos de fatiga,Vídeo de clase de 20 minutos,no,revisar_automaticamente_antes_de_publicar,2026-08-04
tsaf_curriculo_boja_andalucia__tsaf-mus-002,tsaf_curriculo_boja_andalucia,Currículo oficial de TSAF en Andalucía,recurso,TSAF,1,TSAF-MUS-002,Diseñar coreografías por niveles,Diseñar progresiones coreográficas simples por niveles.,"PhysioWods: movilidad, fisiología, gestión y comunicación profesional",PhysioWods - Ana Galeote,https://www.youtube.com/playlist?list=PLU_3vrvW7HKenS14CstIF_H5fRvnBgi6z,https://www.youtube-nocookie.com/embed/videoseries?rel=0&enablejsapi=1&cc_load_policy=1&list=PLU_3vrvW7HKenS14CstIF_H5fRvnBgi6z&listType=playlist,0,0,si,si,si,si,evidencia_entregada_y_criterio_superado,"La secuencia puede enseñarse por capas || Incluye opciones de menor y mayor impacto || Mantiene seguridad, intensidad y orientación espacial",Coreografía de 15 minutos con progresiones,no,revisar_automaticamente_antes_de_publicar,2026-08-04
tsaf_curriculo_boja_andalucia__tsaf-mus-003,tsaf_curriculo_boja_andalucia,Currículo oficial de TSAF en Andalucía,recurso,TSAF,2,TSAF-MUS-003,Dirigir una clase grupal especializada,"Dirigir grupo, anticipar cambios y ofrecer regresiones.","PhysioWods: movilidad, fisiología, gestión y comunicación profesional",PhysioWods - Ana Galeote,https://www.youtube.com/playlist?list=PLU_3vrvW7HKenS14CstIF_H5fRvnBgi6z,https://www.youtube-nocookie.com/embed/videoseries?rel=0&enablejsapi=1&cc_load_policy=1&list=PLU_3vrvW7HKenS14CstIF_H5fRvnBgi6z&listType=playlist,0,0,si,si,si,si,evidencia_entregada_y_criterio_superado,Da consignas anticipadas y visibles || Controla al grupo y corrige sin detener innecesariamente || Adapta intensidad y observa signos de fatiga,Vídeo de clase de 20 minutos,no,revisar_automaticamente_antes_de_publicar,2026-08-04
tsaf_curriculo_boja_andalucia__tsaf-bas-005,tsaf_curriculo_boja_andalucia,Currículo oficial de TSAF en Andalucía,recurso,TSAF,3,TSAF-BAS-005,"Distinguir alcance profesional, derivación y consentimiento","Distinguir entrenamiento, derivación sanitaria y consentimiento.","PhysioWods: movilidad, fisiología, gestión y comunicación profesional",PhysioWods - Ana Galeote,https://www.youtube.com/playlist?list=PLU_3vrvW7HKenS14CstIF_H5fRvnBgi6z,https://www.youtube-nocookie.com/embed/videoseries?rel=0&enablejsapi=1&cc_load_policy=1&list=PLU_3vrvW7HKenS14CstIF_H5fRvnBgi6z&listType=playlist,0,0,si,si,si,si,evidencia_entregada_y_criterio_superado,"Diferencia entrenamiento, valoración funcional y diagnóstico clínico || Identifica cuándo detener y derivar || Usa un consentimiento sencillo para grabación o datos",Checklist de límites y consentimiento ficticio,no,revisar_automaticamente_antes_de_publicar,2026-08-04
tsaf_iad_formacion_continua_2026__tsaf-ges-001,tsaf_iad_formacion_continua_2026,Programa de Formación Continua 2026 del IAD,recurso,TSAF,1,TSAF-GES-001,"Organizar recursos, calidad y seguridad de una instalación","Definir recursos, riesgos, calidad y operación básica de un centro.","PhysioWods: movilidad, fisiología, gestión y comunicación profesional",PhysioWods - Ana Galeote,https://www.youtube.com/playlist?list=PLU_3vrvW7HKenS14CstIF_H5fRvnBgi6z,https://www.youtube-nocookie.com/embed/videoseries?rel=0&enablejsapi=1&cc_load_policy=1&list=PLU_3vrvW7HKenS14CstIF_H5fRvnBgi6z&listType=playlist,0,0,si,si,si,si,evidencia_entregada_y_criterio_superado,Completa inspección de seguridad y accesibilidad || Define procedimiento de incidencia y mantenimiento || Propone indicadores de calidad y satisfacción,Auditoría de instalación real o simulada,no,revisar_automaticamente_antes_de_publicar,2026-08-04
tsaf_iad_formacion_continua_2026__tsaf-bas-003,tsaf_iad_formacion_continua_2026,Programa de Formación Continua 2026 del IAD,recurso,TSAF,2,TSAF-BAS-003,Comprender respuestas básicas al ejercicio,"Relacionar esfuerzo, respuesta fisiológica, recuperación y adaptaciones al ejercicio.",Fisiología del ejercicio — Parte II,Facultad de Ciencias Médicas,https://www.youtube.com/watch?v=ga88pqiForY,https://www.youtube-nocookie.com/embed/ga88pqiForY?rel=0&enablejsapi=1&cc_load_policy=1,0,0,si,si,si,si,evidencia_entregada_y_criterio_superado,Explica respuesta aguda y adaptación crónica || Calcula zonas orientativas sin presentarlas como diagnóstico || Reconoce señales para detener actividad y derivar,Resumen aplicado a tres perfiles ficticios,no,revisar_automaticamente_antes_de_publicar,2026-08-04
tsaf_iad_formacion_continua_2026__tsaf-bas-005,tsaf_iad_formacion_continua_2026,Programa de Formación Continua 2026 del IAD,recurso,TSAF,3,TSAF-BAS-005,"Distinguir alcance profesional, derivación y consentimiento","Distinguir entrenamiento, derivación sanitaria y consentimiento.","PhysioWods: movilidad, fisiología, gestión y comunicación profesional",PhysioWods - Ana Galeote,https://www.youtube.com/playlist?list=PLU_3vrvW7HKenS14CstIF_H5fRvnBgi6z,https://www.youtube-nocookie.com/embed/videoseries?rel=0&enablejsapi=1&cc_load_policy=1&list=PLU_3vrvW7HKenS14CstIF_H5fRvnBgi6z&listType=playlist,0,0,si,si,si,si,evidencia_entregada_y_criterio_superado,"Diferencia entrenamiento, valoración funcional y diagnóstico clínico || Identifica cuándo detener y derivar || Usa un consentimiento sencillo para grabación o datos",Checklist de límites y consentimiento ficticio,no,revisar_automaticamente_antes_de_publicar,2026-08-04
tsaf_iad_formacion_continua_2026__tsaf-sus-001,tsaf_iad_formacion_continua_2026,Programa de Formación Continua 2026 del IAD,recurso,TSAF,4,TSAF-SUS-001,Aplicar sostenibilidad a servicios deportivos,"Detectar consumos, residuos y mejoras sostenibles de un servicio deportivo.","PhysioWods: movilidad, fisiología, gestión y comunicación profesional",PhysioWods - Ana Galeote,https://www.youtube.com/playlist?list=PLU_3vrvW7HKenS14CstIF_H5fRvnBgi6z,https://www.youtube-nocookie.com/embed/videoseries?rel=0&enablejsapi=1&cc_load_policy=1&list=PLU_3vrvW7HKenS14CstIF_H5fRvnBgi6z&listType=playlist,0,0,si,si,si,si,evidencia_entregada_y_criterio_superado,Identifica impactos de una instalación o evento || Propone tres medidas medibles || Incluye impacto social y accesibilidad,Plan de mejora sostenible,no,revisar_automaticamente_antes_de_publicar,2026-08-04
tsaf_iad_formacion_continua_2026__tsaf-prj-001,tsaf_iad_formacion_continua_2026,Programa de Formación Continua 2026 del IAD,recurso,TSAF,5,TSAF-PRJ-001,Crear un programa integral de acondicionamiento físico,"Construir un programa integral con evaluación, progresión y revisión.",Cómo programar el entrenamiento de fuerza,Fit Generation,https://www.youtube.com/watch?v=eAnc33YC0n8,https://www.youtube-nocookie.com/embed/eAnc33YC0n8?rel=0&enablejsapi=1&cc_load_policy=1,0,0,si,si,si,si,evidencia_entregada_y_criterio_superado,"Define población, necesidad y límites || Programa sesiones y evaluación coherentes || Incluye seguridad, recursos, privacidad y calidad","Memoria, sesiones, instrumentos y presentación",no,revisar_automaticamente_antes_de_publicar,2026-08-04
tsaf_iad_fundamentos_entrenamiento__tsaf-val-002,tsaf_iad_fundamentos_entrenamiento,Fundamentos del entrenamiento: rendimiento y salud,curso_complementario,TSAF,1,TSAF-VAL-002,Aplicar pruebas básicas de condición física,Seleccionar pruebas y registrar resultados de forma repetible.,Cómo programar el entrenamiento de fuerza,Fit Generation,https://www.youtube.com/watch?v=eAnc33YC0n8,https://www.youtube-nocookie.com/embed/eAnc33YC0n8?rel=0&enablejsapi=1&cc_load_policy=1,0,0,si,si,si,si,evidencia_entregada_y_criterio_superado,"Elige pruebas coherentes con objetivo y perfil || Estandariza calentamiento, material y registro || Interpreta resultados sin diagnosticar",Informe de batería de pruebas con datos ficticios o propios,no,revisar_automaticamente_antes_de_publicar,2026-08-04
tsaf_iad_fundamentos_entrenamiento__tsaf-fit-002,tsaf_iad_fundamentos_entrenamiento,Fundamentos del entrenamiento: rendimiento y salud,curso_complementario,TSAF,2,TSAF-FIT-002,"Programar fuerza, resistencia y movilidad","Programar carga, progresión y control de fuerza.",Cómo programar el entrenamiento de fuerza,Fit Generation,https://www.youtube.com/watch?v=eAnc33YC0n8,https://www.youtube-nocookie.com/embed/eAnc33YC0n8?rel=0&enablejsapi=1&cc_load_policy=1&start=85&end=3259,85,3259,si,si,si,si,evidencia_entregada_y_criterio_superado,"Formula objetivos medibles || Ajusta carga y volumen al nivel || Incluye progresión, recuperación y revisión",Programa de 8 semanas para caso ficticio,no,revisar_automaticamente_antes_de_publicar,2026-08-04
tsaf_iad_fundamentos_entrenamiento__tsaf-bas-002,tsaf_iad_fundamentos_entrenamiento,Fundamentos del entrenamiento: rendimiento y salud,curso_complementario,TSAF,3,TSAF-BAS-002,Reconocer anatomía y movimientos fundamentales,"Reconocer articulaciones, movimientos y función básica en tareas de ejercicio.","PhysioWods: movilidad, fisiología, gestión y comunicación profesional",PhysioWods - Ana Galeote,https://www.youtube.com/playlist?list=PLU_3vrvW7HKenS14CstIF_H5fRvnBgi6z,https://www.youtube-nocookie.com/embed/videoseries?rel=0&enablejsapi=1&cc_load_policy=1&list=PLU_3vrvW7HKenS14CstIF_H5fRvnBgi6z&listType=playlist,0,0,si,si,si,si,evidencia_entregada_y_criterio_superado,"Identifica articulaciones y grupos musculares en 10 ejercicios || Relaciona plano y eje con movimientos comunes || Distingue patrón de sentadilla, bisagra, empuje, tracción y locomoción",Ficha visual de 10 ejercicios,no,revisar_automaticamente_antes_de_publicar,2026-08-04
tsaf_iad_fundamentos_entrenamiento__tsaf-bas-003,tsaf_iad_fundamentos_entrenamiento,Fundamentos del entrenamiento: rendimiento y salud,curso_complementario,TSAF,4,TSAF-BAS-003,Comprender respuestas básicas al ejercicio,"Relacionar esfuerzo, respuesta fisiológica, recuperación y adaptaciones al ejercicio.",Fisiología del ejercicio — Parte II,Facultad de Ciencias Médicas,https://www.youtube.com/watch?v=ga88pqiForY,https://www.youtube-nocookie.com/embed/ga88pqiForY?rel=0&enablejsapi=1&cc_load_policy=1,0,0,si,si,si,si,evidencia_entregada_y_criterio_superado,Explica respuesta aguda y adaptación crónica || Calcula zonas orientativas sin presentarlas como diagnóstico || Reconoce señales para detener actividad y derivar,Resumen aplicado a tres perfiles ficticios,no,revisar_automaticamente_antes_de_publicar,2026-08-04
tsaf_iad_fundamentos_entrenamiento__tsaf-val-001,tsaf_iad_fundamentos_entrenamiento,Fundamentos del entrenamiento: rendimiento y salud,curso_complementario,TSAF,5,TSAF-VAL-001,Realizar entrevista inicial y cribado básico,Crear un cuestionario inicial con consentimiento y preguntas pertinentes.,Google Forms: crear encuestas y analizar respuestas,GCFAprendeLibre,https://www.youtube.com/watch?v=szlGX3MseWc,https://www.youtube-nocookie.com/embed/szlGX3MseWc?rel=0&enablejsapi=1&cc_load_policy=1,0,0,si,si,si,si,evidencia_entregada_y_criterio_superado,Formula preguntas relevantes sin convertirlas en historia clínica || Identifica riesgos y contraindicaciones declaradas || Documenta consentimiento y límites,Formulario inicial ficticio y decisión razonada,no,revisar_automaticamente_antes_de_publicar,2026-08-04
tsaf_iad_rcp_profesionales_deporte__tsaf-aux-002,tsaf_iad_rcp_profesionales_deporte,Reanimación cardiopulmonar para profesionales del deporte,curso_complementario,TSAF,1,TSAF-AUX-002,Aplicar RCP básica y DEA,Identificar la secuencia de RCP y uso del DEA.,Reanimación cardiopulmonar y uso del DEA,Cruz Roja Española,https://www.youtube.com/watch?v=yUsVWNTQif8,https://www.youtube-nocookie.com/embed/yUsVWNTQif8?rel=0&enablejsapi=1&cc_load_policy=1,0,0,si,si,si,si,evidencia_entregada_y_criterio_superado,Reconoce ausencia de respuesta y respiración normal || Mantiene secuencia y calidad básica de compresiones en simulación || Usa DEA siguiendo instrucciones y seguridad,Certificado práctico o evaluación presencial registrada,no,revisar_automaticamente_antes_de_publicar,2026-08-04
tsaf_iad_rcp_profesionales_deporte__tsaf-aux-001,tsaf_iad_rcp_profesionales_deporte,Reanimación cardiopulmonar para profesionales del deporte,curso_complementario,TSAF,2,TSAF-AUX-001,Actuar ante una emergencia y activar ayuda,"Reconocer emergencia, proteger, alertar y actuar de forma inicial.",Reanimación cardiopulmonar y uso del DEA,Cruz Roja Española,https://www.youtube.com/watch?v=yUsVWNTQif8,https://www.youtube-nocookie.com/embed/yUsVWNTQif8?rel=0&enablejsapi=1&cc_load_policy=1,0,0,si,si,si,si,evidencia_entregada_y_criterio_superado,Protege la escena y evita riesgos añadidos || Activa ayuda con información completa || Mantiene actuación dentro de formación y protocolo,Simulación guiada de tres escenarios,no,revisar_automaticamente_antes_de_publicar,2026-08-04
tsaf_iad_rcp_profesionales_deporte__tsaf-bas-005,tsaf_iad_rcp_profesionales_deporte,Reanimación cardiopulmonar para profesionales del deporte,curso_complementario,TSAF,3,TSAF-BAS-005,"Distinguir alcance profesional, derivación y consentimiento","Distinguir entrenamiento, derivación sanitaria y consentimiento.","PhysioWods: movilidad, fisiología, gestión y comunicación profesional",PhysioWods - Ana Galeote,https://www.youtube.com/playlist?list=PLU_3vrvW7HKenS14CstIF_H5fRvnBgi6z,https://www.youtube-nocookie.com/embed/videoseries?rel=0&enablejsapi=1&cc_load_policy=1&list=PLU_3vrvW7HKenS14CstIF_H5fRvnBgi6z&listType=playlist,0,0,si,si,si,si,evidencia_entregada_y_criterio_superado,"Diferencia entrenamiento, valoración funcional y diagnóstico clínico || Identifica cuándo detener y derivar || Usa un consentimiento sencillo para grabación o datos",Checklist de límites y consentimiento ficticio,no,revisar_automaticamente_antes_de_publicar,2026-08-04
tsaf_iad_rcp_profesionales_deporte__tsaf-ges-001,tsaf_iad_rcp_profesionales_deporte,Reanimación cardiopulmonar para profesionales del deporte,curso_complementario,TSAF,4,TSAF-GES-001,"Organizar recursos, calidad y seguridad de una instalación","Definir recursos, riesgos, calidad y operación básica de un centro.","PhysioWods: movilidad, fisiología, gestión y comunicación profesional",PhysioWods - Ana Galeote,https://www.youtube.com/playlist?list=PLU_3vrvW7HKenS14CstIF_H5fRvnBgi6z,https://www.youtube-nocookie.com/embed/videoseries?rel=0&enablejsapi=1&cc_load_policy=1&list=PLU_3vrvW7HKenS14CstIF_H5fRvnBgi6z&listType=playlist,0,0,si,si,si,si,evidencia_entregada_y_criterio_superado,Completa inspección de seguridad y accesibilidad || Define procedimiento de incidencia y mantenimiento || Propone indicadores de calidad y satisfacción,Auditoría de instalación real o simulada,no,revisar_automaticamente_antes_de_publicar,2026-08-04
tsaf_iad_tecnicos_personas_mayores__tsaf-bas-003,tsaf_iad_tecnicos_personas_mayores,Formación de técnicos en actividad física para personas mayores,curso_complementario,TSAF,1,TSAF-BAS-003,Comprender respuestas básicas al ejercicio,"Relacionar esfuerzo, respuesta fisiológica, recuperación y adaptaciones al ejercicio.",Fisiología del ejercicio — Parte II,Facultad de Ciencias Médicas,https://www.youtube.com/watch?v=ga88pqiForY,https://www.youtube-nocookie.com/embed/ga88pqiForY?rel=0&enablejsapi=1&cc_load_policy=1,0,0,si,si,si,si,evidencia_entregada_y_criterio_superado,Explica respuesta aguda y adaptación crónica || Calcula zonas orientativas sin presentarlas como diagnóstico || Reconoce señales para detener actividad y derivar,Resumen aplicado a tres perfiles ficticios,no,revisar_automaticamente_antes_de_publicar,2026-08-04
tsaf_iad_tecnicos_personas_mayores__tsaf-esp-001,tsaf_iad_tecnicos_personas_mayores,Formación de técnicos en actividad física para personas mayores,curso_complementario,TSAF,2,TSAF-ESP-001,Adaptar actividad a personas mayores y colectivos diversos,"Seleccionar y adaptar tareas para personas adultas y mayores indicando objetivo, regresión y seguridad.",Videotutorial: tareas de actividad física para adultos y mayores,Instituto Andaluz del Deporte / Junta de Andalucía,https://www.youtube.com/watch?v=DTAz-DkU-FE,https://www.youtube-nocookie.com/embed/DTAz-DkU-FE?rel=0&enablejsapi=1&cc_load_policy=1,0,0,si,si,si,si,evidencia_entregada_y_criterio_superado,Identifica barreras y apoyos necesarios || Propone regresiones y control de fatiga || Mantiene participación y dignidad de la persona,Sesión adaptada para dos perfiles ficticios,no,revisar_automaticamente_antes_de_publicar,2026-08-04
tsaf_iad_tecnicos_personas_mayores__tsaf-fit-003,tsaf_iad_tecnicos_personas_mayores,Formación de técnicos en actividad física para personas mayores,curso_complementario,TSAF,3,TSAF-FIT-003,Dirigir y adaptar una sesión individual,"Estructurar calentamiento, bloque principal, adaptaciones y vuelta a la calma.",Cómo programar el entrenamiento de fuerza,Fit Generation,https://www.youtube.com/watch?v=eAnc33YC0n8,https://www.youtube-nocookie.com/embed/eAnc33YC0n8?rel=0&enablejsapi=1&cc_load_policy=1,0,0,si,si,si,si,evidencia_entregada_y_criterio_superado,"Mantiene estructura y tiempo de sesión || Corrige sin saturar de consignas || Adapta ante fatiga, dolor declarado o material no disponible",Vídeo o registro de sesión completa,no,revisar_automaticamente_antes_de_publicar,2026-08-04
tsaf_iad_tecnicos_personas_mayores__tsaf-hid-001,tsaf_iad_tecnicos_personas_mayores,Formación de técnicos en actividad física para personas mayores,curso_complementario,TSAF,4,TSAF-HID-001,Diseñar actividades de movilidad y bienestar en agua,Seleccionar movilidad y bienestar en agua según usuario.,"PhysioWods: movilidad, fisiología, gestión y comunicación profesional",PhysioWods - Ana Galeote,https://www.youtube.com/playlist?list=PLU_3vrvW7HKenS14CstIF_H5fRvnBgi6z,https://www.youtube-nocookie.com/embed/videoseries?rel=0&enablejsapi=1&cc_load_policy=1&list=PLU_3vrvW7HKenS14CstIF_H5fRvnBgi6z&listType=playlist,0,0,si,si,si,si,evidencia_entregada_y_criterio_superado,Selecciona tareas de movilidad y relajación adecuadas || Evita afirmaciones terapéuticas no respaldadas || Define criterios de seguridad y derivación,Programa de 4 sesiones para caso ficticio,no,revisar_automaticamente_antes_de_publicar,2026-08-04
tsaf_iad_tecnicos_personas_mayores__tsaf-pos-002,tsaf_iad_tecnicos_personas_mayores,Formación de técnicos en actividad física para personas mayores,curso_complementario,TSAF,5,TSAF-POS-002,"Programar movilidad, estabilidad y mantenimiento funcional","Programar movilidad, estabilidad y mantenimiento funcional.","PhysioWods: movilidad, fisiología, gestión y comunicación profesional",PhysioWods - Ana Galeote,https://www.youtube.com/playlist?list=PLU_3vrvW7HKenS14CstIF_H5fRvnBgi6z,https://www.youtube-nocookie.com/embed/videoseries?rel=0&enablejsapi=1&cc_load_policy=1&list=PLU_3vrvW7HKenS14CstIF_H5fRvnBgi6z&listType=playlist,0,0,si,si,si,si,evidencia_entregada_y_criterio_superado,Prioriza tareas según necesidad funcional || Incluye progresiones y criterios de parada || Evalúa adherencia y evolución,Programa de 6 semanas con sesiones y registro,no,revisar_automaticamente_antes_de_publicar,2026-08-04
tsaf_iad_dolor_lumbar_2026__tsaf-bas-003,tsaf_iad_dolor_lumbar_2026,Diseño de ejercicio para dolor lumbar inespecífico,curso_complementario,TSAF,1,TSAF-BAS-003,Comprender respuestas básicas al ejercicio,"Relacionar esfuerzo, respuesta fisiológica, recuperación y adaptaciones al ejercicio.",Fisiología del ejercicio — Parte II,Facultad de Ciencias Médicas,https://www.youtube.com/watch?v=ga88pqiForY,https://www.youtube-nocookie.com/embed/ga88pqiForY?rel=0&enablejsapi=1&cc_load_policy=1,0,0,si,si,si,si,evidencia_entregada_y_criterio_superado,Explica respuesta aguda y adaptación crónica || Calcula zonas orientativas sin presentarlas como diagnóstico || Reconoce señales para detener actividad y derivar,Resumen aplicado a tres perfiles ficticios,no,revisar_automaticamente_antes_de_publicar,2026-08-04
tsaf_iad_dolor_lumbar_2026__tsaf-val-001,tsaf_iad_dolor_lumbar_2026,Diseño de ejercicio para dolor lumbar inespecífico,curso_complementario,TSAF,2,TSAF-VAL-001,Realizar entrevista inicial y cribado básico,Crear un cuestionario inicial con consentimiento y preguntas pertinentes.,Google Forms: crear encuestas y analizar respuestas,GCFAprendeLibre,https://www.youtube.com/watch?v=szlGX3MseWc,https://www.youtube-nocookie.com/embed/szlGX3MseWc?rel=0&enablejsapi=1&cc_load_policy=1,0,0,si,si,si,si,evidencia_entregada_y_criterio_superado,Formula preguntas relevantes sin convertirlas en historia clínica || Identifica riesgos y contraindicaciones declaradas || Documenta consentimiento y límites,Formulario inicial ficticio y decisión razonada,no,revisar_automaticamente_antes_de_publicar,2026-08-04
tsaf_iad_dolor_lumbar_2026__tsaf-fit-002,tsaf_iad_dolor_lumbar_2026,Diseño de ejercicio para dolor lumbar inespecífico,curso_complementario,TSAF,3,TSAF-FIT-002,"Programar fuerza, resistencia y movilidad","Programar carga, progresión y control de fuerza.",Cómo programar el entrenamiento de fuerza,Fit Generation,https://www.youtube.com/watch?v=eAnc33YC0n8,https://www.youtube-nocookie.com/embed/eAnc33YC0n8?rel=0&enablejsapi=1&cc_load_policy=1&start=85&end=3259,85,3259,si,si,si,si,evidencia_entregada_y_criterio_superado,"Formula objetivos medibles || Ajusta carga y volumen al nivel || Incluye progresión, recuperación y revisión",Programa de 8 semanas para caso ficticio,no,revisar_automaticamente_antes_de_publicar,2026-08-04
tsaf_iad_dolor_lumbar_2026__tsaf-aqu-002,tsaf_iad_dolor_lumbar_2026,Diseño de ejercicio para dolor lumbar inespecífico,curso_complementario,TSAF,4,TSAF-AQU-002,Programar y dirigir una sesión acuática,Diseñar y dirigir una sesión acuática segura.,"PhysioWods: movilidad, fisiología, gestión y comunicación profesional",PhysioWods - Ana Galeote,https://www.youtube.com/playlist?list=PLU_3vrvW7HKenS14CstIF_H5fRvnBgi6z,https://www.youtube-nocookie.com/embed/videoseries?rel=0&enablejsapi=1&cc_load_policy=1&list=PLU_3vrvW7HKenS14CstIF_H5fRvnBgi6z&listType=playlist,0,0,si,si,si,si,evidencia_entregada_y_criterio_superado,"Programa calentamiento, trabajo y vuelta a la calma || Adapta ejercicios a nivel y confianza acuática || Mantiene control visual y seguridad",Sesión acuática documentada y simulada,no,revisar_automaticamente_antes_de_publicar,2026-08-04
tsaf_iad_dolor_lumbar_2026__tsaf-pos-001,tsaf_iad_dolor_lumbar_2026,Diseño de ejercicio para dolor lumbar inespecífico,curso_complementario,TSAF,5,TSAF-POS-001,Analizar patrones posturales y funcionales sin diagnosticar,Observar patrones funcionales sin emitir diagnóstico clínico.,"PhysioWods: movilidad, fisiología, gestión y comunicación profesional",PhysioWods - Ana Galeote,https://www.youtube.com/playlist?list=PLU_3vrvW7HKenS14CstIF_H5fRvnBgi6z,https://www.youtube-nocookie.com/embed/videoseries?rel=0&enablejsapi=1&cc_load_policy=1&list=PLU_3vrvW7HKenS14CstIF_H5fRvnBgi6z&listType=playlist,0,0,si,si,si,si,evidencia_entregada_y_criterio_superado,"Describe observaciones sin emitir diagnóstico || Relaciona tarea, carga y control motor || Deriva ante dolor o signos fuera de competencia",Informe funcional con lenguaje prudente,no,revisar_automaticamente_antes_de_publicar,2026-08-04
tsaf_iad_entrenamiento_fuerza__tsaf-fit-002,tsaf_iad_entrenamiento_fuerza,Optimización del rendimiento mediante entrenamiento de fuerza,curso_complementario,TSAF,1,TSAF-FIT-002,"Programar fuerza, resistencia y movilidad","Programar carga, progresión y control de fuerza.",Cómo programar el entrenamiento de fuerza,Fit Generation,https://www.youtube.com/watch?v=eAnc33YC0n8,https://www.youtube-nocookie.com/embed/eAnc33YC0n8?rel=0&enablejsapi=1&cc_load_policy=1&start=85&end=3259,85,3259,si,si,si,si,evidencia_entregada_y_criterio_superado,"Formula objetivos medibles || Ajusta carga y volumen al nivel || Incluye progresión, recuperación y revisión",Programa de 8 semanas para caso ficticio,no,revisar_automaticamente_antes_de_publicar,2026-08-04
tsaf_iad_entrenamiento_fuerza__tsaf-val-002,tsaf_iad_entrenamiento_fuerza,Optimización del rendimiento mediante entrenamiento de fuerza,curso_complementario,TSAF,2,TSAF-VAL-002,Aplicar pruebas básicas de condición física,Seleccionar pruebas y registrar resultados de forma repetible.,Cómo programar el entrenamiento de fuerza,Fit Generation,https://www.youtube.com/watch?v=eAnc33YC0n8,https://www.youtube-nocookie.com/embed/eAnc33YC0n8?rel=0&enablejsapi=1&cc_load_policy=1,0,0,si,si,si,si,evidencia_entregada_y_criterio_superado,"Elige pruebas coherentes con objetivo y perfil || Estandariza calentamiento, material y registro || Interpreta resultados sin diagnosticar",Informe de batería de pruebas con datos ficticios o propios,no,revisar_automaticamente_antes_de_publicar,2026-08-04
tsaf_iad_entrenamiento_fuerza__tsaf-fit-001,tsaf_iad_entrenamiento_fuerza,Optimización del rendimiento mediante entrenamiento de fuerza,curso_complementario,TSAF,3,TSAF-FIT-001,Seleccionar ejercicios y enseñar técnica,"Seleccionar ejercicios, explicar técnica y establecer progresiones.",Cómo programar el entrenamiento de fuerza,Fit Generation,https://www.youtube.com/watch?v=eAnc33YC0n8,https://www.youtube-nocookie.com/embed/eAnc33YC0n8?rel=0&enablejsapi=1&cc_load_policy=1,0,0,si,si,si,si,evidencia_entregada_y_criterio_superado,Demuestra técnica y errores frecuentes || Propone al menos una regresión y una progresión || Justifica selección según objetivo y seguridad,Biblioteca de 20 ejercicios con fichas,no,revisar_automaticamente_antes_de_publicar,2026-08-04
tsaf_iad_entrenamiento_fuerza__tsaf-aqu-002,tsaf_iad_entrenamiento_fuerza,Optimización del rendimiento mediante entrenamiento de fuerza,curso_complementario,TSAF,4,TSAF-AQU-002,Programar y dirigir una sesión acuática,Diseñar y dirigir una sesión acuática segura.,"PhysioWods: movilidad, fisiología, gestión y comunicación profesional",PhysioWods - Ana Galeote,https://www.youtube.com/playlist?list=PLU_3vrvW7HKenS14CstIF_H5fRvnBgi6z,https://www.youtube-nocookie.com/embed/videoseries?rel=0&enablejsapi=1&cc_load_policy=1&list=PLU_3vrvW7HKenS14CstIF_H5fRvnBgi6z&listType=playlist,0,0,si,si,si,si,evidencia_entregada_y_criterio_superado,"Programa calentamiento, trabajo y vuelta a la calma || Adapta ejercicios a nivel y confianza acuática || Mantiene control visual y seguridad",Sesión acuática documentada y simulada,no,revisar_automaticamente_antes_de_publicar,2026-08-04
tsaf_iad_entrenamiento_fuerza__tsaf-pos-001,tsaf_iad_entrenamiento_fuerza,Optimización del rendimiento mediante entrenamiento de fuerza,curso_complementario,TSAF,5,TSAF-POS-001,Analizar patrones posturales y funcionales sin diagnosticar,Observar patrones funcionales sin emitir diagnóstico clínico.,"PhysioWods: movilidad, fisiología, gestión y comunicación profesional",PhysioWods - Ana Galeote,https://www.youtube.com/playlist?list=PLU_3vrvW7HKenS14CstIF_H5fRvnBgi6z,https://www.youtube-nocookie.com/embed/videoseries?rel=0&enablejsapi=1&cc_load_policy=1&list=PLU_3vrvW7HKenS14CstIF_H5fRvnBgi6z&listType=playlist,0,0,si,si,si,si,evidencia_entregada_y_criterio_superado,"Describe observaciones sin emitir diagnóstico || Relaciona tarea, carga y control motor || Deriva ante dolor o signos fuera de competencia",Informe funcional con lenguaje prudente,no,revisar_automaticamente_antes_de_publicar,2026-08-04
tsaf_iad_accesibilidad_instalaciones__tsaf-esp-001,tsaf_iad_accesibilidad_instalaciones,Accesibilidad universal en instalaciones deportivas,curso_complementario,TSAF,1,TSAF-ESP-001,Adaptar actividad a personas mayores y colectivos diversos,"Seleccionar y adaptar tareas para personas adultas y mayores indicando objetivo, regresión y seguridad.",Videotutorial: tareas de actividad física para adultos y mayores,Instituto Andaluz del Deporte / Junta de Andalucía,https://www.youtube.com/watch?v=DTAz-DkU-FE,https://www.youtube-nocookie.com/embed/DTAz-DkU-FE?rel=0&enablejsapi=1&cc_load_policy=1,0,0,si,si,si,si,evidencia_entregada_y_criterio_superado,Identifica barreras y apoyos necesarios || Propone regresiones y control de fatiga || Mantiene participación y dignidad de la persona,Sesión adaptada para dos perfiles ficticios,no,revisar_automaticamente_antes_de_publicar,2026-08-04
tsaf_iad_accesibilidad_instalaciones__tsaf-ges-001,tsaf_iad_accesibilidad_instalaciones,Accesibilidad universal en instalaciones deportivas,curso_complementario,TSAF,2,TSAF-GES-001,"Organizar recursos, calidad y seguridad de una instalación","Definir recursos, riesgos, calidad y operación básica de un centro.","PhysioWods: movilidad, fisiología, gestión y comunicación profesional",PhysioWods - Ana Galeote,https://www.youtube.com/playlist?list=PLU_3vrvW7HKenS14CstIF_H5fRvnBgi6z,https://www.youtube-nocookie.com/embed/videoseries?rel=0&enablejsapi=1&cc_load_policy=1&list=PLU_3vrvW7HKenS14CstIF_H5fRvnBgi6z&listType=playlist,0,0,si,si,si,si,evidencia_entregada_y_criterio_superado,Completa inspección de seguridad y accesibilidad || Define procedimiento de incidencia y mantenimiento || Propone indicadores de calidad y satisfacción,Auditoría de instalación real o simulada,no,revisar_automaticamente_antes_de_publicar,2026-08-04
tsaf_iad_accesibilidad_instalaciones__tsaf-hid-001,tsaf_iad_accesibilidad_instalaciones,Accesibilidad universal en instalaciones deportivas,curso_complementario,TSAF,3,TSAF-HID-001,Diseñar actividades de movilidad y bienestar en agua,Seleccionar movilidad y bienestar en agua según usuario.,"PhysioWods: movilidad, fisiología, gestión y comunicación profesional",PhysioWods - Ana Galeote,https://www.youtube.com/playlist?list=PLU_3vrvW7HKenS14CstIF_H5fRvnBgi6z,https://www.youtube-nocookie.com/embed/videoseries?rel=0&enablejsapi=1&cc_load_policy=1&list=PLU_3vrvW7HKenS14CstIF_H5fRvnBgi6z&listType=playlist,0,0,si,si,si,si,evidencia_entregada_y_criterio_superado,Selecciona tareas de movilidad y relajación adecuadas || Evita afirmaciones terapéuticas no respaldadas || Define criterios de seguridad y derivación,Programa de 4 sesiones para caso ficticio,no,revisar_automaticamente_antes_de_publicar,2026-08-04
tsaf_iad_accesibilidad_instalaciones__tsaf-pos-002,tsaf_iad_accesibilidad_instalaciones,Accesibilidad universal en instalaciones deportivas,curso_complementario,TSAF,4,TSAF-POS-002,"Programar movilidad, estabilidad y mantenimiento funcional","Programar movilidad, estabilidad y mantenimiento funcional.","PhysioWods: movilidad, fisiología, gestión y comunicación profesional",PhysioWods - Ana Galeote,https://www.youtube.com/playlist?list=PLU_3vrvW7HKenS14CstIF_H5fRvnBgi6z,https://www.youtube-nocookie.com/embed/videoseries?rel=0&enablejsapi=1&cc_load_policy=1&list=PLU_3vrvW7HKenS14CstIF_H5fRvnBgi6z&listType=playlist,0,0,si,si,si,si,evidencia_entregada_y_criterio_superado,Prioriza tareas según necesidad funcional || Incluye progresiones y criterios de parada || Evalúa adherencia y evolución,Programa de 6 semanas con sesiones y registro,no,revisar_automaticamente_antes_de_publicar,2026-08-04
tsaf_iad_accesibilidad_instalaciones__tsaf-sus-001,tsaf_iad_accesibilidad_instalaciones,Accesibilidad universal en instalaciones deportivas,curso_complementario,TSAF,5,TSAF-SUS-001,Aplicar sostenibilidad a servicios deportivos,"Detectar consumos, residuos y mejoras sostenibles de un servicio deportivo.","PhysioWods: movilidad, fisiología, gestión y comunicación profesional",PhysioWods - Ana Galeote,https://www.youtube.com/playlist?list=PLU_3vrvW7HKenS14CstIF_H5fRvnBgi6z,https://www.youtube-nocookie.com/embed/videoseries?rel=0&enablejsapi=1&cc_load_policy=1&list=PLU_3vrvW7HKenS14CstIF_H5fRvnBgi6z&listType=playlist,0,0,si,si,si,si,evidencia_entregada_y_criterio_superado,Identifica impactos de una instalación o evento || Propone tres medidas medibles || Incluye impacto social y accesibilidad,Plan de mejora sostenible,no,revisar_automaticamente_antes_de_publicar,2026-08-04
tsaf_iad_material_adultos_mayores__tsaf-bas-003,tsaf_iad_material_adultos_mayores,Material didáctico de ejercicio para adultos y mayores,recurso,TSAF,1,TSAF-BAS-003,Comprender respuestas básicas al ejercicio,"Relacionar esfuerzo, respuesta fisiológica, recuperación y adaptaciones al ejercicio.",Fisiología del ejercicio — Parte II,Facultad de Ciencias Médicas,https://www.youtube.com/watch?v=ga88pqiForY,https://www.youtube-nocookie.com/embed/ga88pqiForY?rel=0&enablejsapi=1&cc_load_policy=1,0,0,si,si,si,si,evidencia_entregada_y_criterio_superado,Explica respuesta aguda y adaptación crónica || Calcula zonas orientativas sin presentarlas como diagnóstico || Reconoce señales para detener actividad y derivar,Resumen aplicado a tres perfiles ficticios,no,revisar_automaticamente_antes_de_publicar,2026-08-04
tsaf_iad_material_adultos_mayores__tsaf-hid-001,tsaf_iad_material_adultos_mayores,Material didáctico de ejercicio para adultos y mayores,recurso,TSAF,2,TSAF-HID-001,Diseñar actividades de movilidad y bienestar en agua,Seleccionar movilidad y bienestar en agua según usuario.,"PhysioWods: movilidad, fisiología, gestión y comunicación profesional",PhysioWods - Ana Galeote,https://www.youtube.com/playlist?list=PLU_3vrvW7HKenS14CstIF_H5fRvnBgi6z,https://www.youtube-nocookie.com/embed/videoseries?rel=0&enablejsapi=1&cc_load_policy=1&list=PLU_3vrvW7HKenS14CstIF_H5fRvnBgi6z&listType=playlist,0,0,si,si,si,si,evidencia_entregada_y_criterio_superado,Selecciona tareas de movilidad y relajación adecuadas || Evita afirmaciones terapéuticas no respaldadas || Define criterios de seguridad y derivación,Programa de 4 sesiones para caso ficticio,no,revisar_automaticamente_antes_de_publicar,2026-08-04
tsaf_iad_material_adultos_mayores__tsaf-pos-002,tsaf_iad_material_adultos_mayores,Material didáctico de ejercicio para adultos y mayores,recurso,TSAF,3,TSAF-POS-002,"Programar movilidad, estabilidad y mantenimiento funcional","Programar movilidad, estabilidad y mantenimiento funcional.","PhysioWods: movilidad, fisiología, gestión y comunicación profesional",PhysioWods - Ana Galeote,https://www.youtube.com/playlist?list=PLU_3vrvW7HKenS14CstIF_H5fRvnBgi6z,https://www.youtube-nocookie.com/embed/videoseries?rel=0&enablejsapi=1&cc_load_policy=1&list=PLU_3vrvW7HKenS14CstIF_H5fRvnBgi6z&listType=playlist,0,0,si,si,si,si,evidencia_entregada_y_criterio_superado,Prioriza tareas según necesidad funcional || Incluye progresiones y criterios de parada || Evalúa adherencia y evolución,Programa de 6 semanas con sesiones y registro,no,revisar_automaticamente_antes_de_publicar,2026-08-04
tsaf_iad_material_adultos_mayores__tsaf-esp-001,tsaf_iad_material_adultos_mayores,Material didáctico de ejercicio para adultos y mayores,recurso,TSAF,4,TSAF-ESP-001,Adaptar actividad a personas mayores y colectivos diversos,"Seleccionar y adaptar tareas para personas adultas y mayores indicando objetivo, regresión y seguridad.",Videotutorial: tareas de actividad física para adultos y mayores,Instituto Andaluz del Deporte / Junta de Andalucía,https://www.youtube.com/watch?v=DTAz-DkU-FE,https://www.youtube-nocookie.com/embed/DTAz-DkU-FE?rel=0&enablejsapi=1&cc_load_policy=1,0,0,si,si,si,si,evidencia_entregada_y_criterio_superado,Identifica barreras y apoyos necesarios || Propone regresiones y control de fatiga || Mantiene participación y dignidad de la persona,Sesión adaptada para dos perfiles ficticios,no,revisar_automaticamente_antes_de_publicar,2026-08-04
tsaf_iad_material_adultos_mayores__tsaf-bas-005,tsaf_iad_material_adultos_mayores,Material didáctico de ejercicio para adultos y mayores,recurso,TSAF,5,TSAF-BAS-005,"Distinguir alcance profesional, derivación y consentimiento","Distinguir entrenamiento, derivación sanitaria y consentimiento.","PhysioWods: movilidad, fisiología, gestión y comunicación profesional",PhysioWods - Ana Galeote,https://www.youtube.com/playlist?list=PLU_3vrvW7HKenS14CstIF_H5fRvnBgi6z,https://www.youtube-nocookie.com/embed/videoseries?rel=0&enablejsapi=1&cc_load_policy=1&list=PLU_3vrvW7HKenS14CstIF_H5fRvnBgi6z&listType=playlist,0,0,si,si,si,si,evidencia_entregada_y_criterio_superado,"Diferencia entrenamiento, valoración funcional y diagnóstico clínico || Identifica cuándo detener y derivar || Usa un consentimiento sencillo para grabación o datos",Checklist de límites y consentimiento ficticio,no,revisar_automaticamente_antes_de_publicar,2026-08-04
tsaf_csd_estrategia_sedentarismo_2026__tsaf-bas-003,tsaf_csd_estrategia_sedentarismo_2026,Estrategia nacional contra el sedentarismo y la inactividad física,recurso,TSAF,1,TSAF-BAS-003,Comprender respuestas básicas al ejercicio,"Relacionar esfuerzo, respuesta fisiológica, recuperación y adaptaciones al ejercicio.",Fisiología del ejercicio — Parte II,Facultad de Ciencias Médicas,https://www.youtube.com/watch?v=ga88pqiForY,https://www.youtube-nocookie.com/embed/ga88pqiForY?rel=0&enablejsapi=1&cc_load_policy=1,0,0,si,si,si,si,evidencia_entregada_y_criterio_superado,Explica respuesta aguda y adaptación crónica || Calcula zonas orientativas sin presentarlas como diagnóstico || Reconoce señales para detener actividad y derivar,Resumen aplicado a tres perfiles ficticios,no,revisar_automaticamente_antes_de_publicar,2026-08-04
tsaf_csd_estrategia_sedentarismo_2026__tsaf-bas-005,tsaf_csd_estrategia_sedentarismo_2026,Estrategia nacional contra el sedentarismo y la inactividad física,recurso,TSAF,2,TSAF-BAS-005,"Distinguir alcance profesional, derivación y consentimiento","Distinguir entrenamiento, derivación sanitaria y consentimiento.","PhysioWods: movilidad, fisiología, gestión y comunicación profesional",PhysioWods - Ana Galeote,https://www.youtube.com/playlist?list=PLU_3vrvW7HKenS14CstIF_H5fRvnBgi6z,https://www.youtube-nocookie.com/embed/videoseries?rel=0&enablejsapi=1&cc_load_policy=1&list=PLU_3vrvW7HKenS14CstIF_H5fRvnBgi6z&listType=playlist,0,0,si,si,si,si,evidencia_entregada_y_criterio_superado,"Diferencia entrenamiento, valoración funcional y diagnóstico clínico || Identifica cuándo detener y derivar || Usa un consentimiento sencillo para grabación o datos",Checklist de límites y consentimiento ficticio,no,revisar_automaticamente_antes_de_publicar,2026-08-04
tsaf_oms_directrices_actividad_fisica__tsaf-bas-005,tsaf_oms_directrices_actividad_fisica,Directrices de actividad física y comportamiento sedentario,recurso,TSAF,1,TSAF-BAS-005,"Distinguir alcance profesional, derivación y consentimiento","Distinguir entrenamiento, derivación sanitaria y consentimiento.","PhysioWods: movilidad, fisiología, gestión y comunicación profesional",PhysioWods - Ana Galeote,https://www.youtube.com/playlist?list=PLU_3vrvW7HKenS14CstIF_H5fRvnBgi6z,https://www.youtube-nocookie.com/embed/videoseries?rel=0&enablejsapi=1&cc_load_policy=1&list=PLU_3vrvW7HKenS14CstIF_H5fRvnBgi6z&listType=playlist,0,0,si,si,si,si,evidencia_entregada_y_criterio_superado,"Diferencia entrenamiento, valoración funcional y diagnóstico clínico || Identifica cuándo detener y derivar || Usa un consentimiento sencillo para grabación o datos",Checklist de límites y consentimiento ficticio,no,revisar_automaticamente_antes_de_publicar,2026-08-04
tsaf_junta_buscador_fpe_deporte__tsaf-fit-001,tsaf_junta_buscador_fpe_deporte,Buscador andaluz de Formación Profesional para el Empleo,recurso,TSAF,1,TSAF-FIT-001,Seleccionar ejercicios y enseñar técnica,"Seleccionar ejercicios, explicar técnica y establecer progresiones.",Cómo programar el entrenamiento de fuerza,Fit Generation,https://www.youtube.com/watch?v=eAnc33YC0n8,https://www.youtube-nocookie.com/embed/eAnc33YC0n8?rel=0&enablejsapi=1&cc_load_policy=1,0,0,si,si,si,si,evidencia_entregada_y_criterio_superado,Demuestra técnica y errores frecuentes || Propone al menos una regresión y una progresión || Justifica selección según objetivo y seguridad,Biblioteca de 20 ejercicios con fichas,no,revisar_automaticamente_antes_de_publicar,2026-08-04
tsaf_junta_buscador_fpe_deporte__tsaf-emp-001,tsaf_junta_buscador_fpe_deporte,Buscador andaluz de Formación Profesional para el Empleo,recurso,TSAF,2,TSAF-EMP-001,Preparar candidatura profesional en fitness y deporte,"Preparar CV, certificados, planificaciones y evidencias compartibles.","Curso completo de Google Drive: organizar, compartir y colaborar",Carlos Cortés Academy,https://www.youtube.com/watch?v=xBaRjZUVSgc,https://www.youtube-nocookie.com/embed/xBaRjZUVSgc?rel=0&enablejsapi=1&cc_load_policy=1,0,0,si,si,si,si,evidencia_entregada_y_criterio_superado,CV adaptado a un puesto real || Portfolio con dos sesiones y una valoración ficticia || Matriz de requisitos y límites profesionales,"CV, portfolio y matriz de brechas",no,revisar_automaticamente_antes_de_publicar,2026-08-04
tsaf_junta_buscador_fpe_deporte__tsaf-aux-001,tsaf_junta_buscador_fpe_deporte,Buscador andaluz de Formación Profesional para el Empleo,recurso,TSAF,3,TSAF-AUX-001,Actuar ante una emergencia y activar ayuda,"Reconocer emergencia, proteger, alertar y actuar de forma inicial.",Reanimación cardiopulmonar y uso del DEA,Cruz Roja Española,https://www.youtube.com/watch?v=yUsVWNTQif8,https://www.youtube-nocookie.com/embed/yUsVWNTQif8?rel=0&enablejsapi=1&cc_load_policy=1,0,0,si,si,si,si,evidencia_entregada_y_criterio_superado,Protege la escena y evita riesgos añadidos || Activa ayuda con información completa || Mantiene actuación dentro de formación y protocolo,Simulación guiada de tres escenarios,no,revisar_automaticamente_antes_de_publicar,2026-08-04
tsaf_junta_buscador_fpe_deporte__tsaf-eng-001,tsaf_junta_buscador_fpe_deporte,Buscador andaluz de Formación Profesional para el Empleo,recurso,TSAF,4,TSAF-ENG-001,Comprender instrucciones y recursos profesionales en inglés,"Practicar escucha, glosario y resumen de instrucciones técnicas en inglés.",How to build a data layer,Android Developers,https://www.youtube.com/watch?v=P125nWICYps,https://www.youtube-nocookie.com/embed/P125nWICYps?rel=0&enablejsapi=1&cc_load_policy=1,0,0,si,si,si,si,evidencia_entregada_y_criterio_superado,Resume un protocolo en español || Da instrucciones básicas de ejercicio en inglés || Redacta un mensaje profesional breve,Ficha bilingüe de una sesión,no,revisar_automaticamente_antes_de_publicar,2026-08-04
tsaf_junta_buscador_fpe_deporte__tsaf-prj-001,tsaf_junta_buscador_fpe_deporte,Buscador andaluz de Formación Profesional para el Empleo,recurso,TSAF,5,TSAF-PRJ-001,Crear un programa integral de acondicionamiento físico,"Construir un programa integral con evaluación, progresión y revisión.",Cómo programar el entrenamiento de fuerza,Fit Generation,https://www.youtube.com/watch?v=eAnc33YC0n8,https://www.youtube-nocookie.com/embed/eAnc33YC0n8?rel=0&enablejsapi=1&cc_load_policy=1,0,0,si,si,si,si,evidencia_entregada_y_criterio_superado,"Define población, necesidad y límites || Programa sesiones y evaluación coherentes || Incluye seguridad, recursos, privacidad y calidad","Memoria, sesiones, instrumentos y presentación",no,revisar_automaticamente_antes_de_publicar,2026-08-04
tsaf_herramienta_kinovea__tsaf-bas-002,tsaf_herramienta_kinovea,Kinovea,herramienta,TSAF,1,TSAF-BAS-002,Reconocer anatomía y movimientos fundamentales,"Reconocer articulaciones, movimientos y función básica en tareas de ejercicio.","PhysioWods: movilidad, fisiología, gestión y comunicación profesional",PhysioWods - Ana Galeote,https://www.youtube.com/playlist?list=PLU_3vrvW7HKenS14CstIF_H5fRvnBgi6z,https://www.youtube-nocookie.com/embed/videoseries?rel=0&enablejsapi=1&cc_load_policy=1&list=PLU_3vrvW7HKenS14CstIF_H5fRvnBgi6z&listType=playlist,0,0,si,si,si,si,evidencia_entregada_y_criterio_superado,"Identifica articulaciones y grupos musculares en 10 ejercicios || Relaciona plano y eje con movimientos comunes || Distingue patrón de sentadilla, bisagra, empuje, tracción y locomoción",Ficha visual de 10 ejercicios,no,revisar_automaticamente_antes_de_publicar,2026-08-04
tsaf_herramienta_kinovea__tsaf-fit-001,tsaf_herramienta_kinovea,Kinovea,herramienta,TSAF,2,TSAF-FIT-001,Seleccionar ejercicios y enseñar técnica,"Seleccionar ejercicios, explicar técnica y establecer progresiones.",Cómo programar el entrenamiento de fuerza,Fit Generation,https://www.youtube.com/watch?v=eAnc33YC0n8,https://www.youtube-nocookie.com/embed/eAnc33YC0n8?rel=0&enablejsapi=1&cc_load_policy=1,0,0,si,si,si,si,evidencia_entregada_y_criterio_superado,Demuestra técnica y errores frecuentes || Propone al menos una regresión y una progresión || Justifica selección según objetivo y seguridad,Biblioteca de 20 ejercicios con fichas,no,revisar_automaticamente_antes_de_publicar,2026-08-04
tsaf_herramienta_kinovea__tsaf-bas-005,tsaf_herramienta_kinovea,Kinovea,herramienta,TSAF,3,TSAF-BAS-005,"Distinguir alcance profesional, derivación y consentimiento","Distinguir entrenamiento, derivación sanitaria y consentimiento.","PhysioWods: movilidad, fisiología, gestión y comunicación profesional",PhysioWods - Ana Galeote,https://www.youtube.com/playlist?list=PLU_3vrvW7HKenS14CstIF_H5fRvnBgi6z,https://www.youtube-nocookie.com/embed/videoseries?rel=0&enablejsapi=1&cc_load_policy=1&list=PLU_3vrvW7HKenS14CstIF_H5fRvnBgi6z&listType=playlist,0,0,si,si,si,si,evidencia_entregada_y_criterio_superado,"Diferencia entrenamiento, valoración funcional y diagnóstico clínico || Identifica cuándo detener y derivar || Usa un consentimiento sencillo para grabación o datos",Checklist de límites y consentimiento ficticio,no,revisar_automaticamente_antes_de_publicar,2026-08-04
tsaf_herramienta_trainingpeaks__tsaf-fit-002,tsaf_herramienta_trainingpeaks,TrainingPeaks para entrenadores,herramienta,TSAF,1,TSAF-FIT-002,"Programar fuerza, resistencia y movilidad","Programar carga, progresión y control de fuerza.",Cómo programar el entrenamiento de fuerza,Fit Generation,https://www.youtube.com/watch?v=eAnc33YC0n8,https://www.youtube-nocookie.com/embed/eAnc33YC0n8?rel=0&enablejsapi=1&cc_load_policy=1&start=85&end=3259,85,3259,si,si,si,si,evidencia_entregada_y_criterio_superado,"Formula objetivos medibles || Ajusta carga y volumen al nivel || Incluye progresión, recuperación y revisión",Programa de 8 semanas para caso ficticio,no,revisar_automaticamente_antes_de_publicar,2026-08-04
tsaf_herramienta_trainingpeaks__tsaf-val-002,tsaf_herramienta_trainingpeaks,TrainingPeaks para entrenadores,herramienta,TSAF,2,TSAF-VAL-002,Aplicar pruebas básicas de condición física,Seleccionar pruebas y registrar resultados de forma repetible.,Cómo programar el entrenamiento de fuerza,Fit Generation,https://www.youtube.com/watch?v=eAnc33YC0n8,https://www.youtube-nocookie.com/embed/eAnc33YC0n8?rel=0&enablejsapi=1&cc_load_policy=1,0,0,si,si,si,si,evidencia_entregada_y_criterio_superado,"Elige pruebas coherentes con objetivo y perfil || Estandariza calentamiento, material y registro || Interpreta resultados sin diagnosticar",Informe de batería de pruebas con datos ficticios o propios,no,revisar_automaticamente_antes_de_publicar,2026-08-04
tsaf_herramienta_trainingpeaks__tsaf-fit-003,tsaf_herramienta_trainingpeaks,TrainingPeaks para entrenadores,herramienta,TSAF,3,TSAF-FIT-003,Dirigir y adaptar una sesión individual,"Estructurar calentamiento, bloque principal, adaptaciones y vuelta a la calma.",Cómo programar el entrenamiento de fuerza,Fit Generation,https://www.youtube.com/watch?v=eAnc33YC0n8,https://www.youtube-nocookie.com/embed/eAnc33YC0n8?rel=0&enablejsapi=1&cc_load_policy=1,0,0,si,si,si,si,evidencia_entregada_y_criterio_superado,"Mantiene estructura y tiempo de sesión || Corrige sin saturar de consignas || Adapta ante fatiga, dolor declarado o material no disponible",Vídeo o registro de sesión completa,no,revisar_automaticamente_antes_de_publicar,2026-08-04
tsaf_herramienta_trainingpeaks__tsaf-dig-001,tsaf_herramienta_trainingpeaks,TrainingPeaks para entrenadores,herramienta,TSAF,4,TSAF-DIG-001,Usar tecnología y datos en seguimiento sin invadir privacidad,Analizar datos de seguimiento sin convertirlos en diagnóstico.,Curso completo de Excel,A2 Capacitación: Excel,https://www.youtube.com/watch?v=m8i4fMUCpK0,https://www.youtube-nocookie.com/embed/m8i4fMUCpK0?rel=0&enablejsapi=1&cc_load_policy=1&start=2107&end=3398,2107,3398,si,si,si,si,evidencia_entregada_y_criterio_superado,"Diferencia dato medido, estimado e inferido || Configura privacidad y minimización de datos || Justifica herramienta según objetivo y usuario",Comparativa de dos herramientas con protocolo de uso,no,revisar_automaticamente_antes_de_publicar,2026-08-04
tsaf_herramienta_trainingpeaks__tsaf-prj-001,tsaf_herramienta_trainingpeaks,TrainingPeaks para entrenadores,herramienta,TSAF,5,TSAF-PRJ-001,Crear un programa integral de acondicionamiento físico,"Construir un programa integral con evaluación, progresión y revisión.",Cómo programar el entrenamiento de fuerza,Fit Generation,https://www.youtube.com/watch?v=eAnc33YC0n8,https://www.youtube-nocookie.com/embed/eAnc33YC0n8?rel=0&enablejsapi=1&cc_load_policy=1,0,0,si,si,si,si,evidencia_entregada_y_criterio_superado,"Define población, necesidad y límites || Programa sesiones y evaluación coherentes || Incluye seguridad, recursos, privacidad y calidad","Memoria, sesiones, instrumentos y presentación",no,revisar_automaticamente_antes_de_publicar,2026-08-04
tsaf_herramienta_polar_flow__tsaf-bas-003,tsaf_herramienta_polar_flow,Polar Flow,herramienta,TSAF,1,TSAF-BAS-003,Comprender respuestas básicas al ejercicio,"Relacionar esfuerzo, respuesta fisiológica, recuperación y adaptaciones al ejercicio.",Fisiología del ejercicio — Parte II,Facultad de Ciencias Médicas,https://www.youtube.com/watch?v=ga88pqiForY,https://www.youtube-nocookie.com/embed/ga88pqiForY?rel=0&enablejsapi=1&cc_load_policy=1,0,0,si,si,si,si,evidencia_entregada_y_criterio_superado,Explica respuesta aguda y adaptación crónica || Calcula zonas orientativas sin presentarlas como diagnóstico || Reconoce señales para detener actividad y derivar,Resumen aplicado a tres perfiles ficticios,no,revisar_automaticamente_antes_de_publicar,2026-08-04
tsaf_herramienta_polar_flow__tsaf-val-003,tsaf_herramienta_polar_flow,Polar Flow,herramienta,TSAF,2,TSAF-VAL-003,Registrar y analizar evolución,Crear tablas dinámicas y gráficos de evolución.,Curso completo de Excel,A2 Capacitación: Excel,https://www.youtube.com/watch?v=m8i4fMUCpK0,https://www.youtube-nocookie.com/embed/m8i4fMUCpK0?rel=0&enablejsapi=1&cc_load_policy=1&start=2107&end=3398,2107,3398,si,si,si,si,evidencia_entregada_y_criterio_superado,"Calcula cambios y tendencias correctamente || Diferencia medición, interpretación y recomendación || Presenta datos comprensibles para la persona usuaria",Dashboard o informe de evolución,no,revisar_automaticamente_antes_de_publicar,2026-08-04
tsaf_herramienta_polar_flow__tsaf-fit-002,tsaf_herramienta_polar_flow,Polar Flow,herramienta,TSAF,3,TSAF-FIT-002,"Programar fuerza, resistencia y movilidad","Programar carga, progresión y control de fuerza.",Cómo programar el entrenamiento de fuerza,Fit Generation,https://www.youtube.com/watch?v=eAnc33YC0n8,https://www.youtube-nocookie.com/embed/eAnc33YC0n8?rel=0&enablejsapi=1&cc_load_policy=1&start=85&end=3259,85,3259,si,si,si,si,evidencia_entregada_y_criterio_superado,"Formula objetivos medibles || Ajusta carga y volumen al nivel || Incluye progresión, recuperación y revisión",Programa de 8 semanas para caso ficticio,no,revisar_automaticamente_antes_de_publicar,2026-08-04
tsaf_herramienta_polar_flow__tsaf-dig-001,tsaf_herramienta_polar_flow,Polar Flow,herramienta,TSAF,4,TSAF-DIG-001,Usar tecnología y datos en seguimiento sin invadir privacidad,Analizar datos de seguimiento sin convertirlos en diagnóstico.,Curso completo de Excel,A2 Capacitación: Excel,https://www.youtube.com/watch?v=m8i4fMUCpK0,https://www.youtube-nocookie.com/embed/m8i4fMUCpK0?rel=0&enablejsapi=1&cc_load_policy=1&start=2107&end=3398,2107,3398,si,si,si,si,evidencia_entregada_y_criterio_superado,"Diferencia dato medido, estimado e inferido || Configura privacidad y minimización de datos || Justifica herramienta según objetivo y usuario",Comparativa de dos herramientas con protocolo de uso,no,revisar_automaticamente_antes_de_publicar,2026-08-04
tsaf_herramienta_polar_flow__tsaf-bas-005,tsaf_herramienta_polar_flow,Polar Flow,herramienta,TSAF,5,TSAF-BAS-005,"Distinguir alcance profesional, derivación y consentimiento","Distinguir entrenamiento, derivación sanitaria y consentimiento.","PhysioWods: movilidad, fisiología, gestión y comunicación profesional",PhysioWods - Ana Galeote,https://www.youtube.com/playlist?list=PLU_3vrvW7HKenS14CstIF_H5fRvnBgi6z,https://www.youtube-nocookie.com/embed/videoseries?rel=0&enablejsapi=1&cc_load_policy=1&list=PLU_3vrvW7HKenS14CstIF_H5fRvnBgi6z&listType=playlist,0,0,si,si,si,si,evidencia_entregada_y_criterio_superado,"Diferencia entrenamiento, valoración funcional y diagnóstico clínico || Identifica cuándo detener y derivar || Usa un consentimiento sencillo para grabación o datos",Checklist de límites y consentimiento ficticio,no,revisar_automaticamente_antes_de_publicar,2026-08-04
tsaf_herramienta_garmin_connect__tsaf-dig-001,tsaf_herramienta_garmin_connect,Garmin Connect,herramienta,TSAF,1,TSAF-DIG-001,Usar tecnología y datos en seguimiento sin invadir privacidad,Analizar datos de seguimiento sin convertirlos en diagnóstico.,Curso completo de Excel,A2 Capacitación: Excel,https://www.youtube.com/watch?v=m8i4fMUCpK0,https://www.youtube-nocookie.com/embed/m8i4fMUCpK0?rel=0&enablejsapi=1&cc_load_policy=1&start=2107&end=3398,2107,3398,si,si,si,si,evidencia_entregada_y_criterio_superado,"Diferencia dato medido, estimado e inferido || Configura privacidad y minimización de datos || Justifica herramienta según objetivo y usuario",Comparativa de dos herramientas con protocolo de uso,no,revisar_automaticamente_antes_de_publicar,2026-08-04
tsaf_herramienta_garmin_connect__tsaf-bas-001,tsaf_herramienta_garmin_connect,Garmin Connect,herramienta,TSAF,2,TSAF-BAS-001,"Organizar archivos, formularios y hojas de cálculo","Crear fichas, registros y tablas para sesiones y usuarios.",Curso completo de Excel,A2 Capacitación: Excel,https://www.youtube.com/watch?v=m8i4fMUCpK0,https://www.youtube-nocookie.com/embed/m8i4fMUCpK0?rel=0&enablejsapi=1&cc_load_policy=1&end=2107,0,2107,si,si,si,si,evidencia_entregada_y_criterio_superado,Crea una estructura de carpetas por usuario y programa ficticio || Registra datos en una hoja sin duplicados || Explica cómo protege y elimina información sensible,Plantilla organizada con datos ficticios,no,revisar_automaticamente_antes_de_publicar,2026-08-04
tsaf_herramienta_garmin_connect__tsaf-bas-003,tsaf_herramienta_garmin_connect,Garmin Connect,herramienta,TSAF,3,TSAF-BAS-003,Comprender respuestas básicas al ejercicio,"Relacionar esfuerzo, respuesta fisiológica, recuperación y adaptaciones al ejercicio.",Fisiología del ejercicio — Parte II,Facultad de Ciencias Médicas,https://www.youtube.com/watch?v=ga88pqiForY,https://www.youtube-nocookie.com/embed/ga88pqiForY?rel=0&enablejsapi=1&cc_load_policy=1,0,0,si,si,si,si,evidencia_entregada_y_criterio_superado,Explica respuesta aguda y adaptación crónica || Calcula zonas orientativas sin presentarlas como diagnóstico || Reconoce señales para detener actividad y derivar,Resumen aplicado a tres perfiles ficticios,no,revisar_automaticamente_antes_de_publicar,2026-08-04
tsaf_herramienta_garmin_connect__tsaf-val-003,tsaf_herramienta_garmin_connect,Garmin Connect,herramienta,TSAF,4,TSAF-VAL-003,Registrar y analizar evolución,Crear tablas dinámicas y gráficos de evolución.,Curso completo de Excel,A2 Capacitación: Excel,https://www.youtube.com/watch?v=m8i4fMUCpK0,https://www.youtube-nocookie.com/embed/m8i4fMUCpK0?rel=0&enablejsapi=1&cc_load_policy=1&start=2107&end=3398,2107,3398,si,si,si,si,evidencia_entregada_y_criterio_superado,"Calcula cambios y tendencias correctamente || Diferencia medición, interpretación y recomendación || Presenta datos comprensibles para la persona usuaria",Dashboard o informe de evolución,no,revisar_automaticamente_antes_de_publicar,2026-08-04
tsaf_herramienta_garmin_connect__tsaf-bas-005,tsaf_herramienta_garmin_connect,Garmin Connect,herramienta,TSAF,5,TSAF-BAS-005,"Distinguir alcance profesional, derivación y consentimiento","Distinguir entrenamiento, derivación sanitaria y consentimiento.","PhysioWods: movilidad, fisiología, gestión y comunicación profesional",PhysioWods - Ana Galeote,https://www.youtube.com/playlist?list=PLU_3vrvW7HKenS14CstIF_H5fRvnBgi6z,https://www.youtube-nocookie.com/embed/videoseries?rel=0&enablejsapi=1&cc_load_policy=1&list=PLU_3vrvW7HKenS14CstIF_H5fRvnBgi6z&listType=playlist,0,0,si,si,si,si,evidencia_entregada_y_criterio_superado,"Diferencia entrenamiento, valoración funcional y diagnóstico clínico || Identifica cuándo detener y derivar || Usa un consentimiento sencillo para grabación o datos",Checklist de límites y consentimiento ficticio,no,revisar_automaticamente_antes_de_publicar,2026-08-04
tsaf_herramienta_strava__tsaf-val-001,tsaf_herramienta_strava,Strava,herramienta,TSAF,1,TSAF-VAL-001,Realizar entrevista inicial y cribado básico,Crear un cuestionario inicial con consentimiento y preguntas pertinentes.,Google Forms: crear encuestas y analizar respuestas,GCFAprendeLibre,https://www.youtube.com/watch?v=szlGX3MseWc,https://www.youtube-nocookie.com/embed/szlGX3MseWc?rel=0&enablejsapi=1&cc_load_policy=1,0,0,si,si,si,si,evidencia_entregada_y_criterio_superado,Formula preguntas relevantes sin convertirlas en historia clínica || Identifica riesgos y contraindicaciones declaradas || Documenta consentimiento y límites,Formulario inicial ficticio y decisión razonada,no,revisar_automaticamente_antes_de_publicar,2026-08-04
tsaf_herramienta_strava__tsaf-bas-005,tsaf_herramienta_strava,Strava,herramienta,TSAF,2,TSAF-BAS-005,"Distinguir alcance profesional, derivación y consentimiento","Distinguir entrenamiento, derivación sanitaria y consentimiento.","PhysioWods: movilidad, fisiología, gestión y comunicación profesional",PhysioWods - Ana Galeote,https://www.youtube.com/playlist?list=PLU_3vrvW7HKenS14CstIF_H5fRvnBgi6z,https://www.youtube-nocookie.com/embed/videoseries?rel=0&enablejsapi=1&cc_load_policy=1&list=PLU_3vrvW7HKenS14CstIF_H5fRvnBgi6z&listType=playlist,0,0,si,si,si,si,evidencia_entregada_y_criterio_superado,"Diferencia entrenamiento, valoración funcional y diagnóstico clínico || Identifica cuándo detener y derivar || Usa un consentimiento sencillo para grabación o datos",Checklist de límites y consentimiento ficticio,no,revisar_automaticamente_antes_de_publicar,2026-08-04
tsaf_herramienta_trainerize__tsaf-val-003,tsaf_herramienta_trainerize,ABC Trainerize,herramienta,TSAF,1,TSAF-VAL-003,Registrar y analizar evolución,Crear tablas dinámicas y gráficos de evolución.,Curso completo de Excel,A2 Capacitación: Excel,https://www.youtube.com/watch?v=m8i4fMUCpK0,https://www.youtube-nocookie.com/embed/m8i4fMUCpK0?rel=0&enablejsapi=1&cc_load_policy=1&start=2107&end=3398,2107,3398,si,si,si,si,evidencia_entregada_y_criterio_superado,"Calcula cambios y tendencias correctamente || Diferencia medición, interpretación y recomendación || Presenta datos comprensibles para la persona usuaria",Dashboard o informe de evolución,no,revisar_automaticamente_antes_de_publicar,2026-08-04
tsaf_herramienta_trainerize__tsaf-fit-003,tsaf_herramienta_trainerize,ABC Trainerize,herramienta,TSAF,2,TSAF-FIT-003,Dirigir y adaptar una sesión individual,"Estructurar calentamiento, bloque principal, adaptaciones y vuelta a la calma.",Cómo programar el entrenamiento de fuerza,Fit Generation,https://www.youtube.com/watch?v=eAnc33YC0n8,https://www.youtube-nocookie.com/embed/eAnc33YC0n8?rel=0&enablejsapi=1&cc_load_policy=1,0,0,si,si,si,si,evidencia_entregada_y_criterio_superado,"Mantiene estructura y tiempo de sesión || Corrige sin saturar de consignas || Adapta ante fatiga, dolor declarado o material no disponible",Vídeo o registro de sesión completa,no,revisar_automaticamente_antes_de_publicar,2026-08-04
tsaf_herramienta_trainerize__tsaf-bas-005,tsaf_herramienta_trainerize,ABC Trainerize,herramienta,TSAF,3,TSAF-BAS-005,"Distinguir alcance profesional, derivación y consentimiento","Distinguir entrenamiento, derivación sanitaria y consentimiento.","PhysioWods: movilidad, fisiología, gestión y comunicación profesional",PhysioWods - Ana Galeote,https://www.youtube.com/playlist?list=PLU_3vrvW7HKenS14CstIF_H5fRvnBgi6z,https://www.youtube-nocookie.com/embed/videoseries?rel=0&enablejsapi=1&cc_load_policy=1&list=PLU_3vrvW7HKenS14CstIF_H5fRvnBgi6z&listType=playlist,0,0,si,si,si,si,evidencia_entregada_y_criterio_superado,"Diferencia entrenamiento, valoración funcional y diagnóstico clínico || Identifica cuándo detener y derivar || Usa un consentimiento sencillo para grabación o datos",Checklist de límites y consentimiento ficticio,no,revisar_automaticamente_antes_de_publicar,2026-08-04
tsaf_herramienta_hexfit__tsaf-fit-002,tsaf_herramienta_hexfit,Hexfit,herramienta,TSAF,1,TSAF-FIT-002,"Programar fuerza, resistencia y movilidad","Programar carga, progresión y control de fuerza.",Cómo programar el entrenamiento de fuerza,Fit Generation,https://www.youtube.com/watch?v=eAnc33YC0n8,https://www.youtube-nocookie.com/embed/eAnc33YC0n8?rel=0&enablejsapi=1&cc_load_policy=1&start=85&end=3259,85,3259,si,si,si,si,evidencia_entregada_y_criterio_superado,"Formula objetivos medibles || Ajusta carga y volumen al nivel || Incluye progresión, recuperación y revisión",Programa de 8 semanas para caso ficticio,no,revisar_automaticamente_antes_de_publicar,2026-08-04
tsaf_herramienta_hexfit__tsaf-bas-005,tsaf_herramienta_hexfit,Hexfit,herramienta,TSAF,2,TSAF-BAS-005,"Distinguir alcance profesional, derivación y consentimiento","Distinguir entrenamiento, derivación sanitaria y consentimiento.","PhysioWods: movilidad, fisiología, gestión y comunicación profesional",PhysioWods - Ana Galeote,https://www.youtube.com/playlist?list=PLU_3vrvW7HKenS14CstIF_H5fRvnBgi6z,https://www.youtube-nocookie.com/embed/videoseries?rel=0&enablejsapi=1&cc_load_policy=1&list=PLU_3vrvW7HKenS14CstIF_H5fRvnBgi6z&listType=playlist,0,0,si,si,si,si,evidencia_entregada_y_criterio_superado,"Diferencia entrenamiento, valoración funcional y diagnóstico clínico || Identifica cuándo detener y derivar || Usa un consentimiento sencillo para grabación o datos",Checklist de límites y consentimiento ficticio,no,revisar_automaticamente_antes_de_publicar,2026-08-04
tsaf_herramienta_excel__tsaf-bas-001,tsaf_herramienta_excel,Microsoft Excel,herramienta,TSAF,1,TSAF-BAS-001,"Organizar archivos, formularios y hojas de cálculo","Crear fichas, registros y tablas para sesiones y usuarios.",Curso completo de Excel,A2 Capacitación: Excel,https://www.youtube.com/watch?v=m8i4fMUCpK0,https://www.youtube-nocookie.com/embed/m8i4fMUCpK0?rel=0&enablejsapi=1&cc_load_policy=1&end=2107,0,2107,si,si,si,si,evidencia_entregada_y_criterio_superado,Crea una estructura de carpetas por usuario y programa ficticio || Registra datos en una hoja sin duplicados || Explica cómo protege y elimina información sensible,Plantilla organizada con datos ficticios,no,revisar_automaticamente_antes_de_publicar,2026-08-04
tsaf_herramienta_excel__tsaf-val-002,tsaf_herramienta_excel,Microsoft Excel,herramienta,TSAF,2,TSAF-VAL-002,Aplicar pruebas básicas de condición física,Seleccionar pruebas y registrar resultados de forma repetible.,Cómo programar el entrenamiento de fuerza,Fit Generation,https://www.youtube.com/watch?v=eAnc33YC0n8,https://www.youtube-nocookie.com/embed/eAnc33YC0n8?rel=0&enablejsapi=1&cc_load_policy=1,0,0,si,si,si,si,evidencia_entregada_y_criterio_superado,"Elige pruebas coherentes con objetivo y perfil || Estandariza calentamiento, material y registro || Interpreta resultados sin diagnosticar",Informe de batería de pruebas con datos ficticios o propios,no,revisar_automaticamente_antes_de_publicar,2026-08-04
tsaf_herramienta_excel__tsaf-val-003,tsaf_herramienta_excel,Microsoft Excel,herramienta,TSAF,3,TSAF-VAL-003,Registrar y analizar evolución,Crear tablas dinámicas y gráficos de evolución.,Curso completo de Excel,A2 Capacitación: Excel,https://www.youtube.com/watch?v=m8i4fMUCpK0,https://www.youtube-nocookie.com/embed/m8i4fMUCpK0?rel=0&enablejsapi=1&cc_load_policy=1&start=2107&end=3398,2107,3398,si,si,si,si,evidencia_entregada_y_criterio_superado,"Calcula cambios y tendencias correctamente || Diferencia medición, interpretación y recomendación || Presenta datos comprensibles para la persona usuaria",Dashboard o informe de evolución,no,revisar_automaticamente_antes_de_publicar,2026-08-04
tsaf_herramienta_excel__tsaf-prj-001,tsaf_herramienta_excel,Microsoft Excel,herramienta,TSAF,4,TSAF-PRJ-001,Crear un programa integral de acondicionamiento físico,"Construir un programa integral con evaluación, progresión y revisión.",Cómo programar el entrenamiento de fuerza,Fit Generation,https://www.youtube.com/watch?v=eAnc33YC0n8,https://www.youtube-nocookie.com/embed/eAnc33YC0n8?rel=0&enablejsapi=1&cc_load_policy=1,0,0,si,si,si,si,evidencia_entregada_y_criterio_superado,"Define población, necesidad y límites || Programa sesiones y evaluación coherentes || Incluye seguridad, recursos, privacidad y calidad","Memoria, sesiones, instrumentos y presentación",no,revisar_automaticamente_antes_de_publicar,2026-08-04
tsaf_herramienta_excel__tsaf-bas-005,tsaf_herramienta_excel,Microsoft Excel,herramienta,TSAF,5,TSAF-BAS-005,"Distinguir alcance profesional, derivación y consentimiento","Distinguir entrenamiento, derivación sanitaria y consentimiento.","PhysioWods: movilidad, fisiología, gestión y comunicación profesional",PhysioWods - Ana Galeote,https://www.youtube.com/playlist?list=PLU_3vrvW7HKenS14CstIF_H5fRvnBgi6z,https://www.youtube-nocookie.com/embed/videoseries?rel=0&enablejsapi=1&cc_load_policy=1&list=PLU_3vrvW7HKenS14CstIF_H5fRvnBgi6z&listType=playlist,0,0,si,si,si,si,evidencia_entregada_y_criterio_superado,"Diferencia entrenamiento, valoración funcional y diagnóstico clínico || Identifica cuándo detener y derivar || Usa un consentimiento sencillo para grabación o datos",Checklist de límites y consentimiento ficticio,no,revisar_automaticamente_antes_de_publicar,2026-08-04
tsaf_herramienta_google_forms__tsaf-bas-005,tsaf_herramienta_google_forms,Formularios de Google,herramienta,TSAF,1,TSAF-BAS-005,"Distinguir alcance profesional, derivación y consentimiento","Distinguir entrenamiento, derivación sanitaria y consentimiento.","PhysioWods: movilidad, fisiología, gestión y comunicación profesional",PhysioWods - Ana Galeote,https://www.youtube.com/playlist?list=PLU_3vrvW7HKenS14CstIF_H5fRvnBgi6z,https://www.youtube-nocookie.com/embed/videoseries?rel=0&enablejsapi=1&cc_load_policy=1&list=PLU_3vrvW7HKenS14CstIF_H5fRvnBgi6z&listType=playlist,0,0,si,si,si,si,evidencia_entregada_y_criterio_superado,"Diferencia entrenamiento, valoración funcional y diagnóstico clínico || Identifica cuándo detener y derivar || Usa un consentimiento sencillo para grabación o datos",Checklist de límites y consentimiento ficticio,no,revisar_automaticamente_antes_de_publicar,2026-08-04
tsaf_sae_busqueda_empleo__tsaf-emp-001,tsaf_sae_busqueda_empleo,Servicio Andaluz de Empleo,empleo_busqueda,TSAF,1,TSAF-EMP-001,Preparar candidatura profesional en fitness y deporte,"Preparar CV, certificados, planificaciones y evidencias compartibles.","Curso completo de Google Drive: organizar, compartir y colaborar",Carlos Cortés Academy,https://www.youtube.com/watch?v=xBaRjZUVSgc,https://www.youtube-nocookie.com/embed/xBaRjZUVSgc?rel=0&enablejsapi=1&cc_load_policy=1,0,0,si,si,si,si,evidencia_entregada_y_criterio_superado,CV adaptado a un puesto real || Portfolio con dos sesiones y una valoración ficticia || Matriz de requisitos y límites profesionales,"CV, portfolio y matriz de brechas",sí,revisar_automaticamente_antes_de_publicar,2026-08-04
tsaf_sae_busqueda_empleo__tsaf-bas-005,tsaf_sae_busqueda_empleo,Servicio Andaluz de Empleo,empleo_busqueda,TSAF,2,TSAF-BAS-005,"Distinguir alcance profesional, derivación y consentimiento","Distinguir entrenamiento, derivación sanitaria y consentimiento.","PhysioWods: movilidad, fisiología, gestión y comunicación profesional",PhysioWods - Ana Galeote,https://www.youtube.com/playlist?list=PLU_3vrvW7HKenS14CstIF_H5fRvnBgi6z,https://www.youtube-nocookie.com/embed/videoseries?rel=0&enablejsapi=1&cc_load_policy=1&list=PLU_3vrvW7HKenS14CstIF_H5fRvnBgi6z&listType=playlist,0,0,si,si,si,si,evidencia_entregada_y_criterio_superado,"Diferencia entrenamiento, valoración funcional y diagnóstico clínico || Identifica cuándo detener y derivar || Usa un consentimiento sencillo para grabación o datos",Checklist de límites y consentimiento ficticio,sí,revisar_automaticamente_antes_de_publicar,2026-08-04
tsaf_sae_busqueda_empleo__tsaf-soc-001,tsaf_sae_busqueda_empleo,Servicio Andaluz de Empleo,empleo_busqueda,TSAF,3,TSAF-SOC-001,"Gestionar comunicación, motivación y conflictos","Aplicar escucha, feedback y resolución básica de conflictos.","PhysioWods: movilidad, fisiología, gestión y comunicación profesional",PhysioWods - Ana Galeote,https://www.youtube.com/playlist?list=PLU_3vrvW7HKenS14CstIF_H5fRvnBgi6z,https://www.youtube-nocookie.com/embed/videoseries?rel=0&enablejsapi=1&cc_load_policy=1&list=PLU_3vrvW7HKenS14CstIF_H5fRvnBgi6z&listType=playlist,0,0,si,si,si,si,evidencia_entregada_y_criterio_superado,Realiza escucha activa y reformulación || Da feedback específico sin descalificar || Propone una respuesta profesional a conflicto o queja,Role-play documentado de tres situaciones,no,revisar_automaticamente_antes_de_publicar,2026-08-04
tsaf_portal_empleate_sepe__tsaf-emp-001,tsaf_portal_empleate_sepe,Portal Empléate,empleo_busqueda,TSAF,1,TSAF-EMP-001,Preparar candidatura profesional en fitness y deporte,"Preparar CV, certificados, planificaciones y evidencias compartibles.","Curso completo de Google Drive: organizar, compartir y colaborar",Carlos Cortés Academy,https://www.youtube.com/watch?v=xBaRjZUVSgc,https://www.youtube-nocookie.com/embed/xBaRjZUVSgc?rel=0&enablejsapi=1&cc_load_policy=1,0,0,si,si,si,si,evidencia_entregada_y_criterio_superado,CV adaptado a un puesto real || Portfolio con dos sesiones y una valoración ficticia || Matriz de requisitos y límites profesionales,"CV, portfolio y matriz de brechas",sí,revisar_automaticamente_antes_de_publicar,2026-08-04
tsaf_portal_empleate_sepe__tsaf-fit-001,tsaf_portal_empleate_sepe,Portal Empléate,empleo_busqueda,TSAF,2,TSAF-FIT-001,Seleccionar ejercicios y enseñar técnica,"Seleccionar ejercicios, explicar técnica y establecer progresiones.",Cómo programar el entrenamiento de fuerza,Fit Generation,https://www.youtube.com/watch?v=eAnc33YC0n8,https://www.youtube-nocookie.com/embed/eAnc33YC0n8?rel=0&enablejsapi=1&cc_load_policy=1,0,0,si,si,si,si,evidencia_entregada_y_criterio_superado,Demuestra técnica y errores frecuentes || Propone al menos una regresión y una progresión || Justifica selección según objetivo y seguridad,Biblioteca de 20 ejercicios con fichas,sí,revisar_automaticamente_antes_de_publicar,2026-08-04
tsaf_portal_empleate_sepe__tsaf-eng-001,tsaf_portal_empleate_sepe,Portal Empléate,empleo_busqueda,TSAF,3,TSAF-ENG-001,Comprender instrucciones y recursos profesionales en inglés,"Practicar escucha, glosario y resumen de instrucciones técnicas en inglés.",How to build a data layer,Android Developers,https://www.youtube.com/watch?v=P125nWICYps,https://www.youtube-nocookie.com/embed/P125nWICYps?rel=0&enablejsapi=1&cc_load_policy=1,0,0,si,si,si,si,evidencia_entregada_y_criterio_superado,Resume un protocolo en español || Da instrucciones básicas de ejercicio en inglés || Redacta un mensaje profesional breve,Ficha bilingüe de una sesión,no,revisar_automaticamente_antes_de_publicar,2026-08-04
tsaf_portal_empleate_sepe__tsaf-prj-001,tsaf_portal_empleate_sepe,Portal Empléate,empleo_busqueda,TSAF,4,TSAF-PRJ-001,Crear un programa integral de acondicionamiento físico,"Construir un programa integral con evaluación, progresión y revisión.",Cómo programar el entrenamiento de fuerza,Fit Generation,https://www.youtube.com/watch?v=eAnc33YC0n8,https://www.youtube-nocookie.com/embed/eAnc33YC0n8?rel=0&enablejsapi=1&cc_load_policy=1,0,0,si,si,si,si,evidencia_entregada_y_criterio_superado,"Define población, necesidad y límites || Programa sesiones y evaluación coherentes || Incluye seguridad, recursos, privacidad y calidad","Memoria, sesiones, instrumentos y presentación",no,revisar_automaticamente_antes_de_publicar,2026-08-04
tsaf_portal_empleate_sepe__tsaf-mus-001,tsaf_portal_empleate_sepe,Portal Empléate,empleo_busqueda,TSAF,5,TSAF-MUS-001,"Comprender ritmo, frase musical y estructura de sesión","Reconocer ritmo, bloques musicales y estructura de una sesión colectiva.","PhysioWods: movilidad, fisiología, gestión y comunicación profesional",PhysioWods - Ana Galeote,https://www.youtube.com/playlist?list=PLU_3vrvW7HKenS14CstIF_H5fRvnBgi6z,https://www.youtube-nocookie.com/embed/videoseries?rel=0&enablejsapi=1&cc_load_policy=1&list=PLU_3vrvW7HKenS14CstIF_H5fRvnBgi6z&listType=playlist,0,0,si,si,si,si,evidencia_entregada_y_criterio_superado,"Cuenta tiempos y frases musicales || Diseña calentamiento, bloque principal y vuelta a la calma || Controla intensidad y transiciones",Guion musical y vídeo de 10 minutos,no,revisar_automaticamente_antes_de_publicar,2026-08-04
tsaf_empleo_deporte_portal__tsaf-emp-001,tsaf_empleo_deporte_portal,Empleo Deporte,empleo_busqueda,TSAF,1,TSAF-EMP-001,Preparar candidatura profesional en fitness y deporte,"Preparar CV, certificados, planificaciones y evidencias compartibles.","Curso completo de Google Drive: organizar, compartir y colaborar",Carlos Cortés Academy,https://www.youtube.com/watch?v=xBaRjZUVSgc,https://www.youtube-nocookie.com/embed/xBaRjZUVSgc?rel=0&enablejsapi=1&cc_load_policy=1,0,0,si,si,si,si,evidencia_entregada_y_criterio_superado,CV adaptado a un puesto real || Portfolio con dos sesiones y una valoración ficticia || Matriz de requisitos y límites profesionales,"CV, portfolio y matriz de brechas",sí,revisar_automaticamente_antes_de_publicar,2026-08-04
tsaf_empleo_deporte_portal__tsaf-ges-001,tsaf_empleo_deporte_portal,Empleo Deporte,empleo_busqueda,TSAF,2,TSAF-GES-001,"Organizar recursos, calidad y seguridad de una instalación","Definir recursos, riesgos, calidad y operación básica de un centro.","PhysioWods: movilidad, fisiología, gestión y comunicación profesional",PhysioWods - Ana Galeote,https://www.youtube.com/playlist?list=PLU_3vrvW7HKenS14CstIF_H5fRvnBgi6z,https://www.youtube-nocookie.com/embed/videoseries?rel=0&enablejsapi=1&cc_load_policy=1&list=PLU_3vrvW7HKenS14CstIF_H5fRvnBgi6z&listType=playlist,0,0,si,si,si,si,evidencia_entregada_y_criterio_superado,Completa inspección de seguridad y accesibilidad || Define procedimiento de incidencia y mantenimiento || Propone indicadores de calidad y satisfacción,Auditoría de instalación real o simulada,sí,revisar_automaticamente_antes_de_publicar,2026-08-04
tsaf_empleo_deporte_portal__tsaf-bas-003,tsaf_empleo_deporte_portal,Empleo Deporte,empleo_busqueda,TSAF,3,TSAF-BAS-003,Comprender respuestas básicas al ejercicio,"Relacionar esfuerzo, respuesta fisiológica, recuperación y adaptaciones al ejercicio.",Fisiología del ejercicio — Parte II,Facultad de Ciencias Médicas,https://www.youtube.com/watch?v=ga88pqiForY,https://www.youtube-nocookie.com/embed/ga88pqiForY?rel=0&enablejsapi=1&cc_load_policy=1,0,0,si,si,si,si,evidencia_entregada_y_criterio_superado,Explica respuesta aguda y adaptación crónica || Calcula zonas orientativas sin presentarlas como diagnóstico || Reconoce señales para detener actividad y derivar,Resumen aplicado a tres perfiles ficticios,no,revisar_automaticamente_antes_de_publicar,2026-08-04
tsaf_empleo_deporte_portal__tsaf-fit-001,tsaf_empleo_deporte_portal,Empleo Deporte,empleo_busqueda,TSAF,4,TSAF-FIT-001,Seleccionar ejercicios y enseñar técnica,"Seleccionar ejercicios, explicar técnica y establecer progresiones.",Cómo programar el entrenamiento de fuerza,Fit Generation,https://www.youtube.com/watch?v=eAnc33YC0n8,https://www.youtube-nocookie.com/embed/eAnc33YC0n8?rel=0&enablejsapi=1&cc_load_policy=1,0,0,si,si,si,si,evidencia_entregada_y_criterio_superado,Demuestra técnica y errores frecuentes || Propone al menos una regresión y una progresión || Justifica selección según objetivo y seguridad,Biblioteca de 20 ejercicios con fichas,no,revisar_automaticamente_antes_de_publicar,2026-08-04
tsaf_empleo_deporte_portal__tsaf-eng-001,tsaf_empleo_deporte_portal,Empleo Deporte,empleo_busqueda,TSAF,5,TSAF-ENG-001,Comprender instrucciones y recursos profesionales en inglés,"Practicar escucha, glosario y resumen de instrucciones técnicas en inglés.",How to build a data layer,Android Developers,https://www.youtube.com/watch?v=P125nWICYps,https://www.youtube-nocookie.com/embed/P125nWICYps?rel=0&enablejsapi=1&cc_load_policy=1,0,0,si,si,si,si,evidencia_entregada_y_criterio_superado,Resume un protocolo en español || Da instrucciones básicas de ejercicio en inglés || Redacta un mensaje profesional breve,Ficha bilingüe de una sesión,no,revisar_automaticamente_antes_de_publicar,2026-08-04
tsaf_plataforma_colef_empleo__tsaf-bas-003,tsaf_plataforma_colef_empleo,Bolsa de empleo de Plataforma COLEF,empleo_busqueda,TSAF,1,TSAF-BAS-003,Comprender respuestas básicas al ejercicio,"Relacionar esfuerzo, respuesta fisiológica, recuperación y adaptaciones al ejercicio.",Fisiología del ejercicio — Parte II,Facultad de Ciencias Médicas,https://www.youtube.com/watch?v=ga88pqiForY,https://www.youtube-nocookie.com/embed/ga88pqiForY?rel=0&enablejsapi=1&cc_load_policy=1,0,0,si,si,si,si,evidencia_entregada_y_criterio_superado,Explica respuesta aguda y adaptación crónica || Calcula zonas orientativas sin presentarlas como diagnóstico || Reconoce señales para detener actividad y derivar,Resumen aplicado a tres perfiles ficticios,sí,revisar_automaticamente_antes_de_publicar,2026-08-04
tsaf_plataforma_colef_empleo__tsaf-emp-001,tsaf_plataforma_colef_empleo,Bolsa de empleo de Plataforma COLEF,empleo_busqueda,TSAF,2,TSAF-EMP-001,Preparar candidatura profesional en fitness y deporte,"Preparar CV, certificados, planificaciones y evidencias compartibles.","Curso completo de Google Drive: organizar, compartir y colaborar",Carlos Cortés Academy,https://www.youtube.com/watch?v=xBaRjZUVSgc,https://www.youtube-nocookie.com/embed/xBaRjZUVSgc?rel=0&enablejsapi=1&cc_load_policy=1,0,0,si,si,si,si,evidencia_entregada_y_criterio_superado,CV adaptado a un puesto real || Portfolio con dos sesiones y una valoración ficticia || Matriz de requisitos y límites profesionales,"CV, portfolio y matriz de brechas",sí,revisar_automaticamente_antes_de_publicar,2026-08-04
tsaf_plataforma_colef_empleo__tsaf-ges-001,tsaf_plataforma_colef_empleo,Bolsa de empleo de Plataforma COLEF,empleo_busqueda,TSAF,3,TSAF-GES-001,"Organizar recursos, calidad y seguridad de una instalación","Definir recursos, riesgos, calidad y operación básica de un centro.","PhysioWods: movilidad, fisiología, gestión y comunicación profesional",PhysioWods - Ana Galeote,https://www.youtube.com/playlist?list=PLU_3vrvW7HKenS14CstIF_H5fRvnBgi6z,https://www.youtube-nocookie.com/embed/videoseries?rel=0&enablejsapi=1&cc_load_policy=1&list=PLU_3vrvW7HKenS14CstIF_H5fRvnBgi6z&listType=playlist,0,0,si,si,si,si,evidencia_entregada_y_criterio_superado,Completa inspección de seguridad y accesibilidad || Define procedimiento de incidencia y mantenimiento || Propone indicadores de calidad y satisfacción,Auditoría de instalación real o simulada,no,revisar_automaticamente_antes_de_publicar,2026-08-04
tsaf_plataforma_colef_empleo__tsaf-bas-005,tsaf_plataforma_colef_empleo,Bolsa de empleo de Plataforma COLEF,empleo_busqueda,TSAF,4,TSAF-BAS-005,"Distinguir alcance profesional, derivación y consentimiento","Distinguir entrenamiento, derivación sanitaria y consentimiento.","PhysioWods: movilidad, fisiología, gestión y comunicación profesional",PhysioWods - Ana Galeote,https://www.youtube.com/playlist?list=PLU_3vrvW7HKenS14CstIF_H5fRvnBgi6z,https://www.youtube-nocookie.com/embed/videoseries?rel=0&enablejsapi=1&cc_load_policy=1&list=PLU_3vrvW7HKenS14CstIF_H5fRvnBgi6z&listType=playlist,0,0,si,si,si,si,evidencia_entregada_y_criterio_superado,"Diferencia entrenamiento, valoración funcional y diagnóstico clínico || Identifica cuándo detener y derivar || Usa un consentimiento sencillo para grabación o datos",Checklist de límites y consentimiento ficticio,no,revisar_automaticamente_antes_de_publicar,2026-08-04
tsaf_plataforma_colef_empleo__tsaf-soc-001,tsaf_plataforma_colef_empleo,Bolsa de empleo de Plataforma COLEF,empleo_busqueda,TSAF,5,TSAF-SOC-001,"Gestionar comunicación, motivación y conflictos","Aplicar escucha, feedback y resolución básica de conflictos.","PhysioWods: movilidad, fisiología, gestión y comunicación profesional",PhysioWods - Ana Galeote,https://www.youtube.com/playlist?list=PLU_3vrvW7HKenS14CstIF_H5fRvnBgi6z,https://www.youtube-nocookie.com/embed/videoseries?rel=0&enablejsapi=1&cc_load_policy=1&list=PLU_3vrvW7HKenS14CstIF_H5fRvnBgi6z&listType=playlist,0,0,si,si,si,si,evidencia_entregada_y_criterio_superado,Realiza escucha activa y reformulación || Da feedback específico sin descalificar || Propone una respuesta profesional a conflicto o queja,Role-play documentado de tres situaciones,no,revisar_automaticamente_antes_de_publicar,2026-08-04
tsaf_ayuntamiento_granada_bolsas__tsaf-emp-001,tsaf_ayuntamiento_granada_bolsas,Bolsas de empleo del Ayuntamiento de Granada,empleo_busqueda,TSAF,1,TSAF-EMP-001,Preparar candidatura profesional en fitness y deporte,"Preparar CV, certificados, planificaciones y evidencias compartibles.","Curso completo de Google Drive: organizar, compartir y colaborar",Carlos Cortés Academy,https://www.youtube.com/watch?v=xBaRjZUVSgc,https://www.youtube-nocookie.com/embed/xBaRjZUVSgc?rel=0&enablejsapi=1&cc_load_policy=1,0,0,si,si,si,si,evidencia_entregada_y_criterio_superado,CV adaptado a un puesto real || Portfolio con dos sesiones y una valoración ficticia || Matriz de requisitos y límites profesionales,"CV, portfolio y matriz de brechas",sí,revisar_automaticamente_antes_de_publicar,2026-08-04
tsaf_ayuntamiento_granada_bolsas__tsaf-bas-005,tsaf_ayuntamiento_granada_bolsas,Bolsas de empleo del Ayuntamiento de Granada,empleo_busqueda,TSAF,2,TSAF-BAS-005,"Distinguir alcance profesional, derivación y consentimiento","Distinguir entrenamiento, derivación sanitaria y consentimiento.","PhysioWods: movilidad, fisiología, gestión y comunicación profesional",PhysioWods - Ana Galeote,https://www.youtube.com/playlist?list=PLU_3vrvW7HKenS14CstIF_H5fRvnBgi6z,https://www.youtube-nocookie.com/embed/videoseries?rel=0&enablejsapi=1&cc_load_policy=1&list=PLU_3vrvW7HKenS14CstIF_H5fRvnBgi6z&listType=playlist,0,0,si,si,si,si,evidencia_entregada_y_criterio_superado,"Diferencia entrenamiento, valoración funcional y diagnóstico clínico || Identifica cuándo detener y derivar || Usa un consentimiento sencillo para grabación o datos",Checklist de límites y consentimiento ficticio,sí,revisar_automaticamente_antes_de_publicar,2026-08-04
tsaf_ayuntamiento_granada_bolsas__tsaf-soc-001,tsaf_ayuntamiento_granada_bolsas,Bolsas de empleo del Ayuntamiento de Granada,empleo_busqueda,TSAF,3,TSAF-SOC-001,"Gestionar comunicación, motivación y conflictos","Aplicar escucha, feedback y resolución básica de conflictos.","PhysioWods: movilidad, fisiología, gestión y comunicación profesional",PhysioWods - Ana Galeote,https://www.youtube.com/playlist?list=PLU_3vrvW7HKenS14CstIF_H5fRvnBgi6z,https://www.youtube-nocookie.com/embed/videoseries?rel=0&enablejsapi=1&cc_load_policy=1&list=PLU_3vrvW7HKenS14CstIF_H5fRvnBgi6z&listType=playlist,0,0,si,si,si,si,evidencia_entregada_y_criterio_superado,Realiza escucha activa y reformulación || Da feedback específico sin descalificar || Propone una respuesta profesional a conflicto o queja,Role-play documentado de tres situaciones,no,revisar_automaticamente_antes_de_publicar,2026-08-04
tsaf_bop_granada_bolsa_monitores_2026__tsaf-emp-001,tsaf_bop_granada_bolsa_monitores_2026,Bolsa de trabajo de monitores deportivos y culturales,empleo_busqueda,TSAF,1,TSAF-EMP-001,Preparar candidatura profesional en fitness y deporte,"Preparar CV, certificados, planificaciones y evidencias compartibles.","Curso completo de Google Drive: organizar, compartir y colaborar",Carlos Cortés Academy,https://www.youtube.com/watch?v=xBaRjZUVSgc,https://www.youtube-nocookie.com/embed/xBaRjZUVSgc?rel=0&enablejsapi=1&cc_load_policy=1,0,0,si,si,si,si,evidencia_entregada_y_criterio_superado,CV adaptado a un puesto real || Portfolio con dos sesiones y una valoración ficticia || Matriz de requisitos y límites profesionales,"CV, portfolio y matriz de brechas",sí,revisar_automaticamente_antes_de_publicar,2026-08-04
tsaf_bop_granada_bolsa_monitores_2026__tsaf-bas-005,tsaf_bop_granada_bolsa_monitores_2026,Bolsa de trabajo de monitores deportivos y culturales,empleo_busqueda,TSAF,2,TSAF-BAS-005,"Distinguir alcance profesional, derivación y consentimiento","Distinguir entrenamiento, derivación sanitaria y consentimiento.","PhysioWods: movilidad, fisiología, gestión y comunicación profesional",PhysioWods - Ana Galeote,https://www.youtube.com/playlist?list=PLU_3vrvW7HKenS14CstIF_H5fRvnBgi6z,https://www.youtube-nocookie.com/embed/videoseries?rel=0&enablejsapi=1&cc_load_policy=1&list=PLU_3vrvW7HKenS14CstIF_H5fRvnBgi6z&listType=playlist,0,0,si,si,si,si,evidencia_entregada_y_criterio_superado,"Diferencia entrenamiento, valoración funcional y diagnóstico clínico || Identifica cuándo detener y derivar || Usa un consentimiento sencillo para grabación o datos",Checklist de límites y consentimiento ficticio,sí,revisar_automaticamente_antes_de_publicar,2026-08-04
tsaf_bop_granada_bolsa_monitores_2026__tsaf-soc-001,tsaf_bop_granada_bolsa_monitores_2026,Bolsa de trabajo de monitores deportivos y culturales,empleo_busqueda,TSAF,3,TSAF-SOC-001,"Gestionar comunicación, motivación y conflictos","Aplicar escucha, feedback y resolución básica de conflictos.","PhysioWods: movilidad, fisiología, gestión y comunicación profesional",PhysioWods - Ana Galeote,https://www.youtube.com/playlist?list=PLU_3vrvW7HKenS14CstIF_H5fRvnBgi6z,https://www.youtube-nocookie.com/embed/videoseries?rel=0&enablejsapi=1&cc_load_policy=1&list=PLU_3vrvW7HKenS14CstIF_H5fRvnBgi6z&listType=playlist,0,0,si,si,si,si,evidencia_entregada_y_criterio_superado,Realiza escucha activa y reformulación || Da feedback específico sin descalificar || Propone una respuesta profesional a conflicto o queja,Role-play documentado de tres situaciones,no,revisar_automaticamente_antes_de_publicar,2026-08-04
tsaf_gofit_empleo_practicas__tsaf-emp-001,tsaf_gofit_empleo_practicas,Empleo y prácticas en GO fit,convocatoria_practicas,TSAF,1,TSAF-EMP-001,Preparar candidatura profesional en fitness y deporte,"Preparar CV, certificados, planificaciones y evidencias compartibles.","Curso completo de Google Drive: organizar, compartir y colaborar",Carlos Cortés Academy,https://www.youtube.com/watch?v=xBaRjZUVSgc,https://www.youtube-nocookie.com/embed/xBaRjZUVSgc?rel=0&enablejsapi=1&cc_load_policy=1,0,0,si,si,si,si,evidencia_entregada_y_criterio_superado,CV adaptado a un puesto real || Portfolio con dos sesiones y una valoración ficticia || Matriz de requisitos y límites profesionales,"CV, portfolio y matriz de brechas",sí,revisar_automaticamente_antes_de_publicar,2026-08-04
tsaf_gofit_empleo_practicas__tsaf-fit-001,tsaf_gofit_empleo_practicas,Empleo y prácticas en GO fit,convocatoria_practicas,TSAF,2,TSAF-FIT-001,Seleccionar ejercicios y enseñar técnica,"Seleccionar ejercicios, explicar técnica y establecer progresiones.",Cómo programar el entrenamiento de fuerza,Fit Generation,https://www.youtube.com/watch?v=eAnc33YC0n8,https://www.youtube-nocookie.com/embed/eAnc33YC0n8?rel=0&enablejsapi=1&cc_load_policy=1,0,0,si,si,si,si,evidencia_entregada_y_criterio_superado,Demuestra técnica y errores frecuentes || Propone al menos una regresión y una progresión || Justifica selección según objetivo y seguridad,Biblioteca de 20 ejercicios con fichas,sí,revisar_automaticamente_antes_de_publicar,2026-08-04
tsaf_gofit_empleo_practicas__tsaf-eng-001,tsaf_gofit_empleo_practicas,Empleo y prácticas en GO fit,convocatoria_practicas,TSAF,3,TSAF-ENG-001,Comprender instrucciones y recursos profesionales en inglés,"Practicar escucha, glosario y resumen de instrucciones técnicas en inglés.",How to build a data layer,Android Developers,https://www.youtube.com/watch?v=P125nWICYps,https://www.youtube-nocookie.com/embed/P125nWICYps?rel=0&enablejsapi=1&cc_load_policy=1,0,0,si,si,si,si,evidencia_entregada_y_criterio_superado,Resume un protocolo en español || Da instrucciones básicas de ejercicio en inglés || Redacta un mensaje profesional breve,Ficha bilingüe de una sesión,no,revisar_automaticamente_antes_de_publicar,2026-08-04
tsaf_gofit_empleo_practicas__tsaf-prj-001,tsaf_gofit_empleo_practicas,Empleo y prácticas en GO fit,convocatoria_practicas,TSAF,4,TSAF-PRJ-001,Crear un programa integral de acondicionamiento físico,"Construir un programa integral con evaluación, progresión y revisión.",Cómo programar el entrenamiento de fuerza,Fit Generation,https://www.youtube.com/watch?v=eAnc33YC0n8,https://www.youtube-nocookie.com/embed/eAnc33YC0n8?rel=0&enablejsapi=1&cc_load_policy=1,0,0,si,si,si,si,evidencia_entregada_y_criterio_superado,"Define población, necesidad y límites || Programa sesiones y evaluación coherentes || Incluye seguridad, recursos, privacidad y calidad","Memoria, sesiones, instrumentos y presentación",no,revisar_automaticamente_antes_de_publicar,2026-08-04
tsaf_gofit_empleo_practicas__tsaf-mus-001,tsaf_gofit_empleo_practicas,Empleo y prácticas en GO fit,convocatoria_practicas,TSAF,5,TSAF-MUS-001,"Comprender ritmo, frase musical y estructura de sesión","Reconocer ritmo, bloques musicales y estructura de una sesión colectiva.","PhysioWods: movilidad, fisiología, gestión y comunicación profesional",PhysioWods - Ana Galeote,https://www.youtube.com/playlist?list=PLU_3vrvW7HKenS14CstIF_H5fRvnBgi6z,https://www.youtube-nocookie.com/embed/videoseries?rel=0&enablejsapi=1&cc_load_policy=1&list=PLU_3vrvW7HKenS14CstIF_H5fRvnBgi6z&listType=playlist,0,0,si,si,si,si,evidencia_entregada_y_criterio_superado,"Cuenta tiempos y frases musicales || Diseña calentamiento, bloque principal y vuelta a la calma || Controla intensidad y transiciones",Guion musical y vídeo de 10 minutos,no,revisar_automaticamente_antes_de_publicar,2026-08-04
tsaf_synergym_empleo__tsaf-emp-001,tsaf_synergym_empleo,Ofertas de empleo de Synergym,empleo_busqueda,TSAF,1,TSAF-EMP-001,Preparar candidatura profesional en fitness y deporte,"Preparar CV, certificados, planificaciones y evidencias compartibles.","Curso completo de Google Drive: organizar, compartir y colaborar",Carlos Cortés Academy,https://www.youtube.com/watch?v=xBaRjZUVSgc,https://www.youtube-nocookie.com/embed/xBaRjZUVSgc?rel=0&enablejsapi=1&cc_load_policy=1,0,0,si,si,si,si,evidencia_entregada_y_criterio_superado,CV adaptado a un puesto real || Portfolio con dos sesiones y una valoración ficticia || Matriz de requisitos y límites profesionales,"CV, portfolio y matriz de brechas",sí,revisar_automaticamente_antes_de_publicar,2026-08-04
tsaf_synergym_empleo__tsaf-fit-001,tsaf_synergym_empleo,Ofertas de empleo de Synergym,empleo_busqueda,TSAF,2,TSAF-FIT-001,Seleccionar ejercicios y enseñar técnica,"Seleccionar ejercicios, explicar técnica y establecer progresiones.",Cómo programar el entrenamiento de fuerza,Fit Generation,https://www.youtube.com/watch?v=eAnc33YC0n8,https://www.youtube-nocookie.com/embed/eAnc33YC0n8?rel=0&enablejsapi=1&cc_load_policy=1,0,0,si,si,si,si,evidencia_entregada_y_criterio_superado,Demuestra técnica y errores frecuentes || Propone al menos una regresión y una progresión || Justifica selección según objetivo y seguridad,Biblioteca de 20 ejercicios con fichas,sí,revisar_automaticamente_antes_de_publicar,2026-08-04
tsaf_synergym_empleo__tsaf-eng-001,tsaf_synergym_empleo,Ofertas de empleo de Synergym,empleo_busqueda,TSAF,3,TSAF-ENG-001,Comprender instrucciones y recursos profesionales en inglés,"Practicar escucha, glosario y resumen de instrucciones técnicas en inglés.",How to build a data layer,Android Developers,https://www.youtube.com/watch?v=P125nWICYps,https://www.youtube-nocookie.com/embed/P125nWICYps?rel=0&enablejsapi=1&cc_load_policy=1,0,0,si,si,si,si,evidencia_entregada_y_criterio_superado,Resume un protocolo en español || Da instrucciones básicas de ejercicio en inglés || Redacta un mensaje profesional breve,Ficha bilingüe de una sesión,no,revisar_automaticamente_antes_de_publicar,2026-08-04
tsaf_synergym_empleo__tsaf-prj-001,tsaf_synergym_empleo,Ofertas de empleo de Synergym,empleo_busqueda,TSAF,4,TSAF-PRJ-001,Crear un programa integral de acondicionamiento físico,"Construir un programa integral con evaluación, progresión y revisión.",Cómo programar el entrenamiento de fuerza,Fit Generation,https://www.youtube.com/watch?v=eAnc33YC0n8,https://www.youtube-nocookie.com/embed/eAnc33YC0n8?rel=0&enablejsapi=1&cc_load_policy=1,0,0,si,si,si,si,evidencia_entregada_y_criterio_superado,"Define población, necesidad y límites || Programa sesiones y evaluación coherentes || Incluye seguridad, recursos, privacidad y calidad","Memoria, sesiones, instrumentos y presentación",no,revisar_automaticamente_antes_de_publicar,2026-08-04
tsaf_synergym_empleo__tsaf-mus-001,tsaf_synergym_empleo,Ofertas de empleo de Synergym,empleo_busqueda,TSAF,5,TSAF-MUS-001,"Comprender ritmo, frase musical y estructura de sesión","Reconocer ritmo, bloques musicales y estructura de una sesión colectiva.","PhysioWods: movilidad, fisiología, gestión y comunicación profesional",PhysioWods - Ana Galeote,https://www.youtube.com/playlist?list=PLU_3vrvW7HKenS14CstIF_H5fRvnBgi6z,https://www.youtube-nocookie.com/embed/videoseries?rel=0&enablejsapi=1&cc_load_policy=1&list=PLU_3vrvW7HKenS14CstIF_H5fRvnBgi6z&listType=playlist,0,0,si,si,si,si,evidencia_entregada_y_criterio_superado,"Cuenta tiempos y frases musicales || Diseña calentamiento, bloque principal y vuelta a la calma || Controla intensidad y transiciones",Guion musical y vídeo de 10 minutos,no,revisar_automaticamente_antes_de_publicar,2026-08-04
tsaf_basic_fit_empleo__tsaf-emp-001,tsaf_basic_fit_empleo,Empleo en Basic-Fit España,empleo_busqueda,TSAF,1,TSAF-EMP-001,Preparar candidatura profesional en fitness y deporte,"Preparar CV, certificados, planificaciones y evidencias compartibles.","Curso completo de Google Drive: organizar, compartir y colaborar",Carlos Cortés Academy,https://www.youtube.com/watch?v=xBaRjZUVSgc,https://www.youtube-nocookie.com/embed/xBaRjZUVSgc?rel=0&enablejsapi=1&cc_load_policy=1,0,0,si,si,si,si,evidencia_entregada_y_criterio_superado,CV adaptado a un puesto real || Portfolio con dos sesiones y una valoración ficticia || Matriz de requisitos y límites profesionales,"CV, portfolio y matriz de brechas",sí,revisar_automaticamente_antes_de_publicar,2026-08-04
tsaf_basic_fit_empleo__tsaf-fit-001,tsaf_basic_fit_empleo,Empleo en Basic-Fit España,empleo_busqueda,TSAF,2,TSAF-FIT-001,Seleccionar ejercicios y enseñar técnica,"Seleccionar ejercicios, explicar técnica y establecer progresiones.",Cómo programar el entrenamiento de fuerza,Fit Generation,https://www.youtube.com/watch?v=eAnc33YC0n8,https://www.youtube-nocookie.com/embed/eAnc33YC0n8?rel=0&enablejsapi=1&cc_load_policy=1,0,0,si,si,si,si,evidencia_entregada_y_criterio_superado,Demuestra técnica y errores frecuentes || Propone al menos una regresión y una progresión || Justifica selección según objetivo y seguridad,Biblioteca de 20 ejercicios con fichas,sí,revisar_automaticamente_antes_de_publicar,2026-08-04
tsaf_basic_fit_empleo__tsaf-eng-001,tsaf_basic_fit_empleo,Empleo en Basic-Fit España,empleo_busqueda,TSAF,3,TSAF-ENG-001,Comprender instrucciones y recursos profesionales en inglés,"Practicar escucha, glosario y resumen de instrucciones técnicas en inglés.",How to build a data layer,Android Developers,https://www.youtube.com/watch?v=P125nWICYps,https://www.youtube-nocookie.com/embed/P125nWICYps?rel=0&enablejsapi=1&cc_load_policy=1,0,0,si,si,si,si,evidencia_entregada_y_criterio_superado,Resume un protocolo en español || Da instrucciones básicas de ejercicio en inglés || Redacta un mensaje profesional breve,Ficha bilingüe de una sesión,no,revisar_automaticamente_antes_de_publicar,2026-08-04
tsaf_basic_fit_empleo__tsaf-prj-001,tsaf_basic_fit_empleo,Empleo en Basic-Fit España,empleo_busqueda,TSAF,4,TSAF-PRJ-001,Crear un programa integral de acondicionamiento físico,"Construir un programa integral con evaluación, progresión y revisión.",Cómo programar el entrenamiento de fuerza,Fit Generation,https://www.youtube.com/watch?v=eAnc33YC0n8,https://www.youtube-nocookie.com/embed/eAnc33YC0n8?rel=0&enablejsapi=1&cc_load_policy=1,0,0,si,si,si,si,evidencia_entregada_y_criterio_superado,"Define población, necesidad y límites || Programa sesiones y evaluación coherentes || Incluye seguridad, recursos, privacidad y calidad","Memoria, sesiones, instrumentos y presentación",no,revisar_automaticamente_antes_de_publicar,2026-08-04
tsaf_basic_fit_empleo__tsaf-mus-001,tsaf_basic_fit_empleo,Empleo en Basic-Fit España,empleo_busqueda,TSAF,5,TSAF-MUS-001,"Comprender ritmo, frase musical y estructura de sesión","Reconocer ritmo, bloques musicales y estructura de una sesión colectiva.","PhysioWods: movilidad, fisiología, gestión y comunicación profesional",PhysioWods - Ana Galeote,https://www.youtube.com/playlist?list=PLU_3vrvW7HKenS14CstIF_H5fRvnBgi6z,https://www.youtube-nocookie.com/embed/videoseries?rel=0&enablejsapi=1&cc_load_policy=1&list=PLU_3vrvW7HKenS14CstIF_H5fRvnBgi6z&listType=playlist,0,0,si,si,si,si,evidencia_entregada_y_criterio_superado,"Cuenta tiempos y frases musicales || Diseña calentamiento, bloque principal y vuelta a la calma || Controla intensidad y transiciones",Guion musical y vídeo de 10 minutos,no,revisar_automaticamente_antes_de_publicar,2026-08-04
tsaf_eures_empleo_deporte__tsaf-fit-001,tsaf_eures_empleo_deporte,EURES para empleo deportivo en Europa,empleo_busqueda,TSAF,1,TSAF-FIT-001,Seleccionar ejercicios y enseñar técnica,"Seleccionar ejercicios, explicar técnica y establecer progresiones.",Cómo programar el entrenamiento de fuerza,Fit Generation,https://www.youtube.com/watch?v=eAnc33YC0n8,https://www.youtube-nocookie.com/embed/eAnc33YC0n8?rel=0&enablejsapi=1&cc_load_policy=1,0,0,si,si,si,si,evidencia_entregada_y_criterio_superado,Demuestra técnica y errores frecuentes || Propone al menos una regresión y una progresión || Justifica selección según objetivo y seguridad,Biblioteca de 20 ejercicios con fichas,sí,revisar_automaticamente_antes_de_publicar,2026-08-04
tsaf_eures_empleo_deporte__tsaf-emp-001,tsaf_eures_empleo_deporte,EURES para empleo deportivo en Europa,empleo_busqueda,TSAF,2,TSAF-EMP-001,Preparar candidatura profesional en fitness y deporte,"Preparar CV, certificados, planificaciones y evidencias compartibles.","Curso completo de Google Drive: organizar, compartir y colaborar",Carlos Cortés Academy,https://www.youtube.com/watch?v=xBaRjZUVSgc,https://www.youtube-nocookie.com/embed/xBaRjZUVSgc?rel=0&enablejsapi=1&cc_load_policy=1,0,0,si,si,si,si,evidencia_entregada_y_criterio_superado,CV adaptado a un puesto real || Portfolio con dos sesiones y una valoración ficticia || Matriz de requisitos y límites profesionales,"CV, portfolio y matriz de brechas",sí,revisar_automaticamente_antes_de_publicar,2026-08-04
tsaf_eures_empleo_deporte__tsaf-val-002,tsaf_eures_empleo_deporte,EURES para empleo deportivo en Europa,empleo_busqueda,TSAF,3,TSAF-VAL-002,Aplicar pruebas básicas de condición física,Seleccionar pruebas y registrar resultados de forma repetible.,Cómo programar el entrenamiento de fuerza,Fit Generation,https://www.youtube.com/watch?v=eAnc33YC0n8,https://www.youtube-nocookie.com/embed/eAnc33YC0n8?rel=0&enablejsapi=1&cc_load_policy=1,0,0,si,si,si,si,evidencia_entregada_y_criterio_superado,"Elige pruebas coherentes con objetivo y perfil || Estandariza calentamiento, material y registro || Interpreta resultados sin diagnosticar",Informe de batería de pruebas con datos ficticios o propios,no,revisar_automaticamente_antes_de_publicar,2026-08-04
tsaf_eures_empleo_deporte__tsaf-fit-002,tsaf_eures_empleo_deporte,EURES para empleo deportivo en Europa,empleo_busqueda,TSAF,4,TSAF-FIT-002,"Programar fuerza, resistencia y movilidad","Programar carga, progresión y control de fuerza.",Cómo programar el entrenamiento de fuerza,Fit Generation,https://www.youtube.com/watch?v=eAnc33YC0n8,https://www.youtube-nocookie.com/embed/eAnc33YC0n8?rel=0&enablejsapi=1&cc_load_policy=1&start=85&end=3259,85,3259,si,si,si,si,evidencia_entregada_y_criterio_superado,"Formula objetivos medibles || Ajusta carga y volumen al nivel || Incluye progresión, recuperación y revisión",Programa de 8 semanas para caso ficticio,no,revisar_automaticamente_antes_de_publicar,2026-08-04
tsaf_eures_empleo_deporte__tsaf-hid-001,tsaf_eures_empleo_deporte,EURES para empleo deportivo en Europa,empleo_busqueda,TSAF,5,TSAF-HID-001,Diseñar actividades de movilidad y bienestar en agua,Seleccionar movilidad y bienestar en agua según usuario.,"PhysioWods: movilidad, fisiología, gestión y comunicación profesional",PhysioWods - Ana Galeote,https://www.youtube.com/playlist?list=PLU_3vrvW7HKenS14CstIF_H5fRvnBgi6z,https://www.youtube-nocookie.com/embed/videoseries?rel=0&enablejsapi=1&cc_load_policy=1&list=PLU_3vrvW7HKenS14CstIF_H5fRvnBgi6z&listType=playlist,0,0,si,si,si,si,evidencia_entregada_y_criterio_superado,Selecciona tareas de movilidad y relajación adecuadas || Evita afirmaciones terapéuticas no respaldadas || Define criterios de seguridad y derivación,Programa de 4 sesiones para caso ficticio,no,revisar_automaticamente_antes_de_publicar,2026-08-04
tsaf_congreso_agesport_2026__tsaf-ges-001,tsaf_congreso_agesport_2026,XXIII Congreso AGESPORT 2026,evento,TSAF,1,TSAF-GES-001,"Organizar recursos, calidad y seguridad de una instalación","Definir recursos, riesgos, calidad y operación básica de un centro.","PhysioWods: movilidad, fisiología, gestión y comunicación profesional",PhysioWods - Ana Galeote,https://www.youtube.com/playlist?list=PLU_3vrvW7HKenS14CstIF_H5fRvnBgi6z,https://www.youtube-nocookie.com/embed/videoseries?rel=0&enablejsapi=1&cc_load_policy=1&list=PLU_3vrvW7HKenS14CstIF_H5fRvnBgi6z&listType=playlist,0,0,si,si,si,si,evidencia_entregada_y_criterio_superado,Completa inspección de seguridad y accesibilidad || Define procedimiento de incidencia y mantenimiento || Propone indicadores de calidad y satisfacción,Auditoría de instalación real o simulada,sí,revisar_automaticamente_antes_de_publicar,2026-08-04
tsaf_congreso_agesport_2026__tsaf-ges-002,tsaf_congreso_agesport_2026,XXIII Congreso AGESPORT 2026,evento,TSAF,2,TSAF-GES-002,Diseñar y ejecutar un evento de actividad física,"Planificar tareas, documentos, responsables y evidencias de un evento.","Curso completo de Google Drive: organizar, compartir y colaborar",Carlos Cortés Academy,https://www.youtube.com/watch?v=xBaRjZUVSgc,https://www.youtube-nocookie.com/embed/xBaRjZUVSgc?rel=0&enablejsapi=1&cc_load_policy=1,0,0,si,si,si,si,evidencia_entregada_y_criterio_superado,"Cronograma, roles y recursos están definidos || Existe plan de seguridad y contingencia || Se mide participación, satisfacción y resultados",Dossier completo de evento,sí,revisar_automaticamente_antes_de_publicar,2026-08-04
tsaf_congreso_agesport_2026__tsaf-sus-001,tsaf_congreso_agesport_2026,XXIII Congreso AGESPORT 2026,evento,TSAF,3,TSAF-SUS-001,Aplicar sostenibilidad a servicios deportivos,"Detectar consumos, residuos y mejoras sostenibles de un servicio deportivo.","PhysioWods: movilidad, fisiología, gestión y comunicación profesional",PhysioWods - Ana Galeote,https://www.youtube.com/playlist?list=PLU_3vrvW7HKenS14CstIF_H5fRvnBgi6z,https://www.youtube-nocookie.com/embed/videoseries?rel=0&enablejsapi=1&cc_load_policy=1&list=PLU_3vrvW7HKenS14CstIF_H5fRvnBgi6z&listType=playlist,0,0,si,si,si,si,evidencia_entregada_y_criterio_superado,Identifica impactos de una instalación o evento || Propone tres medidas medibles || Incluye impacto social y accesibilidad,Plan de mejora sostenible,no,revisar_automaticamente_antes_de_publicar,2026-08-04
tsaf_congreso_agesport_2026__tsaf-prj-002,tsaf_congreso_agesport_2026,XXIII Congreso AGESPORT 2026,evento,TSAF,4,TSAF-PRJ-002,Presentar y defender una propuesta de servicio,Presentar un servicio de entrenamiento con estructura visual y argumentos.,Kit de marca en Canva,Canva Latinoamérica,https://www.youtube.com/watch?v=havARJ_ZQg8,https://www.youtube-nocookie.com/embed/havARJ_ZQg8?rel=0&enablejsapi=1&cc_load_policy=1,0,0,si,si,si,si,evidencia_entregada_y_criterio_superado,Presentación de 5 minutos estructurada || Incluye una demostración o material visual || Responde dudas sin exceder competencias,Vídeo o defensa grabada,no,revisar_automaticamente_antes_de_publicar,2026-08-04
tsaf_congreso_agesport_2026__tsaf-soc-001,tsaf_congreso_agesport_2026,XXIII Congreso AGESPORT 2026,evento,TSAF,5,TSAF-SOC-001,"Gestionar comunicación, motivación y conflictos","Aplicar escucha, feedback y resolución básica de conflictos.","PhysioWods: movilidad, fisiología, gestión y comunicación profesional",PhysioWods - Ana Galeote,https://www.youtube.com/playlist?list=PLU_3vrvW7HKenS14CstIF_H5fRvnBgi6z,https://www.youtube-nocookie.com/embed/videoseries?rel=0&enablejsapi=1&cc_load_policy=1&list=PLU_3vrvW7HKenS14CstIF_H5fRvnBgi6z&listType=playlist,0,0,si,si,si,si,evidencia_entregada_y_criterio_superado,Realiza escucha activa y reformulación || Da feedback específico sin descalificar || Propone una respuesta profesional a conflicto o queja,Role-play documentado de tres situaciones,no,revisar_automaticamente_antes_de_publicar,2026-08-04
tsaf_semana_europea_deporte_2026__tsaf-ges-002,tsaf_semana_europea_deporte_2026,Semana Europea del Deporte 2026,evento,TSAF,1,TSAF-GES-002,Diseñar y ejecutar un evento de actividad física,"Planificar tareas, documentos, responsables y evidencias de un evento.","Curso completo de Google Drive: organizar, compartir y colaborar",Carlos Cortés Academy,https://www.youtube.com/watch?v=xBaRjZUVSgc,https://www.youtube-nocookie.com/embed/xBaRjZUVSgc?rel=0&enablejsapi=1&cc_load_policy=1,0,0,si,si,si,si,evidencia_entregada_y_criterio_superado,"Cronograma, roles y recursos están definidos || Existe plan de seguridad y contingencia || Se mide participación, satisfacción y resultados",Dossier completo de evento,sí,revisar_automaticamente_antes_de_publicar,2026-08-04
tsaf_semana_europea_deporte_2026__tsaf-prj-002,tsaf_semana_europea_deporte_2026,Semana Europea del Deporte 2026,evento,TSAF,2,TSAF-PRJ-002,Presentar y defender una propuesta de servicio,Presentar un servicio de entrenamiento con estructura visual y argumentos.,Kit de marca en Canva,Canva Latinoamérica,https://www.youtube.com/watch?v=havARJ_ZQg8,https://www.youtube-nocookie.com/embed/havARJ_ZQg8?rel=0&enablejsapi=1&cc_load_policy=1,0,0,si,si,si,si,evidencia_entregada_y_criterio_superado,Presentación de 5 minutos estructurada || Incluye una demostración o material visual || Responde dudas sin exceder competencias,Vídeo o defensa grabada,sí,revisar_automaticamente_antes_de_publicar,2026-08-04
tsaf_semana_europea_deporte_2026__tsaf-soc-001,tsaf_semana_europea_deporte_2026,Semana Europea del Deporte 2026,evento,TSAF,3,TSAF-SOC-001,"Gestionar comunicación, motivación y conflictos","Aplicar escucha, feedback y resolución básica de conflictos.","PhysioWods: movilidad, fisiología, gestión y comunicación profesional",PhysioWods - Ana Galeote,https://www.youtube.com/playlist?list=PLU_3vrvW7HKenS14CstIF_H5fRvnBgi6z,https://www.youtube-nocookie.com/embed/videoseries?rel=0&enablejsapi=1&cc_load_policy=1&list=PLU_3vrvW7HKenS14CstIF_H5fRvnBgi6z&listType=playlist,0,0,si,si,si,si,evidencia_entregada_y_criterio_superado,Realiza escucha activa y reformulación || Da feedback específico sin descalificar || Propone una respuesta profesional a conflicto o queja,Role-play documentado de tres situaciones,no,revisar_automaticamente_antes_de_publicar,2026-08-04
tsaf_semana_europea_deporte_2026__tsaf-aux-001,tsaf_semana_europea_deporte_2026,Semana Europea del Deporte 2026,evento,TSAF,4,TSAF-AUX-001,Actuar ante una emergencia y activar ayuda,"Reconocer emergencia, proteger, alertar y actuar de forma inicial.",Reanimación cardiopulmonar y uso del DEA,Cruz Roja Española,https://www.youtube.com/watch?v=yUsVWNTQif8,https://www.youtube-nocookie.com/embed/yUsVWNTQif8?rel=0&enablejsapi=1&cc_load_policy=1,0,0,si,si,si,si,evidencia_entregada_y_criterio_superado,Protege la escena y evita riesgos añadidos || Activa ayuda con información completa || Mantiene actuación dentro de formación y protocolo,Simulación guiada de tres escenarios,no,revisar_automaticamente_antes_de_publicar,2026-08-04
tsaf_gran_premio_fondo_granada_2026__tsaf-ges-002,tsaf_gran_premio_fondo_granada_2026,Gran Premio de Fondo Diputación de Granada 2026,evento,TSAF,1,TSAF-GES-002,Diseñar y ejecutar un evento de actividad física,"Planificar tareas, documentos, responsables y evidencias de un evento.","Curso completo de Google Drive: organizar, compartir y colaborar",Carlos Cortés Academy,https://www.youtube.com/watch?v=xBaRjZUVSgc,https://www.youtube-nocookie.com/embed/xBaRjZUVSgc?rel=0&enablejsapi=1&cc_load_policy=1,0,0,si,si,si,si,evidencia_entregada_y_criterio_superado,"Cronograma, roles y recursos están definidos || Existe plan de seguridad y contingencia || Se mide participación, satisfacción y resultados",Dossier completo de evento,sí,revisar_automaticamente_antes_de_publicar,2026-08-04
tsaf_gran_premio_fondo_granada_2026__tsaf-prj-002,tsaf_gran_premio_fondo_granada_2026,Gran Premio de Fondo Diputación de Granada 2026,evento,TSAF,2,TSAF-PRJ-002,Presentar y defender una propuesta de servicio,Presentar un servicio de entrenamiento con estructura visual y argumentos.,Kit de marca en Canva,Canva Latinoamérica,https://www.youtube.com/watch?v=havARJ_ZQg8,https://www.youtube-nocookie.com/embed/havARJ_ZQg8?rel=0&enablejsapi=1&cc_load_policy=1,0,0,si,si,si,si,evidencia_entregada_y_criterio_superado,Presentación de 5 minutos estructurada || Incluye una demostración o material visual || Responde dudas sin exceder competencias,Vídeo o defensa grabada,sí,revisar_automaticamente_antes_de_publicar,2026-08-04
tsaf_gran_premio_fondo_granada_2026__tsaf-pos-001,tsaf_gran_premio_fondo_granada_2026,Gran Premio de Fondo Diputación de Granada 2026,evento,TSAF,3,TSAF-POS-001,Analizar patrones posturales y funcionales sin diagnosticar,Observar patrones funcionales sin emitir diagnóstico clínico.,"PhysioWods: movilidad, fisiología, gestión y comunicación profesional",PhysioWods - Ana Galeote,https://www.youtube.com/playlist?list=PLU_3vrvW7HKenS14CstIF_H5fRvnBgi6z,https://www.youtube-nocookie.com/embed/videoseries?rel=0&enablejsapi=1&cc_load_policy=1&list=PLU_3vrvW7HKenS14CstIF_H5fRvnBgi6z&listType=playlist,0,0,si,si,si,si,evidencia_entregada_y_criterio_superado,"Describe observaciones sin emitir diagnóstico || Relaciona tarea, carga y control motor || Deriva ante dolor o signos fuera de competencia",Informe funcional con lenguaje prudente,no,revisar_automaticamente_antes_de_publicar,2026-08-04
tsaf_gran_premio_fondo_granada_2026__tsaf-soc-001,tsaf_gran_premio_fondo_granada_2026,Gran Premio de Fondo Diputación de Granada 2026,evento,TSAF,4,TSAF-SOC-001,"Gestionar comunicación, motivación y conflictos","Aplicar escucha, feedback y resolución básica de conflictos.","PhysioWods: movilidad, fisiología, gestión y comunicación profesional",PhysioWods - Ana Galeote,https://www.youtube.com/playlist?list=PLU_3vrvW7HKenS14CstIF_H5fRvnBgi6z,https://www.youtube-nocookie.com/embed/videoseries?rel=0&enablejsapi=1&cc_load_policy=1&list=PLU_3vrvW7HKenS14CstIF_H5fRvnBgi6z&listType=playlist,0,0,si,si,si,si,evidencia_entregada_y_criterio_superado,Realiza escucha activa y reformulación || Da feedback específico sin descalificar || Propone una respuesta profesional a conflicto o queja,Role-play documentado de tres situaciones,no,revisar_automaticamente_antes_de_publicar,2026-08-04
tsaf_gran_premio_fondo_granada_2026__tsaf-aux-001,tsaf_gran_premio_fondo_granada_2026,Gran Premio de Fondo Diputación de Granada 2026,evento,TSAF,5,TSAF-AUX-001,Actuar ante una emergencia y activar ayuda,"Reconocer emergencia, proteger, alertar y actuar de forma inicial.",Reanimación cardiopulmonar y uso del DEA,Cruz Roja Española,https://www.youtube.com/watch?v=yUsVWNTQif8,https://www.youtube-nocookie.com/embed/yUsVWNTQif8?rel=0&enablejsapi=1&cc_load_policy=1,0,0,si,si,si,si,evidencia_entregada_y_criterio_superado,Protege la escena y evita riesgos añadidos || Activa ayuda con información completa || Mantiene actuación dentro de formación y protocolo,Simulación guiada de tres escenarios,no,revisar_automaticamente_antes_de_publicar,2026-08-04
tsaf_carreras_montana_granada_2026__tsaf-bas-005,tsaf_carreras_montana_granada_2026,Circuito Provincial de Carreras por Montaña 2026,evento,TSAF,1,TSAF-BAS-005,"Distinguir alcance profesional, derivación y consentimiento","Distinguir entrenamiento, derivación sanitaria y consentimiento.","PhysioWods: movilidad, fisiología, gestión y comunicación profesional",PhysioWods - Ana Galeote,https://www.youtube.com/playlist?list=PLU_3vrvW7HKenS14CstIF_H5fRvnBgi6z,https://www.youtube-nocookie.com/embed/videoseries?rel=0&enablejsapi=1&cc_load_policy=1&list=PLU_3vrvW7HKenS14CstIF_H5fRvnBgi6z&listType=playlist,0,0,si,si,si,si,evidencia_entregada_y_criterio_superado,"Diferencia entrenamiento, valoración funcional y diagnóstico clínico || Identifica cuándo detener y derivar || Usa un consentimiento sencillo para grabación o datos",Checklist de límites y consentimiento ficticio,sí,revisar_automaticamente_antes_de_publicar,2026-08-04
tsaf_carreras_montana_granada_2026__tsaf-val-002,tsaf_carreras_montana_granada_2026,Circuito Provincial de Carreras por Montaña 2026,evento,TSAF,2,TSAF-VAL-002,Aplicar pruebas básicas de condición física,Seleccionar pruebas y registrar resultados de forma repetible.,Cómo programar el entrenamiento de fuerza,Fit Generation,https://www.youtube.com/watch?v=eAnc33YC0n8,https://www.youtube-nocookie.com/embed/eAnc33YC0n8?rel=0&enablejsapi=1&cc_load_policy=1,0,0,si,si,si,si,evidencia_entregada_y_criterio_superado,"Elige pruebas coherentes con objetivo y perfil || Estandariza calentamiento, material y registro || Interpreta resultados sin diagnosticar",Informe de batería de pruebas con datos ficticios o propios,sí,revisar_automaticamente_antes_de_publicar,2026-08-04
tsaf_carreras_montana_granada_2026__tsaf-fit-002,tsaf_carreras_montana_granada_2026,Circuito Provincial de Carreras por Montaña 2026,evento,TSAF,3,TSAF-FIT-002,"Programar fuerza, resistencia y movilidad","Programar carga, progresión y control de fuerza.",Cómo programar el entrenamiento de fuerza,Fit Generation,https://www.youtube.com/watch?v=eAnc33YC0n8,https://www.youtube-nocookie.com/embed/eAnc33YC0n8?rel=0&enablejsapi=1&cc_load_policy=1&start=85&end=3259,85,3259,si,si,si,si,evidencia_entregada_y_criterio_superado,"Formula objetivos medibles || Ajusta carga y volumen al nivel || Incluye progresión, recuperación y revisión",Programa de 8 semanas para caso ficticio,no,revisar_automaticamente_antes_de_publicar,2026-08-04
tsaf_carreras_montana_granada_2026__tsaf-ges-001,tsaf_carreras_montana_granada_2026,Circuito Provincial de Carreras por Montaña 2026,evento,TSAF,4,TSAF-GES-001,"Organizar recursos, calidad y seguridad de una instalación","Definir recursos, riesgos, calidad y operación básica de un centro.","PhysioWods: movilidad, fisiología, gestión y comunicación profesional",PhysioWods - Ana Galeote,https://www.youtube.com/playlist?list=PLU_3vrvW7HKenS14CstIF_H5fRvnBgi6z,https://www.youtube-nocookie.com/embed/videoseries?rel=0&enablejsapi=1&cc_load_policy=1&list=PLU_3vrvW7HKenS14CstIF_H5fRvnBgi6z&listType=playlist,0,0,si,si,si,si,evidencia_entregada_y_criterio_superado,Completa inspección de seguridad y accesibilidad || Define procedimiento de incidencia y mantenimiento || Propone indicadores de calidad y satisfacción,Auditoría de instalación real o simulada,no,revisar_automaticamente_antes_de_publicar,2026-08-04
tsaf_carreras_montana_granada_2026__tsaf-ges-002,tsaf_carreras_montana_granada_2026,Circuito Provincial de Carreras por Montaña 2026,evento,TSAF,5,TSAF-GES-002,Diseñar y ejecutar un evento de actividad física,"Planificar tareas, documentos, responsables y evidencias de un evento.","Curso completo de Google Drive: organizar, compartir y colaborar",Carlos Cortés Academy,https://www.youtube.com/watch?v=xBaRjZUVSgc,https://www.youtube-nocookie.com/embed/xBaRjZUVSgc?rel=0&enablejsapi=1&cc_load_policy=1,0,0,si,si,si,si,evidencia_entregada_y_criterio_superado,"Cronograma, roles y recursos están definidos || Existe plan de seguridad y contingencia || Se mide participación, satisfacción y resultados",Dossier completo de evento,no,revisar_automaticamente_antes_de_publicar,2026-08-04
tsaf_circuito_campo_traves_granada__tsaf-ges-002,tsaf_circuito_campo_traves_granada,Circuito Provincial de Campo a Través,evento,TSAF,1,TSAF-GES-002,Diseñar y ejecutar un evento de actividad física,"Planificar tareas, documentos, responsables y evidencias de un evento.","Curso completo de Google Drive: organizar, compartir y colaborar",Carlos Cortés Academy,https://www.youtube.com/watch?v=xBaRjZUVSgc,https://www.youtube-nocookie.com/embed/xBaRjZUVSgc?rel=0&enablejsapi=1&cc_load_policy=1,0,0,si,si,si,si,evidencia_entregada_y_criterio_superado,"Cronograma, roles y recursos están definidos || Existe plan de seguridad y contingencia || Se mide participación, satisfacción y resultados",Dossier completo de evento,sí,revisar_automaticamente_antes_de_publicar,2026-08-04
tsaf_circuito_campo_traves_granada__tsaf-val-002,tsaf_circuito_campo_traves_granada,Circuito Provincial de Campo a Través,evento,TSAF,2,TSAF-VAL-002,Aplicar pruebas básicas de condición física,Seleccionar pruebas y registrar resultados de forma repetible.,Cómo programar el entrenamiento de fuerza,Fit Generation,https://www.youtube.com/watch?v=eAnc33YC0n8,https://www.youtube-nocookie.com/embed/eAnc33YC0n8?rel=0&enablejsapi=1&cc_load_policy=1,0,0,si,si,si,si,evidencia_entregada_y_criterio_superado,"Elige pruebas coherentes con objetivo y perfil || Estandariza calentamiento, material y registro || Interpreta resultados sin diagnosticar",Informe de batería de pruebas con datos ficticios o propios,sí,revisar_automaticamente_antes_de_publicar,2026-08-04
tsaf_circuito_campo_traves_granada__tsaf-fit-002,tsaf_circuito_campo_traves_granada,Circuito Provincial de Campo a Través,evento,TSAF,3,TSAF-FIT-002,"Programar fuerza, resistencia y movilidad","Programar carga, progresión y control de fuerza.",Cómo programar el entrenamiento de fuerza,Fit Generation,https://www.youtube.com/watch?v=eAnc33YC0n8,https://www.youtube-nocookie.com/embed/eAnc33YC0n8?rel=0&enablejsapi=1&cc_load_policy=1&start=85&end=3259,85,3259,si,si,si,si,evidencia_entregada_y_criterio_superado,"Formula objetivos medibles || Ajusta carga y volumen al nivel || Incluye progresión, recuperación y revisión",Programa de 8 semanas para caso ficticio,no,revisar_automaticamente_antes_de_publicar,2026-08-04
tsaf_circuito_campo_traves_granada__tsaf-prj-002,tsaf_circuito_campo_traves_granada,Circuito Provincial de Campo a Través,evento,TSAF,4,TSAF-PRJ-002,Presentar y defender una propuesta de servicio,Presentar un servicio de entrenamiento con estructura visual y argumentos.,Kit de marca en Canva,Canva Latinoamérica,https://www.youtube.com/watch?v=havARJ_ZQg8,https://www.youtube-nocookie.com/embed/havARJ_ZQg8?rel=0&enablejsapi=1&cc_load_policy=1,0,0,si,si,si,si,evidencia_entregada_y_criterio_superado,Presentación de 5 minutos estructurada || Incluye una demostración o material visual || Responde dudas sin exceder competencias,Vídeo o defensa grabada,no,revisar_automaticamente_antes_de_publicar,2026-08-04
tsaf_circuito_campo_traves_granada__tsaf-soc-001,tsaf_circuito_campo_traves_granada,Circuito Provincial de Campo a Través,evento,TSAF,5,TSAF-SOC-001,"Gestionar comunicación, motivación y conflictos","Aplicar escucha, feedback y resolución básica de conflictos.","PhysioWods: movilidad, fisiología, gestión y comunicación profesional",PhysioWods - Ana Galeote,https://www.youtube.com/playlist?list=PLU_3vrvW7HKenS14CstIF_H5fRvnBgi6z,https://www.youtube-nocookie.com/embed/videoseries?rel=0&enablejsapi=1&cc_load_policy=1&list=PLU_3vrvW7HKenS14CstIF_H5fRvnBgi6z&listType=playlist,0,0,si,si,si,si,evidencia_entregada_y_criterio_superado,Realiza escucha activa y reformulación || Da feedback específico sin descalificar || Propone una respuesta profesional a conflicto o queja,Role-play documentado de tres situaciones,no,revisar_automaticamente_antes_de_publicar,2026-08-04
tsaf_hyrox_malaga_2026__tsaf-ges-002,tsaf_hyrox_malaga_2026,HYROX Málaga 2026,evento,TSAF,1,TSAF-GES-002,Diseñar y ejecutar un evento de actividad física,"Planificar tareas, documentos, responsables y evidencias de un evento.","Curso completo de Google Drive: organizar, compartir y colaborar",Carlos Cortés Academy,https://www.youtube.com/watch?v=xBaRjZUVSgc,https://www.youtube-nocookie.com/embed/xBaRjZUVSgc?rel=0&enablejsapi=1&cc_load_policy=1,0,0,si,si,si,si,evidencia_entregada_y_criterio_superado,"Cronograma, roles y recursos están definidos || Existe plan de seguridad y contingencia || Se mide participación, satisfacción y resultados",Dossier completo de evento,sí,revisar_automaticamente_antes_de_publicar,2026-08-04
tsaf_hyrox_malaga_2026__tsaf-fit-001,tsaf_hyrox_malaga_2026,HYROX Málaga 2026,evento,TSAF,2,TSAF-FIT-001,Seleccionar ejercicios y enseñar técnica,"Seleccionar ejercicios, explicar técnica y establecer progresiones.",Cómo programar el entrenamiento de fuerza,Fit Generation,https://www.youtube.com/watch?v=eAnc33YC0n8,https://www.youtube-nocookie.com/embed/eAnc33YC0n8?rel=0&enablejsapi=1&cc_load_policy=1,0,0,si,si,si,si,evidencia_entregada_y_criterio_superado,Demuestra técnica y errores frecuentes || Propone al menos una regresión y una progresión || Justifica selección según objetivo y seguridad,Biblioteca de 20 ejercicios con fichas,sí,revisar_automaticamente_antes_de_publicar,2026-08-04
tsaf_hyrox_malaga_2026__tsaf-eng-001,tsaf_hyrox_malaga_2026,HYROX Málaga 2026,evento,TSAF,3,TSAF-ENG-001,Comprender instrucciones y recursos profesionales en inglés,"Practicar escucha, glosario y resumen de instrucciones técnicas en inglés.",How to build a data layer,Android Developers,https://www.youtube.com/watch?v=P125nWICYps,https://www.youtube-nocookie.com/embed/P125nWICYps?rel=0&enablejsapi=1&cc_load_policy=1,0,0,si,si,si,si,evidencia_entregada_y_criterio_superado,Resume un protocolo en español || Da instrucciones básicas de ejercicio en inglés || Redacta un mensaje profesional breve,Ficha bilingüe de una sesión,no,revisar_automaticamente_antes_de_publicar,2026-08-04
tsaf_hyrox_malaga_2026__tsaf-emp-001,tsaf_hyrox_malaga_2026,HYROX Málaga 2026,evento,TSAF,4,TSAF-EMP-001,Preparar candidatura profesional en fitness y deporte,"Preparar CV, certificados, planificaciones y evidencias compartibles.","Curso completo de Google Drive: organizar, compartir y colaborar",Carlos Cortés Academy,https://www.youtube.com/watch?v=xBaRjZUVSgc,https://www.youtube-nocookie.com/embed/xBaRjZUVSgc?rel=0&enablejsapi=1&cc_load_policy=1,0,0,si,si,si,si,evidencia_entregada_y_criterio_superado,CV adaptado a un puesto real || Portfolio con dos sesiones y una valoración ficticia || Matriz de requisitos y límites profesionales,"CV, portfolio y matriz de brechas",no,revisar_automaticamente_antes_de_publicar,2026-08-04
tsaf_hyrox_malaga_2026__tsaf-prj-001,tsaf_hyrox_malaga_2026,HYROX Málaga 2026,evento,TSAF,5,TSAF-PRJ-001,Crear un programa integral de acondicionamiento físico,"Construir un programa integral con evaluación, progresión y revisión.",Cómo programar el entrenamiento de fuerza,Fit Generation,https://www.youtube.com/watch?v=eAnc33YC0n8,https://www.youtube-nocookie.com/embed/eAnc33YC0n8?rel=0&enablejsapi=1&cc_load_policy=1,0,0,si,si,si,si,evidencia_entregada_y_criterio_superado,"Define población, necesidad y límites || Programa sesiones y evaluación coherentes || Incluye seguridad, recursos, privacidad y calidad","Memoria, sesiones, instrumentos y presentación",no,revisar_automaticamente_antes_de_publicar,2026-08-04
tsaf_congreso_addijes_granada_2026__tsaf-ges-002,tsaf_congreso_addijes_granada_2026,X Congreso de Investigación y Didáctica de la Educación Física,evento,TSAF,1,TSAF-GES-002,Diseñar y ejecutar un evento de actividad física,"Planificar tareas, documentos, responsables y evidencias de un evento.","Curso completo de Google Drive: organizar, compartir y colaborar",Carlos Cortés Academy,https://www.youtube.com/watch?v=xBaRjZUVSgc,https://www.youtube-nocookie.com/embed/xBaRjZUVSgc?rel=0&enablejsapi=1&cc_load_policy=1,0,0,si,si,si,si,evidencia_entregada_y_criterio_superado,"Cronograma, roles y recursos están definidos || Existe plan de seguridad y contingencia || Se mide participación, satisfacción y resultados",Dossier completo de evento,sí,revisar_automaticamente_antes_de_publicar,2026-08-04
tsaf_congreso_addijes_granada_2026__tsaf-prj-002,tsaf_congreso_addijes_granada_2026,X Congreso de Investigación y Didáctica de la Educación Física,evento,TSAF,2,TSAF-PRJ-002,Presentar y defender una propuesta de servicio,Presentar un servicio de entrenamiento con estructura visual y argumentos.,Kit de marca en Canva,Canva Latinoamérica,https://www.youtube.com/watch?v=havARJ_ZQg8,https://www.youtube-nocookie.com/embed/havARJ_ZQg8?rel=0&enablejsapi=1&cc_load_policy=1,0,0,si,si,si,si,evidencia_entregada_y_criterio_superado,Presentación de 5 minutos estructurada || Incluye una demostración o material visual || Responde dudas sin exceder competencias,Vídeo o defensa grabada,sí,revisar_automaticamente_antes_de_publicar,2026-08-04
tsaf_congreso_addijes_granada_2026__tsaf-soc-001,tsaf_congreso_addijes_granada_2026,X Congreso de Investigación y Didáctica de la Educación Física,evento,TSAF,3,TSAF-SOC-001,"Gestionar comunicación, motivación y conflictos","Aplicar escucha, feedback y resolución básica de conflictos.","PhysioWods: movilidad, fisiología, gestión y comunicación profesional",PhysioWods - Ana Galeote,https://www.youtube.com/playlist?list=PLU_3vrvW7HKenS14CstIF_H5fRvnBgi6z,https://www.youtube-nocookie.com/embed/videoseries?rel=0&enablejsapi=1&cc_load_policy=1&list=PLU_3vrvW7HKenS14CstIF_H5fRvnBgi6z&listType=playlist,0,0,si,si,si,si,evidencia_entregada_y_criterio_superado,Realiza escucha activa y reformulación || Da feedback específico sin descalificar || Propone una respuesta profesional a conflicto o queja,Role-play documentado de tres situaciones,no,revisar_automaticamente_antes_de_publicar,2026-08-04
tsaf_congreso_addijes_granada_2026__tsaf-aux-001,tsaf_congreso_addijes_granada_2026,X Congreso de Investigación y Didáctica de la Educación Física,evento,TSAF,4,TSAF-AUX-001,Actuar ante una emergencia y activar ayuda,"Reconocer emergencia, proteger, alertar y actuar de forma inicial.",Reanimación cardiopulmonar y uso del DEA,Cruz Roja Española,https://www.youtube.com/watch?v=yUsVWNTQif8,https://www.youtube-nocookie.com/embed/yUsVWNTQif8?rel=0&enablejsapi=1&cc_load_policy=1,0,0,si,si,si,si,evidencia_entregada_y_criterio_superado,Protege la escena y evita riesgos añadidos || Activa ayuda con información completa || Mantiene actuación dentro de formación y protocolo,Simulación guiada de tres escenarios,no,revisar_automaticamente_antes_de_publicar,2026-08-04
tsaf_agesport_comunidad__tsaf-ges-001,tsaf_agesport_comunidad,Asociación Andaluza de Gestión del Deporte,comunidad,TSAF,1,TSAF-GES-001,"Organizar recursos, calidad y seguridad de una instalación","Definir recursos, riesgos, calidad y operación básica de un centro.","PhysioWods: movilidad, fisiología, gestión y comunicación profesional",PhysioWods - Ana Galeote,https://www.youtube.com/playlist?list=PLU_3vrvW7HKenS14CstIF_H5fRvnBgi6z,https://www.youtube-nocookie.com/embed/videoseries?rel=0&enablejsapi=1&cc_load_policy=1&list=PLU_3vrvW7HKenS14CstIF_H5fRvnBgi6z&listType=playlist,0,0,si,si,si,si,evidencia_entregada_y_criterio_superado,Completa inspección de seguridad y accesibilidad || Define procedimiento de incidencia y mantenimiento || Propone indicadores de calidad y satisfacción,Auditoría de instalación real o simulada,no,revisar_automaticamente_antes_de_publicar,2026-08-04
tsaf_agesport_comunidad__tsaf-sus-001,tsaf_agesport_comunidad,Asociación Andaluza de Gestión del Deporte,comunidad,TSAF,2,TSAF-SUS-001,Aplicar sostenibilidad a servicios deportivos,"Detectar consumos, residuos y mejoras sostenibles de un servicio deportivo.","PhysioWods: movilidad, fisiología, gestión y comunicación profesional",PhysioWods - Ana Galeote,https://www.youtube.com/playlist?list=PLU_3vrvW7HKenS14CstIF_H5fRvnBgi6z,https://www.youtube-nocookie.com/embed/videoseries?rel=0&enablejsapi=1&cc_load_policy=1&list=PLU_3vrvW7HKenS14CstIF_H5fRvnBgi6z&listType=playlist,0,0,si,si,si,si,evidencia_entregada_y_criterio_superado,Identifica impactos de una instalación o evento || Propone tres medidas medibles || Incluye impacto social y accesibilidad,Plan de mejora sostenible,no,revisar_automaticamente_antes_de_publicar,2026-08-04
tsaf_agesport_comunidad__tsaf-emp-001,tsaf_agesport_comunidad,Asociación Andaluza de Gestión del Deporte,comunidad,TSAF,3,TSAF-EMP-001,Preparar candidatura profesional en fitness y deporte,"Preparar CV, certificados, planificaciones y evidencias compartibles.","Curso completo de Google Drive: organizar, compartir y colaborar",Carlos Cortés Academy,https://www.youtube.com/watch?v=xBaRjZUVSgc,https://www.youtube-nocookie.com/embed/xBaRjZUVSgc?rel=0&enablejsapi=1&cc_load_policy=1,0,0,si,si,si,si,evidencia_entregada_y_criterio_superado,CV adaptado a un puesto real || Portfolio con dos sesiones y una valoración ficticia || Matriz de requisitos y límites profesionales,"CV, portfolio y matriz de brechas",no,revisar_automaticamente_antes_de_publicar,2026-08-04
tsaf_agesport_comunidad__tsaf-bas-005,tsaf_agesport_comunidad,Asociación Andaluza de Gestión del Deporte,comunidad,TSAF,4,TSAF-BAS-005,"Distinguir alcance profesional, derivación y consentimiento","Distinguir entrenamiento, derivación sanitaria y consentimiento.","PhysioWods: movilidad, fisiología, gestión y comunicación profesional",PhysioWods - Ana Galeote,https://www.youtube.com/playlist?list=PLU_3vrvW7HKenS14CstIF_H5fRvnBgi6z,https://www.youtube-nocookie.com/embed/videoseries?rel=0&enablejsapi=1&cc_load_policy=1&list=PLU_3vrvW7HKenS14CstIF_H5fRvnBgi6z&listType=playlist,0,0,si,si,si,si,evidencia_entregada_y_criterio_superado,"Diferencia entrenamiento, valoración funcional y diagnóstico clínico || Identifica cuándo detener y derivar || Usa un consentimiento sencillo para grabación o datos",Checklist de límites y consentimiento ficticio,no,revisar_automaticamente_antes_de_publicar,2026-08-04
tsaf_colef_andalucia_comunidad__tsaf-emp-001,tsaf_colef_andalucia_comunidad,COLEF Andalucía,comunidad,TSAF,1,TSAF-EMP-001,Preparar candidatura profesional en fitness y deporte,"Preparar CV, certificados, planificaciones y evidencias compartibles.","Curso completo de Google Drive: organizar, compartir y colaborar",Carlos Cortés Academy,https://www.youtube.com/watch?v=xBaRjZUVSgc,https://www.youtube-nocookie.com/embed/xBaRjZUVSgc?rel=0&enablejsapi=1&cc_load_policy=1,0,0,si,si,si,si,evidencia_entregada_y_criterio_superado,CV adaptado a un puesto real || Portfolio con dos sesiones y una valoración ficticia || Matriz de requisitos y límites profesionales,"CV, portfolio y matriz de brechas",no,revisar_automaticamente_antes_de_publicar,2026-08-04
tsaf_colef_andalucia_comunidad__tsaf-bas-005,tsaf_colef_andalucia_comunidad,COLEF Andalucía,comunidad,TSAF,2,TSAF-BAS-005,"Distinguir alcance profesional, derivación y consentimiento","Distinguir entrenamiento, derivación sanitaria y consentimiento.","PhysioWods: movilidad, fisiología, gestión y comunicación profesional",PhysioWods - Ana Galeote,https://www.youtube.com/playlist?list=PLU_3vrvW7HKenS14CstIF_H5fRvnBgi6z,https://www.youtube-nocookie.com/embed/videoseries?rel=0&enablejsapi=1&cc_load_policy=1&list=PLU_3vrvW7HKenS14CstIF_H5fRvnBgi6z&listType=playlist,0,0,si,si,si,si,evidencia_entregada_y_criterio_superado,"Diferencia entrenamiento, valoración funcional y diagnóstico clínico || Identifica cuándo detener y derivar || Usa un consentimiento sencillo para grabación o datos",Checklist de límites y consentimiento ficticio,no,revisar_automaticamente_antes_de_publicar,2026-08-04
tsaf_liga_hibrida_andalucia__tsaf-val-002,tsaf_liga_hibrida_andalucia,Liga Híbrida Andalucía,reto,TSAF,1,TSAF-VAL-002,Aplicar pruebas básicas de condición física,Seleccionar pruebas y registrar resultados de forma repetible.,Cómo programar el entrenamiento de fuerza,Fit Generation,https://www.youtube.com/watch?v=eAnc33YC0n8,https://www.youtube-nocookie.com/embed/eAnc33YC0n8?rel=0&enablejsapi=1&cc_load_policy=1,0,0,si,si,si,si,evidencia_entregada_y_criterio_superado,"Elige pruebas coherentes con objetivo y perfil || Estandariza calentamiento, material y registro || Interpreta resultados sin diagnosticar",Informe de batería de pruebas con datos ficticios o propios,sí,revisar_automaticamente_antes_de_publicar,2026-08-04
tsaf_liga_hibrida_andalucia__tsaf-fit-001,tsaf_liga_hibrida_andalucia,Liga Híbrida Andalucía,reto,TSAF,2,TSAF-FIT-001,Seleccionar ejercicios y enseñar técnica,"Seleccionar ejercicios, explicar técnica y establecer progresiones.",Cómo programar el entrenamiento de fuerza,Fit Generation,https://www.youtube.com/watch?v=eAnc33YC0n8,https://www.youtube-nocookie.com/embed/eAnc33YC0n8?rel=0&enablejsapi=1&cc_load_policy=1,0,0,si,si,si,si,evidencia_entregada_y_criterio_superado,Demuestra técnica y errores frecuentes || Propone al menos una regresión y una progresión || Justifica selección según objetivo y seguridad,Biblioteca de 20 ejercicios con fichas,sí,revisar_automaticamente_antes_de_publicar,2026-08-04
tsaf_liga_hibrida_andalucia__tsaf-fit-002,tsaf_liga_hibrida_andalucia,Liga Híbrida Andalucía,reto,TSAF,3,TSAF-FIT-002,"Programar fuerza, resistencia y movilidad","Programar carga, progresión y control de fuerza.",Cómo programar el entrenamiento de fuerza,Fit Generation,https://www.youtube.com/watch?v=eAnc33YC0n8,https://www.youtube-nocookie.com/embed/eAnc33YC0n8?rel=0&enablejsapi=1&cc_load_policy=1&start=85&end=3259,85,3259,si,si,si,si,evidencia_entregada_y_criterio_superado,"Formula objetivos medibles || Ajusta carga y volumen al nivel || Incluye progresión, recuperación y revisión",Programa de 8 semanas para caso ficticio,no,revisar_automaticamente_antes_de_publicar,2026-08-04
tsaf_liga_hibrida_andalucia__tsaf-ges-002,tsaf_liga_hibrida_andalucia,Liga Híbrida Andalucía,reto,TSAF,4,TSAF-GES-002,Diseñar y ejecutar un evento de actividad física,"Planificar tareas, documentos, responsables y evidencias de un evento.","Curso completo de Google Drive: organizar, compartir y colaborar",Carlos Cortés Academy,https://www.youtube.com/watch?v=xBaRjZUVSgc,https://www.youtube-nocookie.com/embed/xBaRjZUVSgc?rel=0&enablejsapi=1&cc_load_policy=1,0,0,si,si,si,si,evidencia_entregada_y_criterio_superado,"Cronograma, roles y recursos están definidos || Existe plan de seguridad y contingencia || Se mide participación, satisfacción y resultados",Dossier completo de evento,no,revisar_automaticamente_antes_de_publicar,2026-08-04
tsaf_liga_hibrida_andalucia__tsaf-eng-001,tsaf_liga_hibrida_andalucia,Liga Híbrida Andalucía,reto,TSAF,5,TSAF-ENG-001,Comprender instrucciones y recursos profesionales en inglés,"Practicar escucha, glosario y resumen de instrucciones técnicas en inglés.",How to build a data layer,Android Developers,https://www.youtube.com/watch?v=P125nWICYps,https://www.youtube-nocookie.com/embed/P125nWICYps?rel=0&enablejsapi=1&cc_load_policy=1,0,0,si,si,si,si,evidencia_entregada_y_criterio_superado,Resume un protocolo en español || Da instrucciones básicas de ejercicio en inglés || Redacta un mensaje profesional breve,Ficha bilingüe de una sesión,no,revisar_automaticamente_antes_de_publicar,2026-08-04
tsaf_fuente_csd__tsaf-ges-002,tsaf_fuente_csd,Consejo Superior de Deportes,fuente_noticias,TSAF,1,TSAF-GES-002,Diseñar y ejecutar un evento de actividad física,"Planificar tareas, documentos, responsables y evidencias de un evento.","Curso completo de Google Drive: organizar, compartir y colaborar",Carlos Cortés Academy,https://www.youtube.com/watch?v=xBaRjZUVSgc,https://www.youtube-nocookie.com/embed/xBaRjZUVSgc?rel=0&enablejsapi=1&cc_load_policy=1,0,0,si,si,si,si,evidencia_entregada_y_criterio_superado,"Cronograma, roles y recursos están definidos || Existe plan de seguridad y contingencia || Se mide participación, satisfacción y resultados",Dossier completo de evento,no,revisar_automaticamente_antes_de_publicar,2026-08-04
tsaf_fuente_csd__tsaf-ges-001,tsaf_fuente_csd,Consejo Superior de Deportes,fuente_noticias,TSAF,2,TSAF-GES-001,"Organizar recursos, calidad y seguridad de una instalación","Definir recursos, riesgos, calidad y operación básica de un centro.","PhysioWods: movilidad, fisiología, gestión y comunicación profesional",PhysioWods - Ana Galeote,https://www.youtube.com/playlist?list=PLU_3vrvW7HKenS14CstIF_H5fRvnBgi6z,https://www.youtube-nocookie.com/embed/videoseries?rel=0&enablejsapi=1&cc_load_policy=1&list=PLU_3vrvW7HKenS14CstIF_H5fRvnBgi6z&listType=playlist,0,0,si,si,si,si,evidencia_entregada_y_criterio_superado,Completa inspección de seguridad y accesibilidad || Define procedimiento de incidencia y mantenimiento || Propone indicadores de calidad y satisfacción,Auditoría de instalación real o simulada,no,revisar_automaticamente_antes_de_publicar,2026-08-04
tsaf_fuente_csd__tsaf-emp-001,tsaf_fuente_csd,Consejo Superior de Deportes,fuente_noticias,TSAF,3,TSAF-EMP-001,Preparar candidatura profesional en fitness y deporte,"Preparar CV, certificados, planificaciones y evidencias compartibles.","Curso completo de Google Drive: organizar, compartir y colaborar",Carlos Cortés Academy,https://www.youtube.com/watch?v=xBaRjZUVSgc,https://www.youtube-nocookie.com/embed/xBaRjZUVSgc?rel=0&enablejsapi=1&cc_load_policy=1,0,0,si,si,si,si,evidencia_entregada_y_criterio_superado,CV adaptado a un puesto real || Portfolio con dos sesiones y una valoración ficticia || Matriz de requisitos y límites profesionales,"CV, portfolio y matriz de brechas",no,revisar_automaticamente_antes_de_publicar,2026-08-04
tsaf_fuente_csd__tsaf-bas-005,tsaf_fuente_csd,Consejo Superior de Deportes,fuente_noticias,TSAF,4,TSAF-BAS-005,"Distinguir alcance profesional, derivación y consentimiento","Distinguir entrenamiento, derivación sanitaria y consentimiento.","PhysioWods: movilidad, fisiología, gestión y comunicación profesional",PhysioWods - Ana Galeote,https://www.youtube.com/playlist?list=PLU_3vrvW7HKenS14CstIF_H5fRvnBgi6z,https://www.youtube-nocookie.com/embed/videoseries?rel=0&enablejsapi=1&cc_load_policy=1&list=PLU_3vrvW7HKenS14CstIF_H5fRvnBgi6z&listType=playlist,0,0,si,si,si,si,evidencia_entregada_y_criterio_superado,"Diferencia entrenamiento, valoración funcional y diagnóstico clínico || Identifica cuándo detener y derivar || Usa un consentimiento sencillo para grabación o datos",Checklist de límites y consentimiento ficticio,no,revisar_automaticamente_antes_de_publicar,2026-08-04
tsaf_fuente_iad_noticias__tsaf-emp-001,tsaf_fuente_iad_noticias,Noticias y formación del Instituto Andaluz del Deporte,fuente_noticias,TSAF,1,TSAF-EMP-001,Preparar candidatura profesional en fitness y deporte,"Preparar CV, certificados, planificaciones y evidencias compartibles.","Curso completo de Google Drive: organizar, compartir y colaborar",Carlos Cortés Academy,https://www.youtube.com/watch?v=xBaRjZUVSgc,https://www.youtube-nocookie.com/embed/xBaRjZUVSgc?rel=0&enablejsapi=1&cc_load_policy=1,0,0,si,si,si,si,evidencia_entregada_y_criterio_superado,CV adaptado a un puesto real || Portfolio con dos sesiones y una valoración ficticia || Matriz de requisitos y límites profesionales,"CV, portfolio y matriz de brechas",no,revisar_automaticamente_antes_de_publicar,2026-08-04
tsaf_fuente_iad_noticias__tsaf-bas-005,tsaf_fuente_iad_noticias,Noticias y formación del Instituto Andaluz del Deporte,fuente_noticias,TSAF,2,TSAF-BAS-005,"Distinguir alcance profesional, derivación y consentimiento","Distinguir entrenamiento, derivación sanitaria y consentimiento.","PhysioWods: movilidad, fisiología, gestión y comunicación profesional",PhysioWods - Ana Galeote,https://www.youtube.com/playlist?list=PLU_3vrvW7HKenS14CstIF_H5fRvnBgi6z,https://www.youtube-nocookie.com/embed/videoseries?rel=0&enablejsapi=1&cc_load_policy=1&list=PLU_3vrvW7HKenS14CstIF_H5fRvnBgi6z&listType=playlist,0,0,si,si,si,si,evidencia_entregada_y_criterio_superado,"Diferencia entrenamiento, valoración funcional y diagnóstico clínico || Identifica cuándo detener y derivar || Usa un consentimiento sencillo para grabación o datos",Checklist de límites y consentimiento ficticio,no,revisar_automaticamente_antes_de_publicar,2026-08-04
tsaf_fuente_colef_andalucia__tsaf-emp-001,tsaf_fuente_colef_andalucia,Noticias de COLEF Andalucía,fuente_noticias,TSAF,1,TSAF-EMP-001,Preparar candidatura profesional en fitness y deporte,"Preparar CV, certificados, planificaciones y evidencias compartibles.","Curso completo de Google Drive: organizar, compartir y colaborar",Carlos Cortés Academy,https://www.youtube.com/watch?v=xBaRjZUVSgc,https://www.youtube-nocookie.com/embed/xBaRjZUVSgc?rel=0&enablejsapi=1&cc_load_policy=1,0,0,si,si,si,si,evidencia_entregada_y_criterio_superado,CV adaptado a un puesto real || Portfolio con dos sesiones y una valoración ficticia || Matriz de requisitos y límites profesionales,"CV, portfolio y matriz de brechas",no,revisar_automaticamente_antes_de_publicar,2026-08-04
tsaf_fuente_colef_andalucia__tsaf-bas-005,tsaf_fuente_colef_andalucia,Noticias de COLEF Andalucía,fuente_noticias,TSAF,2,TSAF-BAS-005,"Distinguir alcance profesional, derivación y consentimiento","Distinguir entrenamiento, derivación sanitaria y consentimiento.","PhysioWods: movilidad, fisiología, gestión y comunicación profesional",PhysioWods - Ana Galeote,https://www.youtube.com/playlist?list=PLU_3vrvW7HKenS14CstIF_H5fRvnBgi6z,https://www.youtube-nocookie.com/embed/videoseries?rel=0&enablejsapi=1&cc_load_policy=1&list=PLU_3vrvW7HKenS14CstIF_H5fRvnBgi6z&listType=playlist,0,0,si,si,si,si,evidencia_entregada_y_criterio_superado,"Diferencia entrenamiento, valoración funcional y diagnóstico clínico || Identifica cuándo detener y derivar || Usa un consentimiento sencillo para grabación o datos",Checklist de límites y consentimiento ficticio,no,revisar_automaticamente_antes_de_publicar,2026-08-04
tsaf_fuente_consejo_colef_boletin__tsaf-emp-001,tsaf_fuente_consejo_colef_boletin,Boletín del Consejo COLEF,fuente_noticias,TSAF,1,TSAF-EMP-001,Preparar candidatura profesional en fitness y deporte,"Preparar CV, certificados, planificaciones y evidencias compartibles.","Curso completo de Google Drive: organizar, compartir y colaborar",Carlos Cortés Academy,https://www.youtube.com/watch?v=xBaRjZUVSgc,https://www.youtube-nocookie.com/embed/xBaRjZUVSgc?rel=0&enablejsapi=1&cc_load_policy=1,0,0,si,si,si,si,evidencia_entregada_y_criterio_superado,CV adaptado a un puesto real || Portfolio con dos sesiones y una valoración ficticia || Matriz de requisitos y límites profesionales,"CV, portfolio y matriz de brechas",no,revisar_automaticamente_antes_de_publicar,2026-08-04
tsaf_fuente_consejo_colef_boletin__tsaf-bas-005,tsaf_fuente_consejo_colef_boletin,Boletín del Consejo COLEF,fuente_noticias,TSAF,2,TSAF-BAS-005,"Distinguir alcance profesional, derivación y consentimiento","Distinguir entrenamiento, derivación sanitaria y consentimiento.","PhysioWods: movilidad, fisiología, gestión y comunicación profesional",PhysioWods - Ana Galeote,https://www.youtube.com/playlist?list=PLU_3vrvW7HKenS14CstIF_H5fRvnBgi6z,https://www.youtube-nocookie.com/embed/videoseries?rel=0&enablejsapi=1&cc_load_policy=1&list=PLU_3vrvW7HKenS14CstIF_H5fRvnBgi6z&listType=playlist,0,0,si,si,si,si,evidencia_entregada_y_criterio_superado,"Diferencia entrenamiento, valoración funcional y diagnóstico clínico || Identifica cuándo detener y derivar || Usa un consentimiento sencillo para grabación o datos",Checklist de límites y consentimiento ficticio,no,revisar_automaticamente_antes_de_publicar,2026-08-04
tsaf_fuente_espana_activa_observatorio__tsaf-fit-001,tsaf_fuente_espana_activa_observatorio,Observatorio de la Fundación España Activa,fuente_noticias,TSAF,1,TSAF-FIT-001,Seleccionar ejercicios y enseñar técnica,"Seleccionar ejercicios, explicar técnica y establecer progresiones.",Cómo programar el entrenamiento de fuerza,Fit Generation,https://www.youtube.com/watch?v=eAnc33YC0n8,https://www.youtube-nocookie.com/embed/eAnc33YC0n8?rel=0&enablejsapi=1&cc_load_policy=1,0,0,si,si,si,si,evidencia_entregada_y_criterio_superado,Demuestra técnica y errores frecuentes || Propone al menos una regresión y una progresión || Justifica selección según objetivo y seguridad,Biblioteca de 20 ejercicios con fichas,no,revisar_automaticamente_antes_de_publicar,2026-08-04
tsaf_fuente_espana_activa_observatorio__tsaf-eng-001,tsaf_fuente_espana_activa_observatorio,Observatorio de la Fundación España Activa,fuente_noticias,TSAF,2,TSAF-ENG-001,Comprender instrucciones y recursos profesionales en inglés,"Practicar escucha, glosario y resumen de instrucciones técnicas en inglés.",How to build a data layer,Android Developers,https://www.youtube.com/watch?v=P125nWICYps,https://www.youtube-nocookie.com/embed/P125nWICYps?rel=0&enablejsapi=1&cc_load_policy=1,0,0,si,si,si,si,evidencia_entregada_y_criterio_superado,Resume un protocolo en español || Da instrucciones básicas de ejercicio en inglés || Redacta un mensaje profesional breve,Ficha bilingüe de una sesión,no,revisar_automaticamente_antes_de_publicar,2026-08-04
tsaf_fuente_espana_activa_observatorio__tsaf-emp-001,tsaf_fuente_espana_activa_observatorio,Observatorio de la Fundación España Activa,fuente_noticias,TSAF,3,TSAF-EMP-001,Preparar candidatura profesional en fitness y deporte,"Preparar CV, certificados, planificaciones y evidencias compartibles.","Curso completo de Google Drive: organizar, compartir y colaborar",Carlos Cortés Academy,https://www.youtube.com/watch?v=xBaRjZUVSgc,https://www.youtube-nocookie.com/embed/xBaRjZUVSgc?rel=0&enablejsapi=1&cc_load_policy=1,0,0,si,si,si,si,evidencia_entregada_y_criterio_superado,CV adaptado a un puesto real || Portfolio con dos sesiones y una valoración ficticia || Matriz de requisitos y límites profesionales,"CV, portfolio y matriz de brechas",no,revisar_automaticamente_antes_de_publicar,2026-08-04
tsaf_fuente_espana_activa_observatorio__tsaf-prj-001,tsaf_fuente_espana_activa_observatorio,Observatorio de la Fundación España Activa,fuente_noticias,TSAF,4,TSAF-PRJ-001,Crear un programa integral de acondicionamiento físico,"Construir un programa integral con evaluación, progresión y revisión.",Cómo programar el entrenamiento de fuerza,Fit Generation,https://www.youtube.com/watch?v=eAnc33YC0n8,https://www.youtube-nocookie.com/embed/eAnc33YC0n8?rel=0&enablejsapi=1&cc_load_policy=1,0,0,si,si,si,si,evidencia_entregada_y_criterio_superado,"Define población, necesidad y límites || Programa sesiones y evaluación coherentes || Incluye seguridad, recursos, privacidad y calidad","Memoria, sesiones, instrumentos y presentación",no,revisar_automaticamente_antes_de_publicar,2026-08-04
tsaf_fuente_espana_activa_observatorio__tsaf-mus-001,tsaf_fuente_espana_activa_observatorio,Observatorio de la Fundación España Activa,fuente_noticias,TSAF,5,TSAF-MUS-001,"Comprender ritmo, frase musical y estructura de sesión","Reconocer ritmo, bloques musicales y estructura de una sesión colectiva.","PhysioWods: movilidad, fisiología, gestión y comunicación profesional",PhysioWods - Ana Galeote,https://www.youtube.com/playlist?list=PLU_3vrvW7HKenS14CstIF_H5fRvnBgi6z,https://www.youtube-nocookie.com/embed/videoseries?rel=0&enablejsapi=1&cc_load_policy=1&list=PLU_3vrvW7HKenS14CstIF_H5fRvnBgi6z&listType=playlist,0,0,si,si,si,si,evidencia_entregada_y_criterio_superado,"Cuenta tiempos y frases musicales || Diseña calentamiento, bloque principal y vuelta a la calma || Controla intensidad y transiciones",Guion musical y vídeo de 10 minutos,no,revisar_automaticamente_antes_de_publicar,2026-08-04
tsaf_fuente_revista_andaluza_medicina_deporte__tsaf-bas-003,tsaf_fuente_revista_andaluza_medicina_deporte,Revista Andaluza de Medicina del Deporte,fuente_noticias,TSAF,1,TSAF-BAS-003,Comprender respuestas básicas al ejercicio,"Relacionar esfuerzo, respuesta fisiológica, recuperación y adaptaciones al ejercicio.",Fisiología del ejercicio — Parte II,Facultad de Ciencias Médicas,https://www.youtube.com/watch?v=ga88pqiForY,https://www.youtube-nocookie.com/embed/ga88pqiForY?rel=0&enablejsapi=1&cc_load_policy=1,0,0,si,si,si,si,evidencia_entregada_y_criterio_superado,Explica respuesta aguda y adaptación crónica || Calcula zonas orientativas sin presentarlas como diagnóstico || Reconoce señales para detener actividad y derivar,Resumen aplicado a tres perfiles ficticios,no,revisar_automaticamente_antes_de_publicar,2026-08-04
tsaf_fuente_revista_andaluza_medicina_deporte__tsaf-emp-001,tsaf_fuente_revista_andaluza_medicina_deporte,Revista Andaluza de Medicina del Deporte,fuente_noticias,TSAF,2,TSAF-EMP-001,Preparar candidatura profesional en fitness y deporte,"Preparar CV, certificados, planificaciones y evidencias compartibles.","Curso completo de Google Drive: organizar, compartir y colaborar",Carlos Cortés Academy,https://www.youtube.com/watch?v=xBaRjZUVSgc,https://www.youtube-nocookie.com/embed/xBaRjZUVSgc?rel=0&enablejsapi=1&cc_load_policy=1,0,0,si,si,si,si,evidencia_entregada_y_criterio_superado,CV adaptado a un puesto real || Portfolio con dos sesiones y una valoración ficticia || Matriz de requisitos y límites profesionales,"CV, portfolio y matriz de brechas",no,revisar_automaticamente_antes_de_publicar,2026-08-04
tsaf_fuente_revista_andaluza_medicina_deporte__tsaf-bas-005,tsaf_fuente_revista_andaluza_medicina_deporte,Revista Andaluza de Medicina del Deporte,fuente_noticias,TSAF,3,TSAF-BAS-005,"Distinguir alcance profesional, derivación y consentimiento","Distinguir entrenamiento, derivación sanitaria y consentimiento.","PhysioWods: movilidad, fisiología, gestión y comunicación profesional",PhysioWods - Ana Galeote,https://www.youtube.com/playlist?list=PLU_3vrvW7HKenS14CstIF_H5fRvnBgi6z,https://www.youtube-nocookie.com/embed/videoseries?rel=0&enablejsapi=1&cc_load_policy=1&list=PLU_3vrvW7HKenS14CstIF_H5fRvnBgi6z&listType=playlist,0,0,si,si,si,si,evidencia_entregada_y_criterio_superado,"Diferencia entrenamiento, valoración funcional y diagnóstico clínico || Identifica cuándo detener y derivar || Usa un consentimiento sencillo para grabación o datos",Checklist de límites y consentimiento ficticio,no,revisar_automaticamente_antes_de_publicar,2026-08-04
tsaf_fuente_oms_actividad_fisica__tsaf-bas-001,tsaf_fuente_oms_actividad_fisica,Actividad física de la Organización Mundial de la Salud,fuente_noticias,TSAF,1,TSAF-BAS-001,"Organizar archivos, formularios y hojas de cálculo","Crear fichas, registros y tablas para sesiones y usuarios.",Curso completo de Excel,A2 Capacitación: Excel,https://www.youtube.com/watch?v=m8i4fMUCpK0,https://www.youtube-nocookie.com/embed/m8i4fMUCpK0?rel=0&enablejsapi=1&cc_load_policy=1&end=2107,0,2107,si,si,si,si,evidencia_entregada_y_criterio_superado,Crea una estructura de carpetas por usuario y programa ficticio || Registra datos en una hoja sin duplicados || Explica cómo protege y elimina información sensible,Plantilla organizada con datos ficticios,no,revisar_automaticamente_antes_de_publicar,2026-08-04
tsaf_fuente_oms_actividad_fisica__tsaf-bas-003,tsaf_fuente_oms_actividad_fisica,Actividad física de la Organización Mundial de la Salud,fuente_noticias,TSAF,2,TSAF-BAS-003,Comprender respuestas básicas al ejercicio,"Relacionar esfuerzo, respuesta fisiológica, recuperación y adaptaciones al ejercicio.",Fisiología del ejercicio — Parte II,Facultad de Ciencias Médicas,https://www.youtube.com/watch?v=ga88pqiForY,https://www.youtube-nocookie.com/embed/ga88pqiForY?rel=0&enablejsapi=1&cc_load_policy=1,0,0,si,si,si,si,evidencia_entregada_y_criterio_superado,Explica respuesta aguda y adaptación crónica || Calcula zonas orientativas sin presentarlas como diagnóstico || Reconoce señales para detener actividad y derivar,Resumen aplicado a tres perfiles ficticios,no,revisar_automaticamente_antes_de_publicar,2026-08-04
tsaf_fuente_oms_actividad_fisica__tsaf-val-003,tsaf_fuente_oms_actividad_fisica,Actividad física de la Organización Mundial de la Salud,fuente_noticias,TSAF,3,TSAF-VAL-003,Registrar y analizar evolución,Crear tablas dinámicas y gráficos de evolución.,Curso completo de Excel,A2 Capacitación: Excel,https://www.youtube.com/watch?v=m8i4fMUCpK0,https://www.youtube-nocookie.com/embed/m8i4fMUCpK0?rel=0&enablejsapi=1&cc_load_policy=1&start=2107&end=3398,2107,3398,si,si,si,si,evidencia_entregada_y_criterio_superado,"Calcula cambios y tendencias correctamente || Diferencia medición, interpretación y recomendación || Presenta datos comprensibles para la persona usuaria",Dashboard o informe de evolución,no,revisar_automaticamente_antes_de_publicar,2026-08-04
tsaf_fuente_oms_actividad_fisica__tsaf-ges-002,tsaf_fuente_oms_actividad_fisica,Actividad física de la Organización Mundial de la Salud,fuente_noticias,TSAF,4,TSAF-GES-002,Diseñar y ejecutar un evento de actividad física,"Planificar tareas, documentos, responsables y evidencias de un evento.","Curso completo de Google Drive: organizar, compartir y colaborar",Carlos Cortés Academy,https://www.youtube.com/watch?v=xBaRjZUVSgc,https://www.youtube-nocookie.com/embed/xBaRjZUVSgc?rel=0&enablejsapi=1&cc_load_policy=1,0,0,si,si,si,si,evidencia_entregada_y_criterio_superado,"Cronograma, roles y recursos están definidos || Existe plan de seguridad y contingencia || Se mide participación, satisfacción y resultados",Dossier completo de evento,no,revisar_automaticamente_antes_de_publicar,2026-08-04
tsaf_fuente_oms_actividad_fisica__tsaf-dig-001,tsaf_fuente_oms_actividad_fisica,Actividad física de la Organización Mundial de la Salud,fuente_noticias,TSAF,5,TSAF-DIG-001,Usar tecnología y datos en seguimiento sin invadir privacidad,Analizar datos de seguimiento sin convertirlos en diagnóstico.,Curso completo de Excel,A2 Capacitación: Excel,https://www.youtube.com/watch?v=m8i4fMUCpK0,https://www.youtube-nocookie.com/embed/m8i4fMUCpK0?rel=0&enablejsapi=1&cc_load_policy=1&start=2107&end=3398,2107,3398,si,si,si,si,evidencia_entregada_y_criterio_superado,"Diferencia dato medido, estimado e inferido || Configura privacidad y minimización de datos || Justifica herramienta según objetivo y usuario",Comparativa de dos herramientas con protocolo de uso,no,revisar_automaticamente_antes_de_publicar,2026-08-04
tsaf_evidencia_valoracion_inicial__tsaf-bas-005,tsaf_evidencia_valoracion_inicial,Protocolo de valoración inicial y consentimiento,evidencia_recomendada,TSAF,1,TSAF-BAS-005,"Distinguir alcance profesional, derivación y consentimiento","Distinguir entrenamiento, derivación sanitaria y consentimiento.","PhysioWods: movilidad, fisiología, gestión y comunicación profesional",PhysioWods - Ana Galeote,https://www.youtube.com/playlist?list=PLU_3vrvW7HKenS14CstIF_H5fRvnBgi6z,https://www.youtube-nocookie.com/embed/videoseries?rel=0&enablejsapi=1&cc_load_policy=1&list=PLU_3vrvW7HKenS14CstIF_H5fRvnBgi6z&listType=playlist,0,0,si,si,si,si,evidencia_entregada_y_criterio_superado,"Diferencia entrenamiento, valoración funcional y diagnóstico clínico || Identifica cuándo detener y derivar || Usa un consentimiento sencillo para grabación o datos",Checklist de límites y consentimiento ficticio,no,revisar_automaticamente_antes_de_publicar,2026-08-04
tsaf_evidencia_valoracion_inicial__tsaf-val-001,tsaf_evidencia_valoracion_inicial,Protocolo de valoración inicial y consentimiento,evidencia_recomendada,TSAF,2,TSAF-VAL-001,Realizar entrevista inicial y cribado básico,Crear un cuestionario inicial con consentimiento y preguntas pertinentes.,Google Forms: crear encuestas y analizar respuestas,GCFAprendeLibre,https://www.youtube.com/watch?v=szlGX3MseWc,https://www.youtube-nocookie.com/embed/szlGX3MseWc?rel=0&enablejsapi=1&cc_load_policy=1,0,0,si,si,si,si,evidencia_entregada_y_criterio_superado,Formula preguntas relevantes sin convertirlas en historia clínica || Identifica riesgos y contraindicaciones declaradas || Documenta consentimiento y límites,Formulario inicial ficticio y decisión razonada,no,revisar_automaticamente_antes_de_publicar,2026-08-04
tsaf_evidencia_valoracion_inicial__tsaf-ges-001,tsaf_evidencia_valoracion_inicial,Protocolo de valoración inicial y consentimiento,evidencia_recomendada,TSAF,3,TSAF-GES-001,"Organizar recursos, calidad y seguridad de una instalación","Definir recursos, riesgos, calidad y operación básica de un centro.","PhysioWods: movilidad, fisiología, gestión y comunicación profesional",PhysioWods - Ana Galeote,https://www.youtube.com/playlist?list=PLU_3vrvW7HKenS14CstIF_H5fRvnBgi6z,https://www.youtube-nocookie.com/embed/videoseries?rel=0&enablejsapi=1&cc_load_policy=1&list=PLU_3vrvW7HKenS14CstIF_H5fRvnBgi6z&listType=playlist,0,0,si,si,si,si,evidencia_entregada_y_criterio_superado,Completa inspección de seguridad y accesibilidad || Define procedimiento de incidencia y mantenimiento || Propone indicadores de calidad y satisfacción,Auditoría de instalación real o simulada,no,revisar_automaticamente_antes_de_publicar,2026-08-04
tsaf_evidencia_valoracion_inicial__tsaf-prj-001,tsaf_evidencia_valoracion_inicial,Protocolo de valoración inicial y consentimiento,evidencia_recomendada,TSAF,4,TSAF-PRJ-001,Crear un programa integral de acondicionamiento físico,"Construir un programa integral con evaluación, progresión y revisión.",Cómo programar el entrenamiento de fuerza,Fit Generation,https://www.youtube.com/watch?v=eAnc33YC0n8,https://www.youtube-nocookie.com/embed/eAnc33YC0n8?rel=0&enablejsapi=1&cc_load_policy=1,0,0,si,si,si,si,evidencia_entregada_y_criterio_superado,"Define población, necesidad y límites || Programa sesiones y evaluación coherentes || Incluye seguridad, recursos, privacidad y calidad","Memoria, sesiones, instrumentos y presentación",no,revisar_automaticamente_antes_de_publicar,2026-08-04
tsaf_evidencia_valoracion_inicial__tsaf-val-002,tsaf_evidencia_valoracion_inicial,Protocolo de valoración inicial y consentimiento,evidencia_recomendada,TSAF,5,TSAF-VAL-002,Aplicar pruebas básicas de condición física,Seleccionar pruebas y registrar resultados de forma repetible.,Cómo programar el entrenamiento de fuerza,Fit Generation,https://www.youtube.com/watch?v=eAnc33YC0n8,https://www.youtube-nocookie.com/embed/eAnc33YC0n8?rel=0&enablejsapi=1&cc_load_policy=1,0,0,si,si,si,si,evidencia_entregada_y_criterio_superado,"Elige pruebas coherentes con objetivo y perfil || Estandariza calentamiento, material y registro || Interpreta resultados sin diagnosticar",Informe de batería de pruebas con datos ficticios o propios,no,revisar_automaticamente_antes_de_publicar,2026-08-04
tsaf_evidencia_programa_fuerza_12_semanas__tsaf-fit-002,tsaf_evidencia_programa_fuerza_12_semanas,Programa progresivo de fuerza de doce semanas,evidencia_recomendada,TSAF,1,TSAF-FIT-002,"Programar fuerza, resistencia y movilidad","Programar carga, progresión y control de fuerza.",Cómo programar el entrenamiento de fuerza,Fit Generation,https://www.youtube.com/watch?v=eAnc33YC0n8,https://www.youtube-nocookie.com/embed/eAnc33YC0n8?rel=0&enablejsapi=1&cc_load_policy=1&start=85&end=3259,85,3259,si,si,si,si,evidencia_entregada_y_criterio_superado,"Formula objetivos medibles || Ajusta carga y volumen al nivel || Incluye progresión, recuperación y revisión",Programa de 8 semanas para caso ficticio,no,revisar_automaticamente_antes_de_publicar,2026-08-04
tsaf_evidencia_programa_fuerza_12_semanas__tsaf-fit-001,tsaf_evidencia_programa_fuerza_12_semanas,Programa progresivo de fuerza de doce semanas,evidencia_recomendada,TSAF,2,TSAF-FIT-001,Seleccionar ejercicios y enseñar técnica,"Seleccionar ejercicios, explicar técnica y establecer progresiones.",Cómo programar el entrenamiento de fuerza,Fit Generation,https://www.youtube.com/watch?v=eAnc33YC0n8,https://www.youtube-nocookie.com/embed/eAnc33YC0n8?rel=0&enablejsapi=1&cc_load_policy=1,0,0,si,si,si,si,evidencia_entregada_y_criterio_superado,Demuestra técnica y errores frecuentes || Propone al menos una regresión y una progresión || Justifica selección según objetivo y seguridad,Biblioteca de 20 ejercicios con fichas,no,revisar_automaticamente_antes_de_publicar,2026-08-04
tsaf_evidencia_programa_fuerza_12_semanas__tsaf-prj-001,tsaf_evidencia_programa_fuerza_12_semanas,Programa progresivo de fuerza de doce semanas,evidencia_recomendada,TSAF,3,TSAF-PRJ-001,Crear un programa integral de acondicionamiento físico,"Construir un programa integral con evaluación, progresión y revisión.",Cómo programar el entrenamiento de fuerza,Fit Generation,https://www.youtube.com/watch?v=eAnc33YC0n8,https://www.youtube-nocookie.com/embed/eAnc33YC0n8?rel=0&enablejsapi=1&cc_load_policy=1,0,0,si,si,si,si,evidencia_entregada_y_criterio_superado,"Define población, necesidad y límites || Programa sesiones y evaluación coherentes || Incluye seguridad, recursos, privacidad y calidad","Memoria, sesiones, instrumentos y presentación",no,revisar_automaticamente_antes_de_publicar,2026-08-04
tsaf_evidencia_programa_fuerza_12_semanas__tsaf-val-001,tsaf_evidencia_programa_fuerza_12_semanas,Programa progresivo de fuerza de doce semanas,evidencia_recomendada,TSAF,4,TSAF-VAL-001,Realizar entrevista inicial y cribado básico,Crear un cuestionario inicial con consentimiento y preguntas pertinentes.,Google Forms: crear encuestas y analizar respuestas,GCFAprendeLibre,https://www.youtube.com/watch?v=szlGX3MseWc,https://www.youtube-nocookie.com/embed/szlGX3MseWc?rel=0&enablejsapi=1&cc_load_policy=1,0,0,si,si,si,si,evidencia_entregada_y_criterio_superado,Formula preguntas relevantes sin convertirlas en historia clínica || Identifica riesgos y contraindicaciones declaradas || Documenta consentimiento y límites,Formulario inicial ficticio y decisión razonada,no,revisar_automaticamente_antes_de_publicar,2026-08-04
tsaf_evidencia_programa_fuerza_12_semanas__tsaf-val-002,tsaf_evidencia_programa_fuerza_12_semanas,Programa progresivo de fuerza de doce semanas,evidencia_recomendada,TSAF,5,TSAF-VAL-002,Aplicar pruebas básicas de condición física,Seleccionar pruebas y registrar resultados de forma repetible.,Cómo programar el entrenamiento de fuerza,Fit Generation,https://www.youtube.com/watch?v=eAnc33YC0n8,https://www.youtube-nocookie.com/embed/eAnc33YC0n8?rel=0&enablejsapi=1&cc_load_policy=1,0,0,si,si,si,si,evidencia_entregada_y_criterio_superado,"Elige pruebas coherentes con objetivo y perfil || Estandariza calentamiento, material y registro || Interpreta resultados sin diagnosticar",Informe de batería de pruebas con datos ficticios o propios,no,revisar_automaticamente_antes_de_publicar,2026-08-04
tsaf_evidencia_sesion_soporte_musical__tsaf-bas-004,tsaf_evidencia_sesion_soporte_musical,Sesión colectiva con soporte musical,evidencia_recomendada,TSAF,1,TSAF-BAS-004,Comunicar instrucciones de forma clara y segura,"Dar instrucciones breves, observables y seguras durante una tarea.","PhysioWods: movilidad, fisiología, gestión y comunicación profesional",PhysioWods - Ana Galeote,https://www.youtube.com/playlist?list=PLU_3vrvW7HKenS14CstIF_H5fRvnBgi6z,https://www.youtube-nocookie.com/embed/videoseries?rel=0&enablejsapi=1&cc_load_policy=1&list=PLU_3vrvW7HKenS14CstIF_H5fRvnBgi6z&listType=playlist,0,0,si,si,si,si,evidencia_entregada_y_criterio_superado,"Explica un ejercicio en menos de 60 segundos || Incluye objetivo, ejecución, respiración y error principal || Comprueba comprensión mediante demostración",Vídeo de instrucción de dos ejercicios,no,revisar_automaticamente_antes_de_publicar,2026-08-04
tsaf_evidencia_sesion_soporte_musical__tsaf-fit-003,tsaf_evidencia_sesion_soporte_musical,Sesión colectiva con soporte musical,evidencia_recomendada,TSAF,2,TSAF-FIT-003,Dirigir y adaptar una sesión individual,"Estructurar calentamiento, bloque principal, adaptaciones y vuelta a la calma.",Cómo programar el entrenamiento de fuerza,Fit Generation,https://www.youtube.com/watch?v=eAnc33YC0n8,https://www.youtube-nocookie.com/embed/eAnc33YC0n8?rel=0&enablejsapi=1&cc_load_policy=1,0,0,si,si,si,si,evidencia_entregada_y_criterio_superado,"Mantiene estructura y tiempo de sesión || Corrige sin saturar de consignas || Adapta ante fatiga, dolor declarado o material no disponible",Vídeo o registro de sesión completa,no,revisar_automaticamente_antes_de_publicar,2026-08-04
tsaf_evidencia_sesion_soporte_musical__tsaf-mus-001,tsaf_evidencia_sesion_soporte_musical,Sesión colectiva con soporte musical,evidencia_recomendada,TSAF,3,TSAF-MUS-001,"Comprender ritmo, frase musical y estructura de sesión","Reconocer ritmo, bloques musicales y estructura de una sesión colectiva.","PhysioWods: movilidad, fisiología, gestión y comunicación profesional",PhysioWods - Ana Galeote,https://www.youtube.com/playlist?list=PLU_3vrvW7HKenS14CstIF_H5fRvnBgi6z,https://www.youtube-nocookie.com/embed/videoseries?rel=0&enablejsapi=1&cc_load_policy=1&list=PLU_3vrvW7HKenS14CstIF_H5fRvnBgi6z&listType=playlist,0,0,si,si,si,si,evidencia_entregada_y_criterio_superado,"Cuenta tiempos y frases musicales || Diseña calentamiento, bloque principal y vuelta a la calma || Controla intensidad y transiciones",Guion musical y vídeo de 10 minutos,no,revisar_automaticamente_antes_de_publicar,2026-08-04
tsaf_evidencia_sesion_soporte_musical__tsaf-aqu-002,tsaf_evidencia_sesion_soporte_musical,Sesión colectiva con soporte musical,evidencia_recomendada,TSAF,4,TSAF-AQU-002,Programar y dirigir una sesión acuática,Diseñar y dirigir una sesión acuática segura.,"PhysioWods: movilidad, fisiología, gestión y comunicación profesional",PhysioWods - Ana Galeote,https://www.youtube.com/playlist?list=PLU_3vrvW7HKenS14CstIF_H5fRvnBgi6z,https://www.youtube-nocookie.com/embed/videoseries?rel=0&enablejsapi=1&cc_load_policy=1&list=PLU_3vrvW7HKenS14CstIF_H5fRvnBgi6z&listType=playlist,0,0,si,si,si,si,evidencia_entregada_y_criterio_superado,"Programa calentamiento, trabajo y vuelta a la calma || Adapta ejercicios a nivel y confianza acuática || Mantiene control visual y seguridad",Sesión acuática documentada y simulada,no,revisar_automaticamente_antes_de_publicar,2026-08-04
tsaf_evidencia_sesion_soporte_musical__tsaf-bas-005,tsaf_evidencia_sesion_soporte_musical,Sesión colectiva con soporte musical,evidencia_recomendada,TSAF,5,TSAF-BAS-005,"Distinguir alcance profesional, derivación y consentimiento","Distinguir entrenamiento, derivación sanitaria y consentimiento.","PhysioWods: movilidad, fisiología, gestión y comunicación profesional",PhysioWods - Ana Galeote,https://www.youtube.com/playlist?list=PLU_3vrvW7HKenS14CstIF_H5fRvnBgi6z,https://www.youtube-nocookie.com/embed/videoseries?rel=0&enablejsapi=1&cc_load_policy=1&list=PLU_3vrvW7HKenS14CstIF_H5fRvnBgi6z&listType=playlist,0,0,si,si,si,si,evidencia_entregada_y_criterio_superado,"Diferencia entrenamiento, valoración funcional y diagnóstico clínico || Identifica cuándo detener y derivar || Usa un consentimiento sencillo para grabación o datos",Checklist de límites y consentimiento ficticio,no,revisar_automaticamente_antes_de_publicar,2026-08-04
tsaf_evidencia_acondicionamiento_agua__tsaf-aqu-002,tsaf_evidencia_acondicionamiento_agua,Programa básico de acondicionamiento físico en el agua,evidencia_recomendada,TSAF,1,TSAF-AQU-002,Programar y dirigir una sesión acuática,Diseñar y dirigir una sesión acuática segura.,"PhysioWods: movilidad, fisiología, gestión y comunicación profesional",PhysioWods - Ana Galeote,https://www.youtube.com/playlist?list=PLU_3vrvW7HKenS14CstIF_H5fRvnBgi6z,https://www.youtube-nocookie.com/embed/videoseries?rel=0&enablejsapi=1&cc_load_policy=1&list=PLU_3vrvW7HKenS14CstIF_H5fRvnBgi6z&listType=playlist,0,0,si,si,si,si,evidencia_entregada_y_criterio_superado,"Programa calentamiento, trabajo y vuelta a la calma || Adapta ejercicios a nivel y confianza acuática || Mantiene control visual y seguridad",Sesión acuática documentada y simulada,no,revisar_automaticamente_antes_de_publicar,2026-08-04
tsaf_evidencia_acondicionamiento_agua__tsaf-aqu-001,tsaf_evidencia_acondicionamiento_agua,Programa básico de acondicionamiento físico en el agua,evidencia_recomendada,TSAF,2,TSAF-AQU-001,Aplicar propiedades del medio acuático al ejercicio,"Explicar flotación, resistencia y seguridad del medio acuático.","PhysioWods: movilidad, fisiología, gestión y comunicación profesional",PhysioWods - Ana Galeote,https://www.youtube.com/playlist?list=PLU_3vrvW7HKenS14CstIF_H5fRvnBgi6z,https://www.youtube-nocookie.com/embed/videoseries?rel=0&enablejsapi=1&cc_load_policy=1&list=PLU_3vrvW7HKenS14CstIF_H5fRvnBgi6z&listType=playlist,0,0,si,si,si,si,evidencia_entregada_y_criterio_superado,Relaciona propiedades del agua con carga y estabilidad || Selecciona profundidad y material adecuados || Identifica riesgos y protocolo de instalación,Ficha técnica de 12 ejercicios acuáticos,no,revisar_automaticamente_antes_de_publicar,2026-08-04
tsaf_evidencia_acondicionamiento_agua__tsaf-bas-005,tsaf_evidencia_acondicionamiento_agua,Programa básico de acondicionamiento físico en el agua,evidencia_recomendada,TSAF,3,TSAF-BAS-005,"Distinguir alcance profesional, derivación y consentimiento","Distinguir entrenamiento, derivación sanitaria y consentimiento.","PhysioWods: movilidad, fisiología, gestión y comunicación profesional",PhysioWods - Ana Galeote,https://www.youtube.com/playlist?list=PLU_3vrvW7HKenS14CstIF_H5fRvnBgi6z,https://www.youtube-nocookie.com/embed/videoseries?rel=0&enablejsapi=1&cc_load_policy=1&list=PLU_3vrvW7HKenS14CstIF_H5fRvnBgi6z&listType=playlist,0,0,si,si,si,si,evidencia_entregada_y_criterio_superado,"Diferencia entrenamiento, valoración funcional y diagnóstico clínico || Identifica cuándo detener y derivar || Usa un consentimiento sencillo para grabación o datos",Checklist de límites y consentimiento ficticio,no,revisar_automaticamente_antes_de_publicar,2026-08-04
tsaf_evidencia_acondicionamiento_agua__tsaf-val-001,tsaf_evidencia_acondicionamiento_agua,Programa básico de acondicionamiento físico en el agua,evidencia_recomendada,TSAF,4,TSAF-VAL-001,Realizar entrevista inicial y cribado básico,Crear un cuestionario inicial con consentimiento y preguntas pertinentes.,Google Forms: crear encuestas y analizar respuestas,GCFAprendeLibre,https://www.youtube.com/watch?v=szlGX3MseWc,https://www.youtube-nocookie.com/embed/szlGX3MseWc?rel=0&enablejsapi=1&cc_load_policy=1,0,0,si,si,si,si,evidencia_entregada_y_criterio_superado,Formula preguntas relevantes sin convertirlas en historia clínica || Identifica riesgos y contraindicaciones declaradas || Documenta consentimiento y límites,Formulario inicial ficticio y decisión razonada,no,revisar_automaticamente_antes_de_publicar,2026-08-04
tsaf_evidencia_acondicionamiento_agua__tsaf-fit-002,tsaf_evidencia_acondicionamiento_agua,Programa básico de acondicionamiento físico en el agua,evidencia_recomendada,TSAF,5,TSAF-FIT-002,"Programar fuerza, resistencia y movilidad","Programar carga, progresión y control de fuerza.",Cómo programar el entrenamiento de fuerza,Fit Generation,https://www.youtube.com/watch?v=eAnc33YC0n8,https://www.youtube-nocookie.com/embed/eAnc33YC0n8?rel=0&enablejsapi=1&cc_load_policy=1&start=85&end=3259,85,3259,si,si,si,si,evidencia_entregada_y_criterio_superado,"Formula objetivos medibles || Ajusta carga y volumen al nivel || Incluye progresión, recuperación y revisión",Programa de 8 semanas para caso ficticio,no,revisar_automaticamente_antes_de_publicar,2026-08-04
tsaf_evidencia_programa_personas_mayores__tsaf-val-002,tsaf_evidencia_programa_personas_mayores,Programa de ejercicio para personas mayores,evidencia_recomendada,TSAF,1,TSAF-VAL-002,Aplicar pruebas básicas de condición física,Seleccionar pruebas y registrar resultados de forma repetible.,Cómo programar el entrenamiento de fuerza,Fit Generation,https://www.youtube.com/watch?v=eAnc33YC0n8,https://www.youtube-nocookie.com/embed/eAnc33YC0n8?rel=0&enablejsapi=1&cc_load_policy=1,0,0,si,si,si,si,evidencia_entregada_y_criterio_superado,"Elige pruebas coherentes con objetivo y perfil || Estandariza calentamiento, material y registro || Interpreta resultados sin diagnosticar",Informe de batería de pruebas con datos ficticios o propios,no,revisar_automaticamente_antes_de_publicar,2026-08-04
tsaf_evidencia_programa_personas_mayores__tsaf-fit-001,tsaf_evidencia_programa_personas_mayores,Programa de ejercicio para personas mayores,evidencia_recomendada,TSAF,2,TSAF-FIT-001,Seleccionar ejercicios y enseñar técnica,"Seleccionar ejercicios, explicar técnica y establecer progresiones.",Cómo programar el entrenamiento de fuerza,Fit Generation,https://www.youtube.com/watch?v=eAnc33YC0n8,https://www.youtube-nocookie.com/embed/eAnc33YC0n8?rel=0&enablejsapi=1&cc_load_policy=1,0,0,si,si,si,si,evidencia_entregada_y_criterio_superado,Demuestra técnica y errores frecuentes || Propone al menos una regresión y una progresión || Justifica selección según objetivo y seguridad,Biblioteca de 20 ejercicios con fichas,no,revisar_automaticamente_antes_de_publicar,2026-08-04
tsaf_evidencia_programa_personas_mayores__tsaf-fit-002,tsaf_evidencia_programa_personas_mayores,Programa de ejercicio para personas mayores,evidencia_recomendada,TSAF,3,TSAF-FIT-002,"Programar fuerza, resistencia y movilidad","Programar carga, progresión y control de fuerza.",Cómo programar el entrenamiento de fuerza,Fit Generation,https://www.youtube.com/watch?v=eAnc33YC0n8,https://www.youtube-nocookie.com/embed/eAnc33YC0n8?rel=0&enablejsapi=1&cc_load_policy=1&start=85&end=3259,85,3259,si,si,si,si,evidencia_entregada_y_criterio_superado,"Formula objetivos medibles || Ajusta carga y volumen al nivel || Incluye progresión, recuperación y revisión",Programa de 8 semanas para caso ficticio,no,revisar_automaticamente_antes_de_publicar,2026-08-04
tsaf_evidencia_programa_personas_mayores__tsaf-hid-001,tsaf_evidencia_programa_personas_mayores,Programa de ejercicio para personas mayores,evidencia_recomendada,TSAF,4,TSAF-HID-001,Diseñar actividades de movilidad y bienestar en agua,Seleccionar movilidad y bienestar en agua según usuario.,"PhysioWods: movilidad, fisiología, gestión y comunicación profesional",PhysioWods - Ana Galeote,https://www.youtube.com/playlist?list=PLU_3vrvW7HKenS14CstIF_H5fRvnBgi6z,https://www.youtube-nocookie.com/embed/videoseries?rel=0&enablejsapi=1&cc_load_policy=1&list=PLU_3vrvW7HKenS14CstIF_H5fRvnBgi6z&listType=playlist,0,0,si,si,si,si,evidencia_entregada_y_criterio_superado,Selecciona tareas de movilidad y relajación adecuadas || Evita afirmaciones terapéuticas no respaldadas || Define criterios de seguridad y derivación,Programa de 4 sesiones para caso ficticio,no,revisar_automaticamente_antes_de_publicar,2026-08-04
tsaf_evidencia_programa_personas_mayores__tsaf-pos-002,tsaf_evidencia_programa_personas_mayores,Programa de ejercicio para personas mayores,evidencia_recomendada,TSAF,5,TSAF-POS-002,"Programar movilidad, estabilidad y mantenimiento funcional","Programar movilidad, estabilidad y mantenimiento funcional.","PhysioWods: movilidad, fisiología, gestión y comunicación profesional",PhysioWods - Ana Galeote,https://www.youtube.com/playlist?list=PLU_3vrvW7HKenS14CstIF_H5fRvnBgi6z,https://www.youtube-nocookie.com/embed/videoseries?rel=0&enablejsapi=1&cc_load_policy=1&list=PLU_3vrvW7HKenS14CstIF_H5fRvnBgi6z&listType=playlist,0,0,si,si,si,si,evidencia_entregada_y_criterio_superado,Prioriza tareas según necesidad funcional || Incluye progresiones y criterios de parada || Evalúa adherencia y evolución,Programa de 6 semanas con sesiones y registro,no,revisar_automaticamente_antes_de_publicar,2026-08-04
tsaf_evidencia_videoanalisis_kinovea__tsaf-bas-002,tsaf_evidencia_videoanalisis_kinovea,Análisis técnico de movimiento con Kinovea,evidencia_recomendada,TSAF,1,TSAF-BAS-002,Reconocer anatomía y movimientos fundamentales,"Reconocer articulaciones, movimientos y función básica en tareas de ejercicio.","PhysioWods: movilidad, fisiología, gestión y comunicación profesional",PhysioWods - Ana Galeote,https://www.youtube.com/playlist?list=PLU_3vrvW7HKenS14CstIF_H5fRvnBgi6z,https://www.youtube-nocookie.com/embed/videoseries?rel=0&enablejsapi=1&cc_load_policy=1&list=PLU_3vrvW7HKenS14CstIF_H5fRvnBgi6z&listType=playlist,0,0,si,si,si,si,evidencia_entregada_y_criterio_superado,"Identifica articulaciones y grupos musculares en 10 ejercicios || Relaciona plano y eje con movimientos comunes || Distingue patrón de sentadilla, bisagra, empuje, tracción y locomoción",Ficha visual de 10 ejercicios,no,revisar_automaticamente_antes_de_publicar,2026-08-04
tsaf_evidencia_videoanalisis_kinovea__tsaf-prj-001,tsaf_evidencia_videoanalisis_kinovea,Análisis técnico de movimiento con Kinovea,evidencia_recomendada,TSAF,2,TSAF-PRJ-001,Crear un programa integral de acondicionamiento físico,"Construir un programa integral con evaluación, progresión y revisión.",Cómo programar el entrenamiento de fuerza,Fit Generation,https://www.youtube.com/watch?v=eAnc33YC0n8,https://www.youtube-nocookie.com/embed/eAnc33YC0n8?rel=0&enablejsapi=1&cc_load_policy=1,0,0,si,si,si,si,evidencia_entregada_y_criterio_superado,"Define población, necesidad y límites || Programa sesiones y evaluación coherentes || Incluye seguridad, recursos, privacidad y calidad","Memoria, sesiones, instrumentos y presentación",no,revisar_automaticamente_antes_de_publicar,2026-08-04
tsaf_evidencia_videoanalisis_kinovea__tsaf-bas-005,tsaf_evidencia_videoanalisis_kinovea,Análisis técnico de movimiento con Kinovea,evidencia_recomendada,TSAF,3,TSAF-BAS-005,"Distinguir alcance profesional, derivación y consentimiento","Distinguir entrenamiento, derivación sanitaria y consentimiento.","PhysioWods: movilidad, fisiología, gestión y comunicación profesional",PhysioWods - Ana Galeote,https://www.youtube.com/playlist?list=PLU_3vrvW7HKenS14CstIF_H5fRvnBgi6z,https://www.youtube-nocookie.com/embed/videoseries?rel=0&enablejsapi=1&cc_load_policy=1&list=PLU_3vrvW7HKenS14CstIF_H5fRvnBgi6z&listType=playlist,0,0,si,si,si,si,evidencia_entregada_y_criterio_superado,"Diferencia entrenamiento, valoración funcional y diagnóstico clínico || Identifica cuándo detener y derivar || Usa un consentimiento sencillo para grabación o datos",Checklist de límites y consentimiento ficticio,no,revisar_automaticamente_antes_de_publicar,2026-08-04
tsaf_evidencia_plan_emergencia_dea__tsaf-aux-002,tsaf_evidencia_plan_emergencia_dea,Plan de actuación ante emergencias en una sala fitness,evidencia_recomendada,TSAF,1,TSAF-AUX-002,Aplicar RCP básica y DEA,Identificar la secuencia de RCP y uso del DEA.,Reanimación cardiopulmonar y uso del DEA,Cruz Roja Española,https://www.youtube.com/watch?v=yUsVWNTQif8,https://www.youtube-nocookie.com/embed/yUsVWNTQif8?rel=0&enablejsapi=1&cc_load_policy=1,0,0,si,si,si,si,evidencia_entregada_y_criterio_superado,Reconoce ausencia de respuesta y respiración normal || Mantiene secuencia y calidad básica de compresiones en simulación || Usa DEA siguiendo instrucciones y seguridad,Certificado práctico o evaluación presencial registrada,no,revisar_automaticamente_antes_de_publicar,2026-08-04
tsaf_evidencia_plan_emergencia_dea__tsaf-fit-001,tsaf_evidencia_plan_emergencia_dea,Plan de actuación ante emergencias en una sala fitness,evidencia_recomendada,TSAF,2,TSAF-FIT-001,Seleccionar ejercicios y enseñar técnica,"Seleccionar ejercicios, explicar técnica y establecer progresiones.",Cómo programar el entrenamiento de fuerza,Fit Generation,https://www.youtube.com/watch?v=eAnc33YC0n8,https://www.youtube-nocookie.com/embed/eAnc33YC0n8?rel=0&enablejsapi=1&cc_load_policy=1,0,0,si,si,si,si,evidencia_entregada_y_criterio_superado,Demuestra técnica y errores frecuentes || Propone al menos una regresión y una progresión || Justifica selección según objetivo y seguridad,Biblioteca de 20 ejercicios con fichas,no,revisar_automaticamente_antes_de_publicar,2026-08-04
tsaf_evidencia_plan_emergencia_dea__tsaf-bas-004,tsaf_evidencia_plan_emergencia_dea,Plan de actuación ante emergencias en una sala fitness,evidencia_recomendada,TSAF,3,TSAF-BAS-004,Comunicar instrucciones de forma clara y segura,"Dar instrucciones breves, observables y seguras durante una tarea.","PhysioWods: movilidad, fisiología, gestión y comunicación profesional",PhysioWods - Ana Galeote,https://www.youtube.com/playlist?list=PLU_3vrvW7HKenS14CstIF_H5fRvnBgi6z,https://www.youtube-nocookie.com/embed/videoseries?rel=0&enablejsapi=1&cc_load_policy=1&list=PLU_3vrvW7HKenS14CstIF_H5fRvnBgi6z&listType=playlist,0,0,si,si,si,si,evidencia_entregada_y_criterio_superado,"Explica un ejercicio en menos de 60 segundos || Incluye objetivo, ejecución, respiración y error principal || Comprueba comprensión mediante demostración",Vídeo de instrucción de dos ejercicios,no,revisar_automaticamente_antes_de_publicar,2026-08-04
tsaf_evidencia_plan_emergencia_dea__tsaf-bas-005,tsaf_evidencia_plan_emergencia_dea,Plan de actuación ante emergencias en una sala fitness,evidencia_recomendada,TSAF,4,TSAF-BAS-005,"Distinguir alcance profesional, derivación y consentimiento","Distinguir entrenamiento, derivación sanitaria y consentimiento.","PhysioWods: movilidad, fisiología, gestión y comunicación profesional",PhysioWods - Ana Galeote,https://www.youtube.com/playlist?list=PLU_3vrvW7HKenS14CstIF_H5fRvnBgi6z,https://www.youtube-nocookie.com/embed/videoseries?rel=0&enablejsapi=1&cc_load_policy=1&list=PLU_3vrvW7HKenS14CstIF_H5fRvnBgi6z&listType=playlist,0,0,si,si,si,si,evidencia_entregada_y_criterio_superado,"Diferencia entrenamiento, valoración funcional y diagnóstico clínico || Identifica cuándo detener y derivar || Usa un consentimiento sencillo para grabación o datos",Checklist de límites y consentimiento ficticio,no,revisar_automaticamente_antes_de_publicar,2026-08-04
tsaf_evidencia_plan_emergencia_dea__tsaf-ges-001,tsaf_evidencia_plan_emergencia_dea,Plan de actuación ante emergencias en una sala fitness,evidencia_recomendada,TSAF,5,TSAF-GES-001,"Organizar recursos, calidad y seguridad de una instalación","Definir recursos, riesgos, calidad y operación básica de un centro.","PhysioWods: movilidad, fisiología, gestión y comunicación profesional",PhysioWods - Ana Galeote,https://www.youtube.com/playlist?list=PLU_3vrvW7HKenS14CstIF_H5fRvnBgi6z,https://www.youtube-nocookie.com/embed/videoseries?rel=0&enablejsapi=1&cc_load_policy=1&list=PLU_3vrvW7HKenS14CstIF_H5fRvnBgi6z&listType=playlist,0,0,si,si,si,si,evidencia_entregada_y_criterio_superado,Completa inspección de seguridad y accesibilidad || Define procedimiento de incidencia y mantenimiento || Propone indicadores de calidad y satisfacción,Auditoría de instalación real o simulada,no,revisar_automaticamente_antes_de_publicar,2026-08-04
tsaf_evidencia_servicio_entrenamiento_personal__tsaf-prj-001,tsaf_evidencia_servicio_entrenamiento_personal,Servicio completo de entrenamiento personal,evidencia_recomendada,TSAF,1,TSAF-PRJ-001,Crear un programa integral de acondicionamiento físico,"Construir un programa integral con evaluación, progresión y revisión.",Cómo programar el entrenamiento de fuerza,Fit Generation,https://www.youtube.com/watch?v=eAnc33YC0n8,https://www.youtube-nocookie.com/embed/eAnc33YC0n8?rel=0&enablejsapi=1&cc_load_policy=1,0,0,si,si,si,si,evidencia_entregada_y_criterio_superado,"Define población, necesidad y límites || Programa sesiones y evaluación coherentes || Incluye seguridad, recursos, privacidad y calidad","Memoria, sesiones, instrumentos y presentación",no,revisar_automaticamente_antes_de_publicar,2026-08-04
tsaf_evidencia_servicio_entrenamiento_personal__tsaf-bas-001,tsaf_evidencia_servicio_entrenamiento_personal,Servicio completo de entrenamiento personal,evidencia_recomendada,TSAF,2,TSAF-BAS-001,"Organizar archivos, formularios y hojas de cálculo","Crear fichas, registros y tablas para sesiones y usuarios.",Curso completo de Excel,A2 Capacitación: Excel,https://www.youtube.com/watch?v=m8i4fMUCpK0,https://www.youtube-nocookie.com/embed/m8i4fMUCpK0?rel=0&enablejsapi=1&cc_load_policy=1&end=2107,0,2107,si,si,si,si,evidencia_entregada_y_criterio_superado,Crea una estructura de carpetas por usuario y programa ficticio || Registra datos en una hoja sin duplicados || Explica cómo protege y elimina información sensible,Plantilla organizada con datos ficticios,no,revisar_automaticamente_antes_de_publicar,2026-08-04
tsaf_evidencia_servicio_entrenamiento_personal__tsaf-bas-004,tsaf_evidencia_servicio_entrenamiento_personal,Servicio completo de entrenamiento personal,evidencia_recomendada,TSAF,3,TSAF-BAS-004,Comunicar instrucciones de forma clara y segura,"Dar instrucciones breves, observables y seguras durante una tarea.","PhysioWods: movilidad, fisiología, gestión y comunicación profesional",PhysioWods - Ana Galeote,https://www.youtube.com/playlist?list=PLU_3vrvW7HKenS14CstIF_H5fRvnBgi6z,https://www.youtube-nocookie.com/embed/videoseries?rel=0&enablejsapi=1&cc_load_policy=1&list=PLU_3vrvW7HKenS14CstIF_H5fRvnBgi6z&listType=playlist,0,0,si,si,si,si,evidencia_entregada_y_criterio_superado,"Explica un ejercicio en menos de 60 segundos || Incluye objetivo, ejecución, respiración y error principal || Comprueba comprensión mediante demostración",Vídeo de instrucción de dos ejercicios,no,revisar_automaticamente_antes_de_publicar,2026-08-04
tsaf_evidencia_servicio_entrenamiento_personal__tsaf-val-003,tsaf_evidencia_servicio_entrenamiento_personal,Servicio completo de entrenamiento personal,evidencia_recomendada,TSAF,4,TSAF-VAL-003,Registrar y analizar evolución,Crear tablas dinámicas y gráficos de evolución.,Curso completo de Excel,A2 Capacitación: Excel,https://www.youtube.com/watch?v=m8i4fMUCpK0,https://www.youtube-nocookie.com/embed/m8i4fMUCpK0?rel=0&enablejsapi=1&cc_load_policy=1&start=2107&end=3398,2107,3398,si,si,si,si,evidencia_entregada_y_criterio_superado,"Calcula cambios y tendencias correctamente || Diferencia medición, interpretación y recomendación || Presenta datos comprensibles para la persona usuaria",Dashboard o informe de evolución,no,revisar_automaticamente_antes_de_publicar,2026-08-04
tsaf_evidencia_servicio_entrenamiento_personal__tsaf-dig-001,tsaf_evidencia_servicio_entrenamiento_personal,Servicio completo de entrenamiento personal,evidencia_recomendada,TSAF,5,TSAF-DIG-001,Usar tecnología y datos en seguimiento sin invadir privacidad,Analizar datos de seguimiento sin convertirlos en diagnóstico.,Curso completo de Excel,A2 Capacitación: Excel,https://www.youtube.com/watch?v=m8i4fMUCpK0,https://www.youtube-nocookie.com/embed/m8i4fMUCpK0?rel=0&enablejsapi=1&cc_load_policy=1&start=2107&end=3398,2107,3398,si,si,si,si,evidencia_entregada_y_criterio_superado,"Diferencia dato medido, estimado e inferido || Configura privacidad y minimización de datos || Justifica herramienta según objetivo y usuario",Comparativa de dos herramientas con protocolo de uso,no,revisar_automaticamente_antes_de_publicar,2026-08-04
tsaf_ies_pedro_antonio_alarcon__tsaf-emp-001,tsaf_ies_pedro_antonio_alarcon,IES Pedro Antonio de Alarcón,instituto,TSAF,1,TSAF-EMP-001,Preparar candidatura profesional en fitness y deporte,"Preparar CV, certificados, planificaciones y evidencias compartibles.","Curso completo de Google Drive: organizar, compartir y colaborar",Carlos Cortés Academy,https://www.youtube.com/watch?v=xBaRjZUVSgc,https://www.youtube-nocookie.com/embed/xBaRjZUVSgc?rel=0&enablejsapi=1&cc_load_policy=1,0,0,si,si,si,si,evidencia_entregada_y_criterio_superado,CV adaptado a un puesto real || Portfolio con dos sesiones y una valoración ficticia || Matriz de requisitos y límites profesionales,"CV, portfolio y matriz de brechas",no,revisar_automaticamente_antes_de_publicar,2026-08-04
tsaf_ies_pedro_antonio_alarcon__tsaf-bas-005,tsaf_ies_pedro_antonio_alarcon,IES Pedro Antonio de Alarcón,instituto,TSAF,2,TSAF-BAS-005,"Distinguir alcance profesional, derivación y consentimiento","Distinguir entrenamiento, derivación sanitaria y consentimiento.","PhysioWods: movilidad, fisiología, gestión y comunicación profesional",PhysioWods - Ana Galeote,https://www.youtube.com/playlist?list=PLU_3vrvW7HKenS14CstIF_H5fRvnBgi6z,https://www.youtube-nocookie.com/embed/videoseries?rel=0&enablejsapi=1&cc_load_policy=1&list=PLU_3vrvW7HKenS14CstIF_H5fRvnBgi6z&listType=playlist,0,0,si,si,si,si,evidencia_entregada_y_criterio_superado,"Diferencia entrenamiento, valoración funcional y diagnóstico clínico || Identifica cuándo detener y derivar || Usa un consentimiento sencillo para grabación o datos",Checklist de límites y consentimiento ficticio,no,revisar_automaticamente_antes_de_publicar,2026-08-04
tsaf_centro_1sport_granada__tsaf-emp-001,tsaf_centro_1sport_granada,1 Sport Granada,instituto,TSAF,1,TSAF-EMP-001,Preparar candidatura profesional en fitness y deporte,"Preparar CV, certificados, planificaciones y evidencias compartibles.","Curso completo de Google Drive: organizar, compartir y colaborar",Carlos Cortés Academy,https://www.youtube.com/watch?v=xBaRjZUVSgc,https://www.youtube-nocookie.com/embed/xBaRjZUVSgc?rel=0&enablejsapi=1&cc_load_policy=1,0,0,si,si,si,si,evidencia_entregada_y_criterio_superado,CV adaptado a un puesto real || Portfolio con dos sesiones y una valoración ficticia || Matriz de requisitos y límites profesionales,"CV, portfolio y matriz de brechas",no,revisar_automaticamente_antes_de_publicar,2026-08-04
tsaf_centro_1sport_granada__tsaf-bas-005,tsaf_centro_1sport_granada,1 Sport Granada,instituto,TSAF,2,TSAF-BAS-005,"Distinguir alcance profesional, derivación y consentimiento","Distinguir entrenamiento, derivación sanitaria y consentimiento.","PhysioWods: movilidad, fisiología, gestión y comunicación profesional",PhysioWods - Ana Galeote,https://www.youtube.com/playlist?list=PLU_3vrvW7HKenS14CstIF_H5fRvnBgi6z,https://www.youtube-nocookie.com/embed/videoseries?rel=0&enablejsapi=1&cc_load_policy=1&list=PLU_3vrvW7HKenS14CstIF_H5fRvnBgi6z&listType=playlist,0,0,si,si,si,si,evidencia_entregada_y_criterio_superado,"Diferencia entrenamiento, valoración funcional y diagnóstico clínico || Identifica cuándo detener y derivar || Usa un consentimiento sencillo para grabación o datos",Checklist de límites y consentimiento ficticio,no,revisar_automaticamente_antes_de_publicar,2026-08-04
tsaf_medac_granada__tsaf-ges-001,tsaf_medac_granada,MEDAC Granada Rosaleda,instituto,TSAF,1,TSAF-GES-001,"Organizar recursos, calidad y seguridad de una instalación","Definir recursos, riesgos, calidad y operación básica de un centro.","PhysioWods: movilidad, fisiología, gestión y comunicación profesional",PhysioWods - Ana Galeote,https://www.youtube.com/playlist?list=PLU_3vrvW7HKenS14CstIF_H5fRvnBgi6z,https://www.youtube-nocookie.com/embed/videoseries?rel=0&enablejsapi=1&cc_load_policy=1&list=PLU_3vrvW7HKenS14CstIF_H5fRvnBgi6z&listType=playlist,0,0,si,si,si,si,evidencia_entregada_y_criterio_superado,Completa inspección de seguridad y accesibilidad || Define procedimiento de incidencia y mantenimiento || Propone indicadores de calidad y satisfacción,Auditoría de instalación real o simulada,no,revisar_automaticamente_antes_de_publicar,2026-08-04
tsaf_medac_granada__tsaf-sus-001,tsaf_medac_granada,MEDAC Granada Rosaleda,instituto,TSAF,2,TSAF-SUS-001,Aplicar sostenibilidad a servicios deportivos,"Detectar consumos, residuos y mejoras sostenibles de un servicio deportivo.","PhysioWods: movilidad, fisiología, gestión y comunicación profesional",PhysioWods - Ana Galeote,https://www.youtube.com/playlist?list=PLU_3vrvW7HKenS14CstIF_H5fRvnBgi6z,https://www.youtube-nocookie.com/embed/videoseries?rel=0&enablejsapi=1&cc_load_policy=1&list=PLU_3vrvW7HKenS14CstIF_H5fRvnBgi6z&listType=playlist,0,0,si,si,si,si,evidencia_entregada_y_criterio_superado,Identifica impactos de una instalación o evento || Propone tres medidas medibles || Incluye impacto social y accesibilidad,Plan de mejora sostenible,no,revisar_automaticamente_antes_de_publicar,2026-08-04
tsaf_medac_granada__tsaf-emp-001,tsaf_medac_granada,MEDAC Granada Rosaleda,instituto,TSAF,3,TSAF-EMP-001,Preparar candidatura profesional en fitness y deporte,"Preparar CV, certificados, planificaciones y evidencias compartibles.","Curso completo de Google Drive: organizar, compartir y colaborar",Carlos Cortés Academy,https://www.youtube.com/watch?v=xBaRjZUVSgc,https://www.youtube-nocookie.com/embed/xBaRjZUVSgc?rel=0&enablejsapi=1&cc_load_policy=1,0,0,si,si,si,si,evidencia_entregada_y_criterio_superado,CV adaptado a un puesto real || Portfolio con dos sesiones y una valoración ficticia || Matriz de requisitos y límites profesionales,"CV, portfolio y matriz de brechas",no,revisar_automaticamente_antes_de_publicar,2026-08-04
tsaf_medac_granada__tsaf-bas-005,tsaf_medac_granada,MEDAC Granada Rosaleda,instituto,TSAF,4,TSAF-BAS-005,"Distinguir alcance profesional, derivación y consentimiento","Distinguir entrenamiento, derivación sanitaria y consentimiento.","PhysioWods: movilidad, fisiología, gestión y comunicación profesional",PhysioWods - Ana Galeote,https://www.youtube.com/playlist?list=PLU_3vrvW7HKenS14CstIF_H5fRvnBgi6z,https://www.youtube-nocookie.com/embed/videoseries?rel=0&enablejsapi=1&cc_load_policy=1&list=PLU_3vrvW7HKenS14CstIF_H5fRvnBgi6z&listType=playlist,0,0,si,si,si,si,evidencia_entregada_y_criterio_superado,"Diferencia entrenamiento, valoración funcional y diagnóstico clínico || Identifica cuándo detener y derivar || Usa un consentimiento sencillo para grabación o datos",Checklist de límites y consentimiento ficticio,no,revisar_automaticamente_antes_de_publicar,2026-08-04
tsaf_davante_granada__tsaf-emp-001,tsaf_davante_granada,Davante Granada,instituto,TSAF,1,TSAF-EMP-001,Preparar candidatura profesional en fitness y deporte,"Preparar CV, certificados, planificaciones y evidencias compartibles.","Curso completo de Google Drive: organizar, compartir y colaborar",Carlos Cortés Academy,https://www.youtube.com/watch?v=xBaRjZUVSgc,https://www.youtube-nocookie.com/embed/xBaRjZUVSgc?rel=0&enablejsapi=1&cc_load_policy=1,0,0,si,si,si,si,evidencia_entregada_y_criterio_superado,CV adaptado a un puesto real || Portfolio con dos sesiones y una valoración ficticia || Matriz de requisitos y límites profesionales,"CV, portfolio y matriz de brechas",no,revisar_automaticamente_antes_de_publicar,2026-08-04
tsaf_davante_granada__tsaf-bas-005,tsaf_davante_granada,Davante Granada,instituto,TSAF,2,TSAF-BAS-005,"Distinguir alcance profesional, derivación y consentimiento","Distinguir entrenamiento, derivación sanitaria y consentimiento.","PhysioWods: movilidad, fisiología, gestión y comunicación profesional",PhysioWods - Ana Galeote,https://www.youtube.com/playlist?list=PLU_3vrvW7HKenS14CstIF_H5fRvnBgi6z,https://www.youtube-nocookie.com/embed/videoseries?rel=0&enablejsapi=1&cc_load_policy=1&list=PLU_3vrvW7HKenS14CstIF_H5fRvnBgi6z&listType=playlist,0,0,si,si,si,si,evidencia_entregada_y_criterio_superado,"Diferencia entrenamiento, valoración funcional y diagnóstico clínico || Identifica cuándo detener y derivar || Usa un consentimiento sencillo para grabación o datos",Checklist de límites y consentimiento ficticio,no,revisar_automaticamente_antes_de_publicar,2026-08-04
tsaf_reina_isabel_granada__tsaf-emp-001,tsaf_reina_isabel_granada,Centro de Formación Internacional Reina Isabel,instituto,TSAF,1,TSAF-EMP-001,Preparar candidatura profesional en fitness y deporte,"Preparar CV, certificados, planificaciones y evidencias compartibles.","Curso completo de Google Drive: organizar, compartir y colaborar",Carlos Cortés Academy,https://www.youtube.com/watch?v=xBaRjZUVSgc,https://www.youtube-nocookie.com/embed/xBaRjZUVSgc?rel=0&enablejsapi=1&cc_load_policy=1,0,0,si,si,si,si,evidencia_entregada_y_criterio_superado,CV adaptado a un puesto real || Portfolio con dos sesiones y una valoración ficticia || Matriz de requisitos y límites profesionales,"CV, portfolio y matriz de brechas",no,revisar_automaticamente_antes_de_publicar,2026-08-04
tsaf_reina_isabel_granada__tsaf-bas-005,tsaf_reina_isabel_granada,Centro de Formación Internacional Reina Isabel,instituto,TSAF,2,TSAF-BAS-005,"Distinguir alcance profesional, derivación y consentimiento","Distinguir entrenamiento, derivación sanitaria y consentimiento.","PhysioWods: movilidad, fisiología, gestión y comunicación profesional",PhysioWods - Ana Galeote,https://www.youtube.com/playlist?list=PLU_3vrvW7HKenS14CstIF_H5fRvnBgi6z,https://www.youtube-nocookie.com/embed/videoseries?rel=0&enablejsapi=1&cc_load_policy=1&list=PLU_3vrvW7HKenS14CstIF_H5fRvnBgi6z&listType=playlist,0,0,si,si,si,si,evidencia_entregada_y_criterio_superado,"Diferencia entrenamiento, valoración funcional y diagnóstico clínico || Identifica cuándo detener y derivar || Usa un consentimiento sencillo para grabación o datos",Checklist de límites y consentimiento ficticio,no,revisar_automaticamente_antes_de_publicar,2026-08-04
tsaf_efa_el_soto_chauchina__tsaf-emp-001,tsaf_efa_el_soto_chauchina,EFA El Soto,instituto,TSAF,1,TSAF-EMP-001,Preparar candidatura profesional en fitness y deporte,"Preparar CV, certificados, planificaciones y evidencias compartibles.","Curso completo de Google Drive: organizar, compartir y colaborar",Carlos Cortés Academy,https://www.youtube.com/watch?v=xBaRjZUVSgc,https://www.youtube-nocookie.com/embed/xBaRjZUVSgc?rel=0&enablejsapi=1&cc_load_policy=1,0,0,si,si,si,si,evidencia_entregada_y_criterio_superado,CV adaptado a un puesto real || Portfolio con dos sesiones y una valoración ficticia || Matriz de requisitos y límites profesionales,"CV, portfolio y matriz de brechas",no,revisar_automaticamente_antes_de_publicar,2026-08-04
tsaf_efa_el_soto_chauchina__tsaf-bas-005,tsaf_efa_el_soto_chauchina,EFA El Soto,instituto,TSAF,2,TSAF-BAS-005,"Distinguir alcance profesional, derivación y consentimiento","Distinguir entrenamiento, derivación sanitaria y consentimiento.","PhysioWods: movilidad, fisiología, gestión y comunicación profesional",PhysioWods - Ana Galeote,https://www.youtube.com/playlist?list=PLU_3vrvW7HKenS14CstIF_H5fRvnBgi6z,https://www.youtube-nocookie.com/embed/videoseries?rel=0&enablejsapi=1&cc_load_policy=1&list=PLU_3vrvW7HKenS14CstIF_H5fRvnBgi6z&listType=playlist,0,0,si,si,si,si,evidencia_entregada_y_criterio_superado,"Diferencia entrenamiento, valoración funcional y diagnóstico clínico || Identifica cuándo detener y derivar || Usa un consentimiento sencillo para grabación o datos",Checklist de límites y consentimiento ficticio,no,revisar_automaticamente_antes_de_publicar,2026-08-04
tsaf_ies_hermenegildo_lanz_colaborador_2026__tsaf-emp-001,tsaf_ies_hermenegildo_lanz_colaborador_2026,IES Politécnico Hermenegildo Lanz,instituto,TSAF,1,TSAF-EMP-001,Preparar candidatura profesional en fitness y deporte,"Preparar CV, certificados, planificaciones y evidencias compartibles.","Curso completo de Google Drive: organizar, compartir y colaborar",Carlos Cortés Academy,https://www.youtube.com/watch?v=xBaRjZUVSgc,https://www.youtube-nocookie.com/embed/xBaRjZUVSgc?rel=0&enablejsapi=1&cc_load_policy=1,0,0,si,si,si,si,evidencia_entregada_y_criterio_superado,CV adaptado a un puesto real || Portfolio con dos sesiones y una valoración ficticia || Matriz de requisitos y límites profesionales,"CV, portfolio y matriz de brechas",no,revisar_automaticamente_antes_de_publicar,2026-08-04
tsaf_ies_hermenegildo_lanz_colaborador_2026__tsaf-bas-005,tsaf_ies_hermenegildo_lanz_colaborador_2026,IES Politécnico Hermenegildo Lanz,instituto,TSAF,2,TSAF-BAS-005,"Distinguir alcance profesional, derivación y consentimiento","Distinguir entrenamiento, derivación sanitaria y consentimiento.","PhysioWods: movilidad, fisiología, gestión y comunicación profesional",PhysioWods - Ana Galeote,https://www.youtube.com/playlist?list=PLU_3vrvW7HKenS14CstIF_H5fRvnBgi6z,https://www.youtube-nocookie.com/embed/videoseries?rel=0&enablejsapi=1&cc_load_policy=1&list=PLU_3vrvW7HKenS14CstIF_H5fRvnBgi6z&listType=playlist,0,0,si,si,si,si,evidencia_entregada_y_criterio_superado,"Diferencia entrenamiento, valoración funcional y diagnóstico clínico || Identifica cuándo detener y derivar || Usa un consentimiento sencillo para grabación o datos",Checklist de límites y consentimiento ficticio,no,revisar_automaticamente_antes_de_publicar,2026-08-04
tsaf_facultad_ciencias_deporte_ugr__tsaf-ges-001,tsaf_facultad_ciencias_deporte_ugr,Facultad de Ciencias del Deporte de la UGR,instituto,TSAF,1,TSAF-GES-001,"Organizar recursos, calidad y seguridad de una instalación","Definir recursos, riesgos, calidad y operación básica de un centro.","PhysioWods: movilidad, fisiología, gestión y comunicación profesional",PhysioWods - Ana Galeote,https://www.youtube.com/playlist?list=PLU_3vrvW7HKenS14CstIF_H5fRvnBgi6z,https://www.youtube-nocookie.com/embed/videoseries?rel=0&enablejsapi=1&cc_load_policy=1&list=PLU_3vrvW7HKenS14CstIF_H5fRvnBgi6z&listType=playlist,0,0,si,si,si,si,evidencia_entregada_y_criterio_superado,Completa inspección de seguridad y accesibilidad || Define procedimiento de incidencia y mantenimiento || Propone indicadores de calidad y satisfacción,Auditoría de instalación real o simulada,no,revisar_automaticamente_antes_de_publicar,2026-08-04
tsaf_facultad_ciencias_deporte_ugr__tsaf-emp-001,tsaf_facultad_ciencias_deporte_ugr,Facultad de Ciencias del Deporte de la UGR,instituto,TSAF,2,TSAF-EMP-001,Preparar candidatura profesional en fitness y deporte,"Preparar CV, certificados, planificaciones y evidencias compartibles.","Curso completo de Google Drive: organizar, compartir y colaborar",Carlos Cortés Academy,https://www.youtube.com/watch?v=xBaRjZUVSgc,https://www.youtube-nocookie.com/embed/xBaRjZUVSgc?rel=0&enablejsapi=1&cc_load_policy=1,0,0,si,si,si,si,evidencia_entregada_y_criterio_superado,CV adaptado a un puesto real || Portfolio con dos sesiones y una valoración ficticia || Matriz de requisitos y límites profesionales,"CV, portfolio y matriz de brechas",no,revisar_automaticamente_antes_de_publicar,2026-08-04
tsaf_facultad_ciencias_deporte_ugr__tsaf-bas-005,tsaf_facultad_ciencias_deporte_ugr,Facultad de Ciencias del Deporte de la UGR,instituto,TSAF,3,TSAF-BAS-005,"Distinguir alcance profesional, derivación y consentimiento","Distinguir entrenamiento, derivación sanitaria y consentimiento.","PhysioWods: movilidad, fisiología, gestión y comunicación profesional",PhysioWods - Ana Galeote,https://www.youtube.com/playlist?list=PLU_3vrvW7HKenS14CstIF_H5fRvnBgi6z,https://www.youtube-nocookie.com/embed/videoseries?rel=0&enablejsapi=1&cc_load_policy=1&list=PLU_3vrvW7HKenS14CstIF_H5fRvnBgi6z&listType=playlist,0,0,si,si,si,si,evidencia_entregada_y_criterio_superado,"Diferencia entrenamiento, valoración funcional y diagnóstico clínico || Identifica cuándo detener y derivar || Usa un consentimiento sencillo para grabación o datos",Checklist de límites y consentimiento ficticio,no,revisar_automaticamente_antes_de_publicar,2026-08-04
tsaf_camd_granada__tsaf-bas-003,tsaf_camd_granada,Centro Andaluz de Medicina del Deporte en Granada,instituto,TSAF,1,TSAF-BAS-003,Comprender respuestas básicas al ejercicio,"Relacionar esfuerzo, respuesta fisiológica, recuperación y adaptaciones al ejercicio.",Fisiología del ejercicio — Parte II,Facultad de Ciencias Médicas,https://www.youtube.com/watch?v=ga88pqiForY,https://www.youtube-nocookie.com/embed/ga88pqiForY?rel=0&enablejsapi=1&cc_load_policy=1,0,0,si,si,si,si,evidencia_entregada_y_criterio_superado,Explica respuesta aguda y adaptación crónica || Calcula zonas orientativas sin presentarlas como diagnóstico || Reconoce señales para detener actividad y derivar,Resumen aplicado a tres perfiles ficticios,no,revisar_automaticamente_antes_de_publicar,2026-08-04
tsaf_camd_granada__tsaf-val-001,tsaf_camd_granada,Centro Andaluz de Medicina del Deporte en Granada,instituto,TSAF,2,TSAF-VAL-001,Realizar entrevista inicial y cribado básico,Crear un cuestionario inicial con consentimiento y preguntas pertinentes.,Google Forms: crear encuestas y analizar respuestas,GCFAprendeLibre,https://www.youtube.com/watch?v=szlGX3MseWc,https://www.youtube-nocookie.com/embed/szlGX3MseWc?rel=0&enablejsapi=1&cc_load_policy=1,0,0,si,si,si,si,evidencia_entregada_y_criterio_superado,Formula preguntas relevantes sin convertirlas en historia clínica || Identifica riesgos y contraindicaciones declaradas || Documenta consentimiento y límites,Formulario inicial ficticio y decisión razonada,no,revisar_automaticamente_antes_de_publicar,2026-08-04
tsaf_camd_granada__tsaf-ges-002,tsaf_camd_granada,Centro Andaluz de Medicina del Deporte en Granada,instituto,TSAF,3,TSAF-GES-002,Diseñar y ejecutar un evento de actividad física,"Planificar tareas, documentos, responsables y evidencias de un evento.","Curso completo de Google Drive: organizar, compartir y colaborar",Carlos Cortés Academy,https://www.youtube.com/watch?v=xBaRjZUVSgc,https://www.youtube-nocookie.com/embed/xBaRjZUVSgc?rel=0&enablejsapi=1&cc_load_policy=1,0,0,si,si,si,si,evidencia_entregada_y_criterio_superado,"Cronograma, roles y recursos están definidos || Existe plan de seguridad y contingencia || Se mide participación, satisfacción y resultados",Dossier completo de evento,no,revisar_automaticamente_antes_de_publicar,2026-08-04
tsaf_camd_granada__tsaf-val-002,tsaf_camd_granada,Centro Andaluz de Medicina del Deporte en Granada,instituto,TSAF,4,TSAF-VAL-002,Aplicar pruebas básicas de condición física,Seleccionar pruebas y registrar resultados de forma repetible.,Cómo programar el entrenamiento de fuerza,Fit Generation,https://www.youtube.com/watch?v=eAnc33YC0n8,https://www.youtube-nocookie.com/embed/eAnc33YC0n8?rel=0&enablejsapi=1&cc_load_policy=1,0,0,si,si,si,si,evidencia_entregada_y_criterio_superado,"Elige pruebas coherentes con objetivo y perfil || Estandariza calentamiento, material y registro || Interpreta resultados sin diagnosticar",Informe de batería de pruebas con datos ficticios o propios,no,revisar_automaticamente_antes_de_publicar,2026-08-04
tsaf_camd_granada__tsaf-ges-001,tsaf_camd_granada,Centro Andaluz de Medicina del Deporte en Granada,instituto,TSAF,5,TSAF-GES-001,"Organizar recursos, calidad y seguridad de una instalación","Definir recursos, riesgos, calidad y operación básica de un centro.","PhysioWods: movilidad, fisiología, gestión y comunicación profesional",PhysioWods - Ana Galeote,https://www.youtube.com/playlist?list=PLU_3vrvW7HKenS14CstIF_H5fRvnBgi6z,https://www.youtube-nocookie.com/embed/videoseries?rel=0&enablejsapi=1&cc_load_policy=1&list=PLU_3vrvW7HKenS14CstIF_H5fRvnBgi6z&listType=playlist,0,0,si,si,si,si,evidencia_entregada_y_criterio_superado,Completa inspección de seguridad y accesibilidad || Define procedimiento de incidencia y mantenimiento || Propone indicadores de calidad y satisfacción,Auditoría de instalación real o simulada,no,revisar_automaticamente_antes_de_publicar,2026-08-04
tsaf_diputacion_deportes_granada__tsaf-ges-001,tsaf_diputacion_deportes_granada,Área de Deportes de la Diputación de Granada,instituto,TSAF,1,TSAF-GES-001,"Organizar recursos, calidad y seguridad de una instalación","Definir recursos, riesgos, calidad y operación básica de un centro.","PhysioWods: movilidad, fisiología, gestión y comunicación profesional",PhysioWods - Ana Galeote,https://www.youtube.com/playlist?list=PLU_3vrvW7HKenS14CstIF_H5fRvnBgi6z,https://www.youtube-nocookie.com/embed/videoseries?rel=0&enablejsapi=1&cc_load_policy=1&list=PLU_3vrvW7HKenS14CstIF_H5fRvnBgi6z&listType=playlist,0,0,si,si,si,si,evidencia_entregada_y_criterio_superado,Completa inspección de seguridad y accesibilidad || Define procedimiento de incidencia y mantenimiento || Propone indicadores de calidad y satisfacción,Auditoría de instalación real o simulada,no,revisar_automaticamente_antes_de_publicar,2026-08-04
tsaf_diputacion_deportes_granada__tsaf-sus-001,tsaf_diputacion_deportes_granada,Área de Deportes de la Diputación de Granada,instituto,TSAF,2,TSAF-SUS-001,Aplicar sostenibilidad a servicios deportivos,"Detectar consumos, residuos y mejoras sostenibles de un servicio deportivo.","PhysioWods: movilidad, fisiología, gestión y comunicación profesional",PhysioWods - Ana Galeote,https://www.youtube.com/playlist?list=PLU_3vrvW7HKenS14CstIF_H5fRvnBgi6z,https://www.youtube-nocookie.com/embed/videoseries?rel=0&enablejsapi=1&cc_load_policy=1&list=PLU_3vrvW7HKenS14CstIF_H5fRvnBgi6z&listType=playlist,0,0,si,si,si,si,evidencia_entregada_y_criterio_superado,Identifica impactos de una instalación o evento || Propone tres medidas medibles || Incluye impacto social y accesibilidad,Plan de mejora sostenible,no,revisar_automaticamente_antes_de_publicar,2026-08-04
tsaf_diputacion_deportes_granada__tsaf-emp-001,tsaf_diputacion_deportes_granada,Área de Deportes de la Diputación de Granada,instituto,TSAF,3,TSAF-EMP-001,Preparar candidatura profesional en fitness y deporte,"Preparar CV, certificados, planificaciones y evidencias compartibles.","Curso completo de Google Drive: organizar, compartir y colaborar",Carlos Cortés Academy,https://www.youtube.com/watch?v=xBaRjZUVSgc,https://www.youtube-nocookie.com/embed/xBaRjZUVSgc?rel=0&enablejsapi=1&cc_load_policy=1,0,0,si,si,si,si,evidencia_entregada_y_criterio_superado,CV adaptado a un puesto real || Portfolio con dos sesiones y una valoración ficticia || Matriz de requisitos y límites profesionales,"CV, portfolio y matriz de brechas",no,revisar_automaticamente_antes_de_publicar,2026-08-04
tsaf_diputacion_deportes_granada__tsaf-bas-005,tsaf_diputacion_deportes_granada,Área de Deportes de la Diputación de Granada,instituto,TSAF,4,TSAF-BAS-005,"Distinguir alcance profesional, derivación y consentimiento","Distinguir entrenamiento, derivación sanitaria y consentimiento.","PhysioWods: movilidad, fisiología, gestión y comunicación profesional",PhysioWods - Ana Galeote,https://www.youtube.com/playlist?list=PLU_3vrvW7HKenS14CstIF_H5fRvnBgi6z,https://www.youtube-nocookie.com/embed/videoseries?rel=0&enablejsapi=1&cc_load_policy=1&list=PLU_3vrvW7HKenS14CstIF_H5fRvnBgi6z&listType=playlist,0,0,si,si,si,si,evidencia_entregada_y_criterio_superado,"Diferencia entrenamiento, valoración funcional y diagnóstico clínico || Identifica cuándo detener y derivar || Usa un consentimiento sencillo para grabación o datos",Checklist de límites y consentimiento ficticio,no,revisar_automaticamente_antes_de_publicar,2026-08-04
tsaf_concejalia_deportes_granada__tsaf-ges-001,tsaf_concejalia_deportes_granada,Concejalía de Deportes de Granada,instituto,TSAF,1,TSAF-GES-001,"Organizar recursos, calidad y seguridad de una instalación","Definir recursos, riesgos, calidad y operación básica de un centro.","PhysioWods: movilidad, fisiología, gestión y comunicación profesional",PhysioWods - Ana Galeote,https://www.youtube.com/playlist?list=PLU_3vrvW7HKenS14CstIF_H5fRvnBgi6z,https://www.youtube-nocookie.com/embed/videoseries?rel=0&enablejsapi=1&cc_load_policy=1&list=PLU_3vrvW7HKenS14CstIF_H5fRvnBgi6z&listType=playlist,0,0,si,si,si,si,evidencia_entregada_y_criterio_superado,Completa inspección de seguridad y accesibilidad || Define procedimiento de incidencia y mantenimiento || Propone indicadores de calidad y satisfacción,Auditoría de instalación real o simulada,no,revisar_automaticamente_antes_de_publicar,2026-08-04
tsaf_concejalia_deportes_granada__tsaf-sus-001,tsaf_concejalia_deportes_granada,Concejalía de Deportes de Granada,instituto,TSAF,2,TSAF-SUS-001,Aplicar sostenibilidad a servicios deportivos,"Detectar consumos, residuos y mejoras sostenibles de un servicio deportivo.","PhysioWods: movilidad, fisiología, gestión y comunicación profesional",PhysioWods - Ana Galeote,https://www.youtube.com/playlist?list=PLU_3vrvW7HKenS14CstIF_H5fRvnBgi6z,https://www.youtube-nocookie.com/embed/videoseries?rel=0&enablejsapi=1&cc_load_policy=1&list=PLU_3vrvW7HKenS14CstIF_H5fRvnBgi6z&listType=playlist,0,0,si,si,si,si,evidencia_entregada_y_criterio_superado,Identifica impactos de una instalación o evento || Propone tres medidas medibles || Incluye impacto social y accesibilidad,Plan de mejora sostenible,no,revisar_automaticamente_antes_de_publicar,2026-08-04
tsaf_concejalia_deportes_granada__tsaf-emp-001,tsaf_concejalia_deportes_granada,Concejalía de Deportes de Granada,instituto,TSAF,3,TSAF-EMP-001,Preparar candidatura profesional en fitness y deporte,"Preparar CV, certificados, planificaciones y evidencias compartibles.","Curso completo de Google Drive: organizar, compartir y colaborar",Carlos Cortés Academy,https://www.youtube.com/watch?v=xBaRjZUVSgc,https://www.youtube-nocookie.com/embed/xBaRjZUVSgc?rel=0&enablejsapi=1&cc_load_policy=1,0,0,si,si,si,si,evidencia_entregada_y_criterio_superado,CV adaptado a un puesto real || Portfolio con dos sesiones y una valoración ficticia || Matriz de requisitos y límites profesionales,"CV, portfolio y matriz de brechas",no,revisar_automaticamente_antes_de_publicar,2026-08-04
tsaf_concejalia_deportes_granada__tsaf-bas-005,tsaf_concejalia_deportes_granada,Concejalía de Deportes de Granada,instituto,TSAF,4,TSAF-BAS-005,"Distinguir alcance profesional, derivación y consentimiento","Distinguir entrenamiento, derivación sanitaria y consentimiento.","PhysioWods: movilidad, fisiología, gestión y comunicación profesional",PhysioWods - Ana Galeote,https://www.youtube.com/playlist?list=PLU_3vrvW7HKenS14CstIF_H5fRvnBgi6z,https://www.youtube-nocookie.com/embed/videoseries?rel=0&enablejsapi=1&cc_load_policy=1&list=PLU_3vrvW7HKenS14CstIF_H5fRvnBgi6z&listType=playlist,0,0,si,si,si,si,evidencia_entregada_y_criterio_superado,"Diferencia entrenamiento, valoración funcional y diagnóstico clínico || Identifica cuándo detener y derivar || Usa un consentimiento sencillo para grabación o datos",Checklist de límites y consentimiento ficticio,no,revisar_automaticamente_antes_de_publicar,2026-08-04
mp_titulo_oficial_andalucia__mp-fin-002,mp_titulo_oficial_andalucia,Ficha oficial de Marketing y Publicidad en Andalucía,recurso,MP,1,MP-FIN-002,Evaluar inversión y retorno de marketing,"Relacionar inversión, campaña, resultado y retorno.","Curso de Marketing Hub: CRM, formularios, anuncios, email y analítica",HubSpot Español,https://www.youtube.com/watch?v=Ama6IGE6tIs,https://www.youtube-nocookie.com/embed/Ama6IGE6tIs?rel=0&enablejsapi=1&cc_load_policy=1&start=272&end=451,272,451,si,si,si,si,evidencia_entregada_y_criterio_superado,Selecciona métrica de retorno adecuada || Explicita supuestos de atribución || Presenta recomendación con riesgo e incertidumbre,Caso ROI/ROAS con recomendación,no,revisar_automaticamente_antes_de_publicar,2026-08-04
mp_titulo_oficial_andalucia__mp-med-001,mp_titulo_oficial_andalucia,Ficha oficial de Marketing y Publicidad en Andalucía,recurso,MP,2,MP-MED-001,Construir un plan de medios,Distribuir presupuesto entre medios y definir KPI y optimización.,"Curso de Marketing Hub: CRM, formularios, anuncios, email y analítica",HubSpot Español,https://www.youtube.com/watch?v=Ama6IGE6tIs,https://www.youtube-nocookie.com/embed/Ama6IGE6tIs?rel=0&enablejsapi=1&cc_load_policy=1&start=272&end=451,272,451,si,si,si,si,evidencia_entregada_y_criterio_superado,Canales corresponden al público y objetivo || Presupuesto y calendario son viables || Define métricas y criterios de ajuste,Plan de medios con distribución presupuestaria,no,revisar_automaticamente_antes_de_publicar,2026-08-04
mp_titulo_oficial_andalucia__mp-lan-001,mp_titulo_oficial_andalucia,Ficha oficial de Marketing y Publicidad en Andalucía,recurso,MP,3,MP-LAN-001,Preparar el lanzamiento de un producto o servicio,"Planificar lanzamiento, activos, canales, automatización y medición.","Curso de Marketing Hub: CRM, formularios, anuncios, email y analítica",HubSpot Español,https://www.youtube.com/watch?v=Ama6IGE6tIs,https://www.youtube-nocookie.com/embed/Ama6IGE6tIs?rel=0&enablejsapi=1&cc_load_policy=1,0,0,si,si,si,si,evidencia_entregada_y_criterio_superado,"Define hipótesis y público de lanzamiento || Coordina contenido, medios y ventas || Incluye prueba, seguimiento y decisión posterior",Plan de lanzamiento de 30 días,no,revisar_automaticamente_antes_de_publicar,2026-08-04
mp_titulo_oficial_andalucia__mp-eng-001,mp_titulo_oficial_andalucia,Ficha oficial de Marketing y Publicidad en Andalucía,recurso,MP,4,MP-ENG-001,Trabajar con briefs y comunicación de marketing en inglés,Extraer términos de analítica y presentar un resumen de métricas.,Google Analytics 4 Tutorial for Beginners,Analytics Mania,https://www.youtube.com/watch?v=mKu6FI53BxE,https://www.youtube-nocookie.com/embed/mKu6FI53BxE?rel=0&enablejsapi=1&cc_load_policy=1,0,0,si,si,si,si,evidencia_entregada_y_criterio_superado,Resume un brief en español || Redacta email y copy breve en inglés || Presenta resultados durante 2 minutos,Brief y presentación bilingüe,no,revisar_automaticamente_antes_de_publicar,2026-08-04
mp_titulo_oficial_andalucia__mp-prj-001,mp_titulo_oficial_andalucia,Ficha oficial de Marketing y Publicidad en Andalucía,recurso,MP,5,MP-PRJ-001,Crear una campaña integrada de principio a fin,Construir una campaña integrada desde captación hasta análisis.,"Curso de Marketing Hub: CRM, formularios, anuncios, email y analítica",HubSpot Español,https://www.youtube.com/watch?v=Ama6IGE6tIs,https://www.youtube-nocookie.com/embed/Ama6IGE6tIs?rel=0&enablejsapi=1&cc_load_policy=1,0,0,si,si,si,si,evidencia_entregada_y_criterio_superado,"Problema y público respaldados por información || Plan, piezas, presupuesto y medición están conectados || Incluye resultados simulados o reales y aprendizaje",Caso de campaña completo,no,revisar_automaticamente_antes_de_publicar,2026-08-04
mp_todofp_marketing_publicidad__mp-fin-002,mp_todofp_marketing_publicidad,Técnico Superior en Marketing y Publicidad,recurso,MP,1,MP-FIN-002,Evaluar inversión y retorno de marketing,"Relacionar inversión, campaña, resultado y retorno.","Curso de Marketing Hub: CRM, formularios, anuncios, email y analítica",HubSpot Español,https://www.youtube.com/watch?v=Ama6IGE6tIs,https://www.youtube-nocookie.com/embed/Ama6IGE6tIs?rel=0&enablejsapi=1&cc_load_policy=1&start=272&end=451,272,451,si,si,si,si,evidencia_entregada_y_criterio_superado,Selecciona métrica de retorno adecuada || Explicita supuestos de atribución || Presenta recomendación con riesgo e incertidumbre,Caso ROI/ROAS con recomendación,no,revisar_automaticamente_antes_de_publicar,2026-08-04
mp_todofp_marketing_publicidad__mp-med-001,mp_todofp_marketing_publicidad,Técnico Superior en Marketing y Publicidad,recurso,MP,2,MP-MED-001,Construir un plan de medios,Distribuir presupuesto entre medios y definir KPI y optimización.,"Curso de Marketing Hub: CRM, formularios, anuncios, email y analítica",HubSpot Español,https://www.youtube.com/watch?v=Ama6IGE6tIs,https://www.youtube-nocookie.com/embed/Ama6IGE6tIs?rel=0&enablejsapi=1&cc_load_policy=1&start=272&end=451,272,451,si,si,si,si,evidencia_entregada_y_criterio_superado,Canales corresponden al público y objetivo || Presupuesto y calendario son viables || Define métricas y criterios de ajuste,Plan de medios con distribución presupuestaria,no,revisar_automaticamente_antes_de_publicar,2026-08-04
mp_todofp_marketing_publicidad__mp-lan-001,mp_todofp_marketing_publicidad,Técnico Superior en Marketing y Publicidad,recurso,MP,3,MP-LAN-001,Preparar el lanzamiento de un producto o servicio,"Planificar lanzamiento, activos, canales, automatización y medición.","Curso de Marketing Hub: CRM, formularios, anuncios, email y analítica",HubSpot Español,https://www.youtube.com/watch?v=Ama6IGE6tIs,https://www.youtube-nocookie.com/embed/Ama6IGE6tIs?rel=0&enablejsapi=1&cc_load_policy=1,0,0,si,si,si,si,evidencia_entregada_y_criterio_superado,"Define hipótesis y público de lanzamiento || Coordina contenido, medios y ventas || Incluye prueba, seguimiento y decisión posterior",Plan de lanzamiento de 30 días,no,revisar_automaticamente_antes_de_publicar,2026-08-04
mp_todofp_marketing_publicidad__mp-eng-001,mp_todofp_marketing_publicidad,Técnico Superior en Marketing y Publicidad,recurso,MP,4,MP-ENG-001,Trabajar con briefs y comunicación de marketing en inglés,Extraer términos de analítica y presentar un resumen de métricas.,Google Analytics 4 Tutorial for Beginners,Analytics Mania,https://www.youtube.com/watch?v=mKu6FI53BxE,https://www.youtube-nocookie.com/embed/mKu6FI53BxE?rel=0&enablejsapi=1&cc_load_policy=1,0,0,si,si,si,si,evidencia_entregada_y_criterio_superado,Resume un brief en español || Redacta email y copy breve en inglés || Presenta resultados durante 2 minutos,Brief y presentación bilingüe,no,revisar_automaticamente_antes_de_publicar,2026-08-04
mp_todofp_marketing_publicidad__mp-prj-001,mp_todofp_marketing_publicidad,Técnico Superior en Marketing y Publicidad,recurso,MP,5,MP-PRJ-001,Crear una campaña integrada de principio a fin,Construir una campaña integrada desde captación hasta análisis.,"Curso de Marketing Hub: CRM, formularios, anuncios, email y analítica",HubSpot Español,https://www.youtube.com/watch?v=Ama6IGE6tIs,https://www.youtube-nocookie.com/embed/Ama6IGE6tIs?rel=0&enablejsapi=1&cc_load_policy=1,0,0,si,si,si,si,evidencia_entregada_y_criterio_superado,"Problema y público respaldados por información || Plan, piezas, presupuesto y medición están conectados || Incluye resultados simulados o reales y aprendizaje",Caso de campaña completo,no,revisar_automaticamente_antes_de_publicar,2026-08-04
mp_camara_direccion_edicion_video_2026__mp-dis-002,mp_camara_direccion_edicion_video_2026,Dirección creativa y edición de vídeo corporativo,curso_complementario,MP,1,MP-DIS-002,Producir contenido audiovisual breve,"Aplicar marca, formato, texto y llamada a la acción a una pieza audiovisual breve.",Kit de marca en Canva,Canva Latinoamérica,https://www.youtube.com/watch?v=havARJ_ZQg8,https://www.youtube-nocookie.com/embed/havARJ_ZQg8?rel=0&enablejsapi=1&cc_load_policy=1,0,0,si,si,si,si,evidencia_entregada_y_criterio_superado,"Guion con objetivo y duración || Audio, encuadre y ritmo comprensibles || Incluye subtítulos y versión por canal",Vídeo de 30 a 60 segundos y archivos fuente,no,revisar_automaticamente_antes_de_publicar,2026-08-04
mp_camara_direccion_edicion_video_2026__mp-bas-002,mp_camara_direccion_edicion_video_2026,Dirección creativa y edición de vídeo corporativo,curso_complementario,MP,2,MP-BAS-002,Redactar mensajes claros y orientados a una acción,"Redactar un mensaje para una persona, problema y acción concreta.",Cómo crear un buyer persona,HubSpot Español,https://www.youtube.com/watch?v=-xm2vgPHdHg,https://www.youtube-nocookie.com/embed/-xm2vgPHdHg?rel=0&enablejsapi=1&cc_load_policy=1,0,0,si,si,si,si,evidencia_entregada_y_criterio_superado,Redacta tres mensajes para públicos distintos || Mantiene una propuesta de valor concreta || Incluye llamada a la acción coherente,Tres piezas breves justificadas,no,revisar_automaticamente_antes_de_publicar,2026-08-04
mp_camara_direccion_edicion_video_2026__mp-fin-002,mp_camara_direccion_edicion_video_2026,Dirección creativa y edición de vídeo corporativo,curso_complementario,MP,3,MP-FIN-002,Evaluar inversión y retorno de marketing,"Relacionar inversión, campaña, resultado y retorno.","Curso de Marketing Hub: CRM, formularios, anuncios, email y analítica",HubSpot Español,https://www.youtube.com/watch?v=Ama6IGE6tIs,https://www.youtube-nocookie.com/embed/Ama6IGE6tIs?rel=0&enablejsapi=1&cc_load_policy=1&start=272&end=451,272,451,si,si,si,si,evidencia_entregada_y_criterio_superado,Selecciona métrica de retorno adecuada || Explicita supuestos de atribución || Presenta recomendación con riesgo e incertidumbre,Caso ROI/ROAS con recomendación,no,revisar_automaticamente_antes_de_publicar,2026-08-04
mp_camara_direccion_edicion_video_2026__mp-dig-002,mp_camara_direccion_edicion_video_2026,Dirección creativa y edición de vídeo corporativo,curso_complementario,MP,4,MP-DIG-002,Aplicar SEO y estrategia de contenidos,"Investigar palabras clave, competencia y oportunidades de contenido SEO.",Tutorial de Semrush: fundamentos de investigación SEO,Semrush en español,https://www.youtube.com/watch?v=SSlqtLQ5xJQ,https://www.youtube-nocookie.com/embed/SSlqtLQ5xJQ?rel=0&enablejsapi=1&cc_load_policy=1,0,0,si,si,si,si,evidencia_entregada_y_criterio_superado,Selecciona temas e intención con evidencia || Crea contenido útil y estructurado || Define métricas y actualización,Cluster de contenido y pieza optimizada,no,revisar_automaticamente_antes_de_publicar,2026-08-04
mp_camara_direccion_edicion_video_2026__mp-rrpp-001,mp_camara_direccion_edicion_video_2026,Dirección creativa y edición de vídeo corporativo,curso_complementario,MP,5,MP-RRPP-001,Planificar relaciones públicas y comunicación institucional,"Definir públicos, mensajes, portavoces y plan de comunicación.",Cómo crear un buyer persona,HubSpot Español,https://www.youtube.com/watch?v=-xm2vgPHdHg,https://www.youtube-nocookie.com/embed/-xm2vgPHdHg?rel=0&enablejsapi=1&cc_load_policy=1,0,0,si,si,si,si,evidencia_entregada_y_criterio_superado,Mapa de públicos y mensajes || Material de prensa coherente || Protocolo de respuesta ante incidencia,Dossier de prensa y plan de contacto,no,revisar_automaticamente_antes_de_publicar,2026-08-04
mp_camara_fotografia_producto_2026__mp-bas-002,mp_camara_fotografia_producto_2026,Fotografía de producto e imagen corporativa,curso_complementario,MP,1,MP-BAS-002,Redactar mensajes claros y orientados a una acción,"Redactar un mensaje para una persona, problema y acción concreta.",Cómo crear un buyer persona,HubSpot Español,https://www.youtube.com/watch?v=-xm2vgPHdHg,https://www.youtube-nocookie.com/embed/-xm2vgPHdHg?rel=0&enablejsapi=1&cc_load_policy=1,0,0,si,si,si,si,evidencia_entregada_y_criterio_superado,Redacta tres mensajes para públicos distintos || Mantiene una propuesta de valor concreta || Incluye llamada a la acción coherente,Tres piezas breves justificadas,no,revisar_automaticamente_antes_de_publicar,2026-08-04
mp_camara_fotografia_producto_2026__mp-pol-002,mp_camara_fotografia_producto_2026,Fotografía de producto e imagen corporativa,curso_complementario,MP,2,MP-POL-002,"Definir segmentación, posicionamiento y propuesta","Definir segmento, posicionamiento y propuesta de valor.",Cómo crear un buyer persona,HubSpot Español,https://www.youtube.com/watch?v=-xm2vgPHdHg,https://www.youtube-nocookie.com/embed/-xm2vgPHdHg?rel=0&enablejsapi=1&cc_load_policy=1,0,0,si,si,si,si,evidencia_entregada_y_criterio_superado,Segmentos medibles y diferenciados || Target elegido con justificación || Posicionamiento y propuesta coherentes,"Ficha de segmento, buyer persona prudente y mapa de posicionamiento",no,revisar_automaticamente_antes_de_publicar,2026-08-04
mp_camara_fotografia_producto_2026__mp-dig-002,mp_camara_fotografia_producto_2026,Fotografía de producto e imagen corporativa,curso_complementario,MP,3,MP-DIG-002,Aplicar SEO y estrategia de contenidos,"Investigar palabras clave, competencia y oportunidades de contenido SEO.",Tutorial de Semrush: fundamentos de investigación SEO,Semrush en español,https://www.youtube.com/watch?v=SSlqtLQ5xJQ,https://www.youtube-nocookie.com/embed/SSlqtLQ5xJQ?rel=0&enablejsapi=1&cc_load_policy=1,0,0,si,si,si,si,evidencia_entregada_y_criterio_superado,Selecciona temas e intención con evidencia || Crea contenido útil y estructurado || Define métricas y actualización,Cluster de contenido y pieza optimizada,no,revisar_automaticamente_antes_de_publicar,2026-08-04
mp_camara_fotografia_producto_2026__mp-dis-001,mp_camara_fotografia_producto_2026,Fotografía de producto e imagen corporativa,curso_complementario,MP,4,MP-DIS-001,Crear identidad visual y piezas coherentes,Crear identidad mínima y piezas coherentes entre canales.,Kit de marca en Canva,Canva Latinoamérica,https://www.youtube.com/watch?v=havARJ_ZQg8,https://www.youtube-nocookie.com/embed/havARJ_ZQg8?rel=0&enablejsapi=1&cc_load_policy=1,0,0,si,si,si,si,evidencia_entregada_y_criterio_superado,Define reglas visuales mínimas || Adapta una idea a tres formatos || Mantiene legibilidad y derechos de uso de recursos,Mini sistema visual y tres piezas,no,revisar_automaticamente_antes_de_publicar,2026-08-04
mp_camara_fotografia_producto_2026__mp-dis-002,mp_camara_fotografia_producto_2026,Fotografía de producto e imagen corporativa,curso_complementario,MP,5,MP-DIS-002,Producir contenido audiovisual breve,"Aplicar marca, formato, texto y llamada a la acción a una pieza audiovisual breve.",Kit de marca en Canva,Canva Latinoamérica,https://www.youtube.com/watch?v=havARJ_ZQg8,https://www.youtube-nocookie.com/embed/havARJ_ZQg8?rel=0&enablejsapi=1&cc_load_policy=1,0,0,si,si,si,si,evidencia_entregada_y_criterio_superado,"Guion con objetivo y duración || Audio, encuadre y ritmo comprensibles || Incluye subtítulos y versión por canal",Vídeo de 30 a 60 segundos y archivos fuente,no,revisar_automaticamente_antes_de_publicar,2026-08-04
mp_camara_ia_marketing_2026__mp-pol-003,mp_camara_ia_marketing_2026,Inteligencia artificial aplicada al marketing,curso_complementario,MP,1,MP-POL-003,Construir un plan de marketing medible,"Convertir estrategia en objetivos, acciones, activos y métricas.","Curso de Marketing Hub: CRM, formularios, anuncios, email y analítica",HubSpot Español,https://www.youtube.com/watch?v=Ama6IGE6tIs,https://www.youtube-nocookie.com/embed/Ama6IGE6tIs?rel=0&enablejsapi=1&cc_load_policy=1,0,0,si,si,si,si,evidencia_entregada_y_criterio_superado,"Objetivos específicos y medibles || Acciones conectadas con estrategia y público || KPI, presupuesto y calendario permiten seguimiento",Plan de marketing de 6 a 10 páginas,no,revisar_automaticamente_antes_de_publicar,2026-08-04
mp_camara_ia_marketing_2026__mp-dig-001,mp_camara_ia_marketing_2026,Inteligencia artificial aplicada al marketing,curso_complementario,MP,2,MP-DIG-001,Planificar presencia web y conversión,"Crear formularios, CTA y recorrido de conversión.","Curso de Marketing Hub: CRM, formularios, anuncios, email y analítica",HubSpot Español,https://www.youtube.com/watch?v=Ama6IGE6tIs,https://www.youtube-nocookie.com/embed/Ama6IGE6tIs?rel=0&enablejsapi=1&cc_load_policy=1&start=166&end=272,166,272,si,si,si,si,evidencia_entregada_y_criterio_superado,"La web responde a objetivo y público || El recorrido incluye llamada y conversión medible || Incluye privacidad, accesibilidad y versión móvil",Wireframe y plan de medición de una landing,no,revisar_automaticamente_antes_de_publicar,2026-08-04
mp_camara_ia_marketing_2026__mp-dig-002,mp_camara_ia_marketing_2026,Inteligencia artificial aplicada al marketing,curso_complementario,MP,3,MP-DIG-002,Aplicar SEO y estrategia de contenidos,"Investigar palabras clave, competencia y oportunidades de contenido SEO.",Tutorial de Semrush: fundamentos de investigación SEO,Semrush en español,https://www.youtube.com/watch?v=SSlqtLQ5xJQ,https://www.youtube-nocookie.com/embed/SSlqtLQ5xJQ?rel=0&enablejsapi=1&cc_load_policy=1,0,0,si,si,si,si,evidencia_entregada_y_criterio_superado,Selecciona temas e intención con evidencia || Crea contenido útil y estructurado || Define métricas y actualización,Cluster de contenido y pieza optimizada,no,revisar_automaticamente_antes_de_publicar,2026-08-04
mp_camara_ia_marketing_2026__mp-prj-001,mp_camara_ia_marketing_2026,Inteligencia artificial aplicada al marketing,curso_complementario,MP,4,MP-PRJ-001,Crear una campaña integrada de principio a fin,Construir una campaña integrada desde captación hasta análisis.,"Curso de Marketing Hub: CRM, formularios, anuncios, email y analítica",HubSpot Español,https://www.youtube.com/watch?v=Ama6IGE6tIs,https://www.youtube-nocookie.com/embed/Ama6IGE6tIs?rel=0&enablejsapi=1&cc_load_policy=1,0,0,si,si,si,si,evidencia_entregada_y_criterio_superado,"Problema y público respaldados por información || Plan, piezas, presupuesto y medición están conectados || Incluye resultados simulados o reales y aprendizaje",Caso de campaña completo,no,revisar_automaticamente_antes_de_publicar,2026-08-04
mp_camara_ia_marketing_2026__mp-dig-003,mp_camara_ia_marketing_2026,Inteligencia artificial aplicada al marketing,curso_complementario,MP,5,MP-DIG-003,Diseñar email marketing y automatizaciones,"Diseñar email, segmentación, automatización y revisión de resultados.",Email marketing: estrategia y ejecución,HubSpot Español,https://www.youtube.com/watch?v=U8izqPoZMWg,https://www.youtube-nocookie.com/embed/U8izqPoZMWg?rel=0&enablejsapi=1&cc_load_policy=1,0,0,si,si,si,si,evidencia_entregada_y_criterio_superado,"Segmentación y disparador están definidos || Cada mensaje tiene objetivo y CTA || Incluye consentimiento, baja y control de frecuencia",Secuencia de bienvenida de 3 mensajes,no,revisar_automaticamente_antes_de_publicar,2026-08-04
mp_camara_ux_ui_2026__mp-dig-001,mp_camara_ux_ui_2026,Diseño gráfico y experiencia de usuario UX/UI,curso_complementario,MP,1,MP-DIG-001,Planificar presencia web y conversión,"Crear formularios, CTA y recorrido de conversión.","Curso de Marketing Hub: CRM, formularios, anuncios, email y analítica",HubSpot Español,https://www.youtube.com/watch?v=Ama6IGE6tIs,https://www.youtube-nocookie.com/embed/Ama6IGE6tIs?rel=0&enablejsapi=1&cc_load_policy=1&start=166&end=272,166,272,si,si,si,si,evidencia_entregada_y_criterio_superado,"La web responde a objetivo y público || El recorrido incluye llamada y conversión medible || Incluye privacidad, accesibilidad y versión móvil",Wireframe y plan de medición de una landing,no,revisar_automaticamente_antes_de_publicar,2026-08-04
mp_camara_ux_ui_2026__mp-bas-001,mp_camara_ux_ui_2026,Diseño gráfico y experiencia de usuario UX/UI,curso_complementario,MP,2,MP-BAS-001,"Organizar archivos, cuentas y activos de una campaña","Organizar activos, versiones, permisos y carpetas de campaña.","Curso completo de Google Drive: organizar, compartir y colaborar",Carlos Cortés Academy,https://www.youtube.com/watch?v=xBaRjZUVSgc,https://www.youtube-nocookie.com/embed/xBaRjZUVSgc?rel=0&enablejsapi=1&cc_load_policy=1,0,0,si,si,si,si,evidencia_entregada_y_criterio_superado,Crea una estructura por campaña y canal || Nombra versiones y evita duplicados || Configura acceso y copia de seguridad,Carpeta de campaña ficticia organizada,no,revisar_automaticamente_antes_de_publicar,2026-08-04
mp_camara_ux_ui_2026__mp-dis-001,mp_camara_ux_ui_2026,Diseño gráfico y experiencia de usuario UX/UI,curso_complementario,MP,3,MP-DIS-001,Crear identidad visual y piezas coherentes,Crear identidad mínima y piezas coherentes entre canales.,Kit de marca en Canva,Canva Latinoamérica,https://www.youtube.com/watch?v=havARJ_ZQg8,https://www.youtube-nocookie.com/embed/havARJ_ZQg8?rel=0&enablejsapi=1&cc_load_policy=1,0,0,si,si,si,si,evidencia_entregada_y_criterio_superado,Define reglas visuales mínimas || Adapta una idea a tres formatos || Mantiene legibilidad y derechos de uso de recursos,Mini sistema visual y tres piezas,no,revisar_automaticamente_antes_de_publicar,2026-08-04
mp_camara_ux_ui_2026__mp-bas-004,mp_camara_ux_ui_2026,Diseño gráfico y experiencia de usuario UX/UI,curso_complementario,MP,4,MP-BAS-004,"Evaluar fuentes y diferenciar dato, opinión e hipótesis","Separar observación, métrica, interpretación e hipótesis.",Google Analytics 4 Tutorial for Beginners,Analytics Mania,https://www.youtube.com/watch?v=mKu6FI53BxE,https://www.youtube-nocookie.com/embed/mKu6FI53BxE?rel=0&enablejsapi=1&cc_load_policy=1,0,0,si,si,si,si,evidencia_entregada_y_criterio_superado,"Identifica autor, fecha y metodología || Distingue correlación de causalidad || Explica una limitación relevante",Ficha de evaluación de tres fuentes,no,revisar_automaticamente_antes_de_publicar,2026-08-04
mp_andalucia_vuela_campanas_redes__mp-bas-003,mp_andalucia_vuela_campanas_redes,Campañas publicitarias en redes sociales,curso_complementario,MP,1,MP-BAS-003,"Calcular porcentajes, costes y métricas básicas","Calcular porcentajes, costes, tasas y métricas básicas.",Curso completo de Excel,A2 Capacitación: Excel,https://www.youtube.com/watch?v=m8i4fMUCpK0,https://www.youtube-nocookie.com/embed/m8i4fMUCpK0?rel=0&enablejsapi=1&cc_load_policy=1&start=980&end=1657,980,1657,si,si,si,si,evidencia_entregada_y_criterio_superado,"Calcula variación porcentual y tasa de conversión || Diferencia ingreso, coste, margen y beneficio || Usa referencias correctas en una hoja de cálculo",Hoja con 15 ejercicios resueltos,no,revisar_automaticamente_antes_de_publicar,2026-08-04
mp_andalucia_vuela_campanas_redes__mp-bas-005,mp_andalucia_vuela_campanas_redes,Campañas publicitarias en redes sociales,curso_complementario,MP,2,MP-BAS-005,"Comprender cliente, problema y modelo de negocio","Definir cliente, problema, contexto y propuesta inicial.",Cómo crear un buyer persona,HubSpot Español,https://www.youtube.com/watch?v=-xm2vgPHdHg,https://www.youtube-nocookie.com/embed/-xm2vgPHdHg?rel=0&enablejsapi=1&cc_load_policy=1,0,0,si,si,si,si,evidencia_entregada_y_criterio_superado,Define un segmento concreto || Formula problema y propuesta sin generalidades || Identifica cómo se entrega y monetiza valor,Canvas simplificado de una pyme,no,revisar_automaticamente_antes_de_publicar,2026-08-04
mp_andalucia_vuela_campanas_redes__mp-fin-002,mp_andalucia_vuela_campanas_redes,Campañas publicitarias en redes sociales,curso_complementario,MP,3,MP-FIN-002,Evaluar inversión y retorno de marketing,"Relacionar inversión, campaña, resultado y retorno.","Curso de Marketing Hub: CRM, formularios, anuncios, email y analítica",HubSpot Español,https://www.youtube.com/watch?v=Ama6IGE6tIs,https://www.youtube-nocookie.com/embed/Ama6IGE6tIs?rel=0&enablejsapi=1&cc_load_policy=1&start=272&end=451,272,451,si,si,si,si,evidencia_entregada_y_criterio_superado,Selecciona métrica de retorno adecuada || Explicita supuestos de atribución || Presenta recomendación con riesgo e incertidumbre,Caso ROI/ROAS con recomendación,no,revisar_automaticamente_antes_de_publicar,2026-08-04
mp_andalucia_vuela_campanas_redes__mp-pol-002,mp_andalucia_vuela_campanas_redes,Campañas publicitarias en redes sociales,curso_complementario,MP,4,MP-POL-002,"Definir segmentación, posicionamiento y propuesta","Definir segmento, posicionamiento y propuesta de valor.",Cómo crear un buyer persona,HubSpot Español,https://www.youtube.com/watch?v=-xm2vgPHdHg,https://www.youtube-nocookie.com/embed/-xm2vgPHdHg?rel=0&enablejsapi=1&cc_load_policy=1,0,0,si,si,si,si,evidencia_entregada_y_criterio_superado,Segmentos medibles y diferenciados || Target elegido con justificación || Posicionamiento y propuesta coherentes,"Ficha de segmento, buyer persona prudente y mapa de posicionamiento",no,revisar_automaticamente_antes_de_publicar,2026-08-04
mp_andalucia_vuela_campanas_redes__mp-pol-003,mp_andalucia_vuela_campanas_redes,Campañas publicitarias en redes sociales,curso_complementario,MP,5,MP-POL-003,Construir un plan de marketing medible,"Convertir estrategia en objetivos, acciones, activos y métricas.","Curso de Marketing Hub: CRM, formularios, anuncios, email y analítica",HubSpot Español,https://www.youtube.com/watch?v=Ama6IGE6tIs,https://www.youtube-nocookie.com/embed/Ama6IGE6tIs?rel=0&enablejsapi=1&cc_load_policy=1,0,0,si,si,si,si,evidencia_entregada_y_criterio_superado,"Objetivos específicos y medibles || Acciones conectadas con estrategia y público || KPI, presupuesto y calendario permiten seguimiento",Plan de marketing de 6 a 10 páginas,no,revisar_automaticamente_antes_de_publicar,2026-08-04
mp_andalucia_vuela_marca_redes__mp-pol-003,mp_andalucia_vuela_marca_redes,Gestión de marca en redes sociales,curso_complementario,MP,1,MP-POL-003,Construir un plan de marketing medible,"Convertir estrategia en objetivos, acciones, activos y métricas.","Curso de Marketing Hub: CRM, formularios, anuncios, email y analítica",HubSpot Español,https://www.youtube.com/watch?v=Ama6IGE6tIs,https://www.youtube-nocookie.com/embed/Ama6IGE6tIs?rel=0&enablejsapi=1&cc_load_policy=1,0,0,si,si,si,si,evidencia_entregada_y_criterio_superado,"Objetivos específicos y medibles || Acciones conectadas con estrategia y público || KPI, presupuesto y calendario permiten seguimiento",Plan de marketing de 6 a 10 páginas,no,revisar_automaticamente_antes_de_publicar,2026-08-04
mp_andalucia_vuela_marca_redes__mp-dat-001,mp_andalucia_vuela_marca_redes,Gestión de marca en redes sociales,curso_complementario,MP,2,MP-DAT-001,"Limpiar, analizar y visualizar datos","Limpiar, resumir, visualizar y explicar datos de campaña.",Curso completo de Excel,A2 Capacitación: Excel,https://www.youtube.com/watch?v=m8i4fMUCpK0,https://www.youtube-nocookie.com/embed/m8i4fMUCpK0?rel=0&enablejsapi=1&cc_load_policy=1&start=1657&end=3398,1657,3398,si,si,si,si,evidencia_entregada_y_criterio_superado,Detecta duplicados y valores inválidos || Calcula indicadores adecuados || El gráfico responde a una pregunta y no distorsiona,"Dataset limpio, análisis y dashboard básico",no,revisar_automaticamente_antes_de_publicar,2026-08-04
mp_andalucia_vuela_marca_redes__mp-prj-001,mp_andalucia_vuela_marca_redes,Gestión de marca en redes sociales,curso_complementario,MP,3,MP-PRJ-001,Crear una campaña integrada de principio a fin,Construir una campaña integrada desde captación hasta análisis.,"Curso de Marketing Hub: CRM, formularios, anuncios, email y analítica",HubSpot Español,https://www.youtube.com/watch?v=Ama6IGE6tIs,https://www.youtube-nocookie.com/embed/Ama6IGE6tIs?rel=0&enablejsapi=1&cc_load_policy=1,0,0,si,si,si,si,evidencia_entregada_y_criterio_superado,"Problema y público respaldados por información || Plan, piezas, presupuesto y medición están conectados || Incluye resultados simulados o reales y aprendizaje",Caso de campaña completo,no,revisar_automaticamente_antes_de_publicar,2026-08-04
mp_andalucia_vuela_marca_redes__mp-bas-004,mp_andalucia_vuela_marca_redes,Gestión de marca en redes sociales,curso_complementario,MP,4,MP-BAS-004,"Evaluar fuentes y diferenciar dato, opinión e hipótesis","Separar observación, métrica, interpretación e hipótesis.",Google Analytics 4 Tutorial for Beginners,Analytics Mania,https://www.youtube.com/watch?v=mKu6FI53BxE,https://www.youtube-nocookie.com/embed/mKu6FI53BxE?rel=0&enablejsapi=1&cc_load_policy=1,0,0,si,si,si,si,evidencia_entregada_y_criterio_superado,"Identifica autor, fecha y metodología || Distingue correlación de causalidad || Explica una limitación relevante",Ficha de evaluación de tres fuentes,no,revisar_automaticamente_antes_de_publicar,2026-08-04
mp_google_ads_skillshop__mp-dig-004,mp_google_ads_skillshop,Google Ads y certificaciones,curso_complementario,MP,1,MP-DIG-004,Planificar publicidad digital,"Configurar objetivo, público, anuncio, presupuesto y medición.","Curso de Marketing Hub: CRM, formularios, anuncios, email y analítica",HubSpot Español,https://www.youtube.com/watch?v=Ama6IGE6tIs,https://www.youtube-nocookie.com/embed/Ama6IGE6tIs?rel=0&enablejsapi=1&cc_load_policy=1&start=272&end=451,272,451,si,si,si,si,evidencia_entregada_y_criterio_superado,"Campaña alineada con objetivo y etapa del embudo || Audiencia y exclusiones justificadas || Presupuesto, KPI y regla de optimización definidos",Plan de campaña con tres anuncios,no,revisar_automaticamente_antes_de_publicar,2026-08-04
mp_google_ads_skillshop__mp-dis-002,mp_google_ads_skillshop,Google Ads y certificaciones,curso_complementario,MP,2,MP-DIS-002,Producir contenido audiovisual breve,"Aplicar marca, formato, texto y llamada a la acción a una pieza audiovisual breve.",Kit de marca en Canva,Canva Latinoamérica,https://www.youtube.com/watch?v=havARJ_ZQg8,https://www.youtube-nocookie.com/embed/havARJ_ZQg8?rel=0&enablejsapi=1&cc_load_policy=1,0,0,si,si,si,si,evidencia_entregada_y_criterio_superado,"Guion con objetivo y duración || Audio, encuadre y ritmo comprensibles || Incluye subtítulos y versión por canal",Vídeo de 30 a 60 segundos y archivos fuente,no,revisar_automaticamente_antes_de_publicar,2026-08-04
mp_google_ads_skillshop__mp-bas-004,mp_google_ads_skillshop,Google Ads y certificaciones,curso_complementario,MP,3,MP-BAS-004,"Evaluar fuentes y diferenciar dato, opinión e hipótesis","Separar observación, métrica, interpretación e hipótesis.",Google Analytics 4 Tutorial for Beginners,Analytics Mania,https://www.youtube.com/watch?v=mKu6FI53BxE,https://www.youtube-nocookie.com/embed/mKu6FI53BxE?rel=0&enablejsapi=1&cc_load_policy=1,0,0,si,si,si,si,evidencia_entregada_y_criterio_superado,"Identifica autor, fecha y metodología || Distingue correlación de causalidad || Explica una limitación relevante",Ficha de evaluación de tres fuentes,no,revisar_automaticamente_antes_de_publicar,2026-08-04
mp_hubspot_marketing_digital__mp-dig-001,mp_hubspot_marketing_digital,Certificación de marketing digital,curso_basico,MP,1,MP-DIG-001,Planificar presencia web y conversión,"Crear formularios, CTA y recorrido de conversión.","Curso de Marketing Hub: CRM, formularios, anuncios, email y analítica",HubSpot Español,https://www.youtube.com/watch?v=Ama6IGE6tIs,https://www.youtube-nocookie.com/embed/Ama6IGE6tIs?rel=0&enablejsapi=1&cc_load_policy=1&start=166&end=272,166,272,si,si,si,si,evidencia_entregada_y_criterio_superado,"La web responde a objetivo y público || El recorrido incluye llamada y conversión medible || Incluye privacidad, accesibilidad y versión móvil",Wireframe y plan de medición de una landing,no,revisar_automaticamente_antes_de_publicar,2026-08-04
mp_hubspot_marketing_digital__mp-dig-002,mp_hubspot_marketing_digital,Certificación de marketing digital,curso_basico,MP,2,MP-DIG-002,Aplicar SEO y estrategia de contenidos,"Investigar palabras clave, competencia y oportunidades de contenido SEO.",Tutorial de Semrush: fundamentos de investigación SEO,Semrush en español,https://www.youtube.com/watch?v=SSlqtLQ5xJQ,https://www.youtube-nocookie.com/embed/SSlqtLQ5xJQ?rel=0&enablejsapi=1&cc_load_policy=1,0,0,si,si,si,si,evidencia_entregada_y_criterio_superado,Selecciona temas e intención con evidencia || Crea contenido útil y estructurado || Define métricas y actualización,Cluster de contenido y pieza optimizada,no,revisar_automaticamente_antes_de_publicar,2026-08-04
mp_hubspot_marketing_digital__mp-prj-001,mp_hubspot_marketing_digital,Certificación de marketing digital,curso_basico,MP,3,MP-PRJ-001,Crear una campaña integrada de principio a fin,Construir una campaña integrada desde captación hasta análisis.,"Curso de Marketing Hub: CRM, formularios, anuncios, email y analítica",HubSpot Español,https://www.youtube.com/watch?v=Ama6IGE6tIs,https://www.youtube-nocookie.com/embed/Ama6IGE6tIs?rel=0&enablejsapi=1&cc_load_policy=1,0,0,si,si,si,si,evidencia_entregada_y_criterio_superado,"Problema y público respaldados por información || Plan, piezas, presupuesto y medición están conectados || Incluye resultados simulados o reales y aprendizaje",Caso de campaña completo,no,revisar_automaticamente_antes_de_publicar,2026-08-04
mp_hubspot_marketing_digital__mp-pol-003,mp_hubspot_marketing_digital,Certificación de marketing digital,curso_basico,MP,4,MP-POL-003,Construir un plan de marketing medible,"Convertir estrategia en objetivos, acciones, activos y métricas.","Curso de Marketing Hub: CRM, formularios, anuncios, email y analítica",HubSpot Español,https://www.youtube.com/watch?v=Ama6IGE6tIs,https://www.youtube-nocookie.com/embed/Ama6IGE6tIs?rel=0&enablejsapi=1&cc_load_policy=1,0,0,si,si,si,si,evidencia_entregada_y_criterio_superado,"Objetivos específicos y medibles || Acciones conectadas con estrategia y público || KPI, presupuesto y calendario permiten seguimiento",Plan de marketing de 6 a 10 páginas,no,revisar_automaticamente_antes_de_publicar,2026-08-04
mp_hubspot_marketing_digital__mp-dig-003,mp_hubspot_marketing_digital,Certificación de marketing digital,curso_basico,MP,5,MP-DIG-003,Diseñar email marketing y automatizaciones,"Diseñar email, segmentación, automatización y revisión de resultados.",Email marketing: estrategia y ejecución,HubSpot Español,https://www.youtube.com/watch?v=U8izqPoZMWg,https://www.youtube-nocookie.com/embed/U8izqPoZMWg?rel=0&enablejsapi=1&cc_load_policy=1,0,0,si,si,si,si,evidencia_entregada_y_criterio_superado,"Segmentación y disparador están definidos || Cada mensaje tiene objetivo y CTA || Incluye consentimiento, baja y control de frecuencia",Secuencia de bienvenida de 3 mensajes,no,revisar_automaticamente_antes_de_publicar,2026-08-04
mp_hubspot_social_media__mp-fin-002,mp_hubspot_social_media,Certificación de marketing en redes sociales,curso_complementario,MP,1,MP-FIN-002,Evaluar inversión y retorno de marketing,"Relacionar inversión, campaña, resultado y retorno.","Curso de Marketing Hub: CRM, formularios, anuncios, email y analítica",HubSpot Español,https://www.youtube.com/watch?v=Ama6IGE6tIs,https://www.youtube-nocookie.com/embed/Ama6IGE6tIs?rel=0&enablejsapi=1&cc_load_policy=1&start=272&end=451,272,451,si,si,si,si,evidencia_entregada_y_criterio_superado,Selecciona métrica de retorno adecuada || Explicita supuestos de atribución || Presenta recomendación con riesgo e incertidumbre,Caso ROI/ROAS con recomendación,no,revisar_automaticamente_antes_de_publicar,2026-08-04
mp_hubspot_social_media__mp-prj-001,mp_hubspot_social_media,Certificación de marketing en redes sociales,curso_complementario,MP,2,MP-PRJ-001,Crear una campaña integrada de principio a fin,Construir una campaña integrada desde captación hasta análisis.,"Curso de Marketing Hub: CRM, formularios, anuncios, email y analítica",HubSpot Español,https://www.youtube.com/watch?v=Ama6IGE6tIs,https://www.youtube-nocookie.com/embed/Ama6IGE6tIs?rel=0&enablejsapi=1&cc_load_policy=1,0,0,si,si,si,si,evidencia_entregada_y_criterio_superado,"Problema y público respaldados por información || Plan, piezas, presupuesto y medición están conectados || Incluye resultados simulados o reales y aprendizaje",Caso de campaña completo,no,revisar_automaticamente_antes_de_publicar,2026-08-04
mp_hubspot_social_media__mp-pol-003,mp_hubspot_social_media,Certificación de marketing en redes sociales,curso_complementario,MP,3,MP-POL-003,Construir un plan de marketing medible,"Convertir estrategia en objetivos, acciones, activos y métricas.","Curso de Marketing Hub: CRM, formularios, anuncios, email y analítica",HubSpot Español,https://www.youtube.com/watch?v=Ama6IGE6tIs,https://www.youtube-nocookie.com/embed/Ama6IGE6tIs?rel=0&enablejsapi=1&cc_load_policy=1,0,0,si,si,si,si,evidencia_entregada_y_criterio_superado,"Objetivos específicos y medibles || Acciones conectadas con estrategia y público || KPI, presupuesto y calendario permiten seguimiento",Plan de marketing de 6 a 10 páginas,no,revisar_automaticamente_antes_de_publicar,2026-08-04
mp_hubspot_social_media__mp-bas-003,mp_hubspot_social_media,Certificación de marketing en redes sociales,curso_complementario,MP,4,MP-BAS-003,"Calcular porcentajes, costes y métricas básicas","Calcular porcentajes, costes, tasas y métricas básicas.",Curso completo de Excel,A2 Capacitación: Excel,https://www.youtube.com/watch?v=m8i4fMUCpK0,https://www.youtube-nocookie.com/embed/m8i4fMUCpK0?rel=0&enablejsapi=1&cc_load_policy=1&start=980&end=1657,980,1657,si,si,si,si,evidencia_entregada_y_criterio_superado,"Calcula variación porcentual y tasa de conversión || Diferencia ingreso, coste, margen y beneficio || Usa referencias correctas en una hoja de cálculo",Hoja con 15 ejercicios resueltos,no,revisar_automaticamente_antes_de_publicar,2026-08-04
mp_hubspot_social_media__mp-lan-001,mp_hubspot_social_media,Certificación de marketing en redes sociales,curso_complementario,MP,5,MP-LAN-001,Preparar el lanzamiento de un producto o servicio,"Planificar lanzamiento, activos, canales, automatización y medición.","Curso de Marketing Hub: CRM, formularios, anuncios, email y analítica",HubSpot Español,https://www.youtube.com/watch?v=Ama6IGE6tIs,https://www.youtube-nocookie.com/embed/Ama6IGE6tIs?rel=0&enablejsapi=1&cc_load_policy=1,0,0,si,si,si,si,evidencia_entregada_y_criterio_superado,"Define hipótesis y público de lanzamiento || Coordina contenido, medios y ventas || Incluye prueba, seguimiento y decisión posterior",Plan de lanzamiento de 30 días,no,revisar_automaticamente_antes_de_publicar,2026-08-04
mp_hubspot_publicidad_digital__mp-dig-004,mp_hubspot_publicidad_digital,Certificación de publicidad digital,curso_complementario,MP,1,MP-DIG-004,Planificar publicidad digital,"Configurar objetivo, público, anuncio, presupuesto y medición.","Curso de Marketing Hub: CRM, formularios, anuncios, email y analítica",HubSpot Español,https://www.youtube.com/watch?v=Ama6IGE6tIs,https://www.youtube-nocookie.com/embed/Ama6IGE6tIs?rel=0&enablejsapi=1&cc_load_policy=1&start=272&end=451,272,451,si,si,si,si,evidencia_entregada_y_criterio_superado,"Campaña alineada con objetivo y etapa del embudo || Audiencia y exclusiones justificadas || Presupuesto, KPI y regla de optimización definidos",Plan de campaña con tres anuncios,no,revisar_automaticamente_antes_de_publicar,2026-08-04
mp_hubspot_publicidad_digital__mp-med-001,mp_hubspot_publicidad_digital,Certificación de publicidad digital,curso_complementario,MP,2,MP-MED-001,Construir un plan de medios,Distribuir presupuesto entre medios y definir KPI y optimización.,"Curso de Marketing Hub: CRM, formularios, anuncios, email y analítica",HubSpot Español,https://www.youtube.com/watch?v=Ama6IGE6tIs,https://www.youtube-nocookie.com/embed/Ama6IGE6tIs?rel=0&enablejsapi=1&cc_load_policy=1&start=272&end=451,272,451,si,si,si,si,evidencia_entregada_y_criterio_superado,Canales corresponden al público y objetivo || Presupuesto y calendario son viables || Define métricas y criterios de ajuste,Plan de medios con distribución presupuestaria,no,revisar_automaticamente_antes_de_publicar,2026-08-04
mp_hubspot_publicidad_digital__mp-dig-001,mp_hubspot_publicidad_digital,Certificación de publicidad digital,curso_complementario,MP,3,MP-DIG-001,Planificar presencia web y conversión,"Crear formularios, CTA y recorrido de conversión.","Curso de Marketing Hub: CRM, formularios, anuncios, email y analítica",HubSpot Español,https://www.youtube.com/watch?v=Ama6IGE6tIs,https://www.youtube-nocookie.com/embed/Ama6IGE6tIs?rel=0&enablejsapi=1&cc_load_policy=1&start=166&end=272,166,272,si,si,si,si,evidencia_entregada_y_criterio_superado,"La web responde a objetivo y público || El recorrido incluye llamada y conversión medible || Incluye privacidad, accesibilidad y versión móvil",Wireframe y plan de medición de una landing,no,revisar_automaticamente_antes_de_publicar,2026-08-04
mp_hubspot_publicidad_digital__mp-bas-005,mp_hubspot_publicidad_digital,Certificación de publicidad digital,curso_complementario,MP,4,MP-BAS-005,"Comprender cliente, problema y modelo de negocio","Definir cliente, problema, contexto y propuesta inicial.",Cómo crear un buyer persona,HubSpot Español,https://www.youtube.com/watch?v=-xm2vgPHdHg,https://www.youtube-nocookie.com/embed/-xm2vgPHdHg?rel=0&enablejsapi=1&cc_load_policy=1,0,0,si,si,si,si,evidencia_entregada_y_criterio_superado,Define un segmento concreto || Formula problema y propuesta sin generalidades || Identifica cómo se entrega y monetiza valor,Canvas simplificado de una pyme,no,revisar_automaticamente_antes_de_publicar,2026-08-04
mp_hubspot_publicidad_digital__mp-pol-002,mp_hubspot_publicidad_digital,Certificación de publicidad digital,curso_complementario,MP,5,MP-POL-002,"Definir segmentación, posicionamiento y propuesta","Definir segmento, posicionamiento y propuesta de valor.",Cómo crear un buyer persona,HubSpot Español,https://www.youtube.com/watch?v=-xm2vgPHdHg,https://www.youtube-nocookie.com/embed/-xm2vgPHdHg?rel=0&enablejsapi=1&cc_load_policy=1,0,0,si,si,si,si,evidencia_entregada_y_criterio_superado,Segmentos medibles y diferenciados || Target elegido con justificación || Posicionamiento y propuesta coherentes,"Ficha de segmento, buyer persona prudente y mapa de posicionamiento",no,revisar_automaticamente_antes_de_publicar,2026-08-04
mp_meta_blueprint_publicidad__mp-dig-004,mp_meta_blueprint_publicidad,Meta Blueprint: publicidad en Facebook e Instagram,curso_complementario,MP,1,MP-DIG-004,Planificar publicidad digital,"Configurar objetivo, público, anuncio, presupuesto y medición.","Curso de Marketing Hub: CRM, formularios, anuncios, email y analítica",HubSpot Español,https://www.youtube.com/watch?v=Ama6IGE6tIs,https://www.youtube-nocookie.com/embed/Ama6IGE6tIs?rel=0&enablejsapi=1&cc_load_policy=1&start=272&end=451,272,451,si,si,si,si,evidencia_entregada_y_criterio_superado,"Campaña alineada con objetivo y etapa del embudo || Audiencia y exclusiones justificadas || Presupuesto, KPI y regla de optimización definidos",Plan de campaña con tres anuncios,no,revisar_automaticamente_antes_de_publicar,2026-08-04
mp_meta_blueprint_publicidad__mp-pol-003,mp_meta_blueprint_publicidad,Meta Blueprint: publicidad en Facebook e Instagram,curso_complementario,MP,2,MP-POL-003,Construir un plan de marketing medible,"Convertir estrategia en objetivos, acciones, activos y métricas.","Curso de Marketing Hub: CRM, formularios, anuncios, email y analítica",HubSpot Español,https://www.youtube.com/watch?v=Ama6IGE6tIs,https://www.youtube-nocookie.com/embed/Ama6IGE6tIs?rel=0&enablejsapi=1&cc_load_policy=1,0,0,si,si,si,si,evidencia_entregada_y_criterio_superado,"Objetivos específicos y medibles || Acciones conectadas con estrategia y público || KPI, presupuesto y calendario permiten seguimiento",Plan de marketing de 6 a 10 páginas,no,revisar_automaticamente_antes_de_publicar,2026-08-04
mp_meta_blueprint_publicidad__mp-med-001,mp_meta_blueprint_publicidad,Meta Blueprint: publicidad en Facebook e Instagram,curso_complementario,MP,3,MP-MED-001,Construir un plan de medios,Distribuir presupuesto entre medios y definir KPI y optimización.,"Curso de Marketing Hub: CRM, formularios, anuncios, email y analítica",HubSpot Español,https://www.youtube.com/watch?v=Ama6IGE6tIs,https://www.youtube-nocookie.com/embed/Ama6IGE6tIs?rel=0&enablejsapi=1&cc_load_policy=1&start=272&end=451,272,451,si,si,si,si,evidencia_entregada_y_criterio_superado,Canales corresponden al público y objetivo || Presupuesto y calendario son viables || Define métricas y criterios de ajuste,Plan de medios con distribución presupuestaria,no,revisar_automaticamente_antes_de_publicar,2026-08-04
mp_meta_blueprint_publicidad__mp-bas-004,mp_meta_blueprint_publicidad,Meta Blueprint: publicidad en Facebook e Instagram,curso_complementario,MP,4,MP-BAS-004,"Evaluar fuentes y diferenciar dato, opinión e hipótesis","Separar observación, métrica, interpretación e hipótesis.",Google Analytics 4 Tutorial for Beginners,Analytics Mania,https://www.youtube.com/watch?v=mKu6FI53BxE,https://www.youtube-nocookie.com/embed/mKu6FI53BxE?rel=0&enablejsapi=1&cc_load_policy=1,0,0,si,si,si,si,evidencia_entregada_y_criterio_superado,"Identifica autor, fecha y metodología || Distingue correlación de causalidad || Explica una limitación relevante",Ficha de evaluación de tres fuentes,no,revisar_automaticamente_antes_de_publicar,2026-08-04
mp_herramienta_google_trends__mp-inv-001,mp_herramienta_google_trends,Google Trends,herramienta,MP,1,MP-INV-001,Diseñar una investigación de mercado,"Diseñar una investigación con objetivo, preguntas y método de recogida.",Google Forms: crear encuestas y analizar respuestas,GCFAprendeLibre,https://www.youtube.com/watch?v=szlGX3MseWc,https://www.youtube-nocookie.com/embed/szlGX3MseWc?rel=0&enablejsapi=1&cc_load_policy=1,0,0,si,si,si,si,evidencia_entregada_y_criterio_superado,Pregunta de investigación concreta || Método coherente con objetivo || Variables e indicadores definidos,Plan de investigación,no,revisar_automaticamente_antes_de_publicar,2026-08-04
mp_herramienta_google_trends__mp-bas-004,mp_herramienta_google_trends,Google Trends,herramienta,MP,2,MP-BAS-004,"Evaluar fuentes y diferenciar dato, opinión e hipótesis","Separar observación, métrica, interpretación e hipótesis.",Google Analytics 4 Tutorial for Beginners,Analytics Mania,https://www.youtube.com/watch?v=mKu6FI53BxE,https://www.youtube-nocookie.com/embed/mKu6FI53BxE?rel=0&enablejsapi=1&cc_load_policy=1,0,0,si,si,si,si,evidencia_entregada_y_criterio_superado,"Identifica autor, fecha y metodología || Distingue correlación de causalidad || Explica una limitación relevante",Ficha de evaluación de tres fuentes,no,revisar_automaticamente_antes_de_publicar,2026-08-04
mp_herramienta_google_trends__mp-pol-001,mp_herramienta_google_trends,Google Trends,herramienta,MP,3,MP-POL-001,"Analizar mercado, competencia y situación","Analizar mercado, competencia y usuario antes de proponer acciones.",Cómo crear un buyer persona,HubSpot Español,https://www.youtube.com/watch?v=-xm2vgPHdHg,https://www.youtube-nocookie.com/embed/-xm2vgPHdHg?rel=0&enablejsapi=1&cc_load_policy=1,0,0,si,si,si,si,evidencia_entregada_y_criterio_superado,Define mercado y competidores comparables || Usa datos con fuente y fecha || Prioriza hallazgos relevantes en un diagnóstico,Análisis de mercado y competencia,no,revisar_automaticamente_antes_de_publicar,2026-08-04
mp_herramienta_google_trends__mp-inv-002,mp_herramienta_google_trends,Google Trends,herramienta,MP,4,MP-INV-002,Diseñar cuestionarios y muestras,"Crear cuestionario claro, sin sesgos obvios y con muestra definida.",Google Forms: crear encuestas y analizar respuestas,GCFAprendeLibre,https://www.youtube.com/watch?v=szlGX3MseWc,https://www.youtube-nocookie.com/embed/szlGX3MseWc?rel=0&enablejsapi=1&cc_load_policy=1,0,0,si,si,si,si,evidencia_entregada_y_criterio_superado,Preguntas claras y no inductivas || Orden y escalas coherentes || Muestra y limitaciones justificadas,Cuestionario de máximo 12 preguntas y ficha de muestreo,no,revisar_automaticamente_antes_de_publicar,2026-08-04
mp_herramienta_google_trends__mp-cam-001,mp_herramienta_google_trends,Google Trends,herramienta,MP,5,MP-CAM-001,Planificar y controlar trabajo de campo,"Planificar trabajo de campo, permisos, control y consolidación de respuestas.","Curso completo de Google Drive: organizar, compartir y colaborar",Carlos Cortés Academy,https://www.youtube.com/watch?v=xBaRjZUVSgc,https://www.youtube-nocookie.com/embed/xBaRjZUVSgc?rel=0&enablejsapi=1&cc_load_policy=1,0,0,si,si,si,si,evidencia_entregada_y_criterio_superado,Crea instrucciones y guion de recogida || Define controles de calidad y respuesta a incidencias || Minimiza datos personales,Manual de campo y hoja de control,no,revisar_automaticamente_antes_de_publicar,2026-08-04
mp_herramienta_google_analytics__mp-dig-005,mp_herramienta_google_analytics,Google Analytics,herramienta,MP,1,MP-DIG-005,"Medir adquisición, conversión y rendimiento","Medir adquisición, eventos, conversiones y rendimiento.",Google Analytics 4 Tutorial for Beginners,Analytics Mania,https://www.youtube.com/watch?v=mKu6FI53BxE,https://www.youtube-nocookie.com/embed/mKu6FI53BxE?rel=0&enablejsapi=1&cc_load_policy=1&start=1886&end=3600,1886,3600,si,si,si,si,evidencia_entregada_y_criterio_superado,Define eventos y conversiones relevantes || Usa nomenclatura UTM consistente || Distingue dato observado de atribución estimada,Plan de etiquetado y dashboard,no,revisar_automaticamente_antes_de_publicar,2026-08-04
mp_herramienta_google_analytics__mp-dig-001,mp_herramienta_google_analytics,Google Analytics,herramienta,MP,2,MP-DIG-001,Planificar presencia web y conversión,"Crear formularios, CTA y recorrido de conversión.","Curso de Marketing Hub: CRM, formularios, anuncios, email y analítica",HubSpot Español,https://www.youtube.com/watch?v=Ama6IGE6tIs,https://www.youtube-nocookie.com/embed/Ama6IGE6tIs?rel=0&enablejsapi=1&cc_load_policy=1&start=166&end=272,166,272,si,si,si,si,evidencia_entregada_y_criterio_superado,"La web responde a objetivo y público || El recorrido incluye llamada y conversión medible || Incluye privacidad, accesibilidad y versión móvil",Wireframe y plan de medición de una landing,no,revisar_automaticamente_antes_de_publicar,2026-08-04
mp_herramienta_google_analytics__mp-dig-004,mp_herramienta_google_analytics,Google Analytics,herramienta,MP,3,MP-DIG-004,Planificar publicidad digital,"Configurar objetivo, público, anuncio, presupuesto y medición.","Curso de Marketing Hub: CRM, formularios, anuncios, email y analítica",HubSpot Español,https://www.youtube.com/watch?v=Ama6IGE6tIs,https://www.youtube-nocookie.com/embed/Ama6IGE6tIs?rel=0&enablejsapi=1&cc_load_policy=1&start=272&end=451,272,451,si,si,si,si,evidencia_entregada_y_criterio_superado,"Campaña alineada con objetivo y etapa del embudo || Audiencia y exclusiones justificadas || Presupuesto, KPI y regla de optimización definidos",Plan de campaña con tres anuncios,no,revisar_automaticamente_antes_de_publicar,2026-08-04
mp_herramienta_google_analytics__mp-bas-004,mp_herramienta_google_analytics,Google Analytics,herramienta,MP,4,MP-BAS-004,"Evaluar fuentes y diferenciar dato, opinión e hipótesis","Separar observación, métrica, interpretación e hipótesis.",Google Analytics 4 Tutorial for Beginners,Analytics Mania,https://www.youtube.com/watch?v=mKu6FI53BxE,https://www.youtube-nocookie.com/embed/mKu6FI53BxE?rel=0&enablejsapi=1&cc_load_policy=1,0,0,si,si,si,si,evidencia_entregada_y_criterio_superado,"Identifica autor, fecha y metodología || Distingue correlación de causalidad || Explica una limitación relevante",Ficha de evaluación de tres fuentes,no,revisar_automaticamente_antes_de_publicar,2026-08-04
mp_herramienta_search_console__mp-dig-002,mp_herramienta_search_console,Google Search Console,herramienta,MP,1,MP-DIG-002,Aplicar SEO y estrategia de contenidos,"Investigar palabras clave, competencia y oportunidades de contenido SEO.",Tutorial de Semrush: fundamentos de investigación SEO,Semrush en español,https://www.youtube.com/watch?v=SSlqtLQ5xJQ,https://www.youtube-nocookie.com/embed/SSlqtLQ5xJQ?rel=0&enablejsapi=1&cc_load_policy=1,0,0,si,si,si,si,evidencia_entregada_y_criterio_superado,Selecciona temas e intención con evidencia || Crea contenido útil y estructurado || Define métricas y actualización,Cluster de contenido y pieza optimizada,no,revisar_automaticamente_antes_de_publicar,2026-08-04
mp_herramienta_search_console__mp-dig-004,mp_herramienta_search_console,Google Search Console,herramienta,MP,2,MP-DIG-004,Planificar publicidad digital,"Configurar objetivo, público, anuncio, presupuesto y medición.","Curso de Marketing Hub: CRM, formularios, anuncios, email y analítica",HubSpot Español,https://www.youtube.com/watch?v=Ama6IGE6tIs,https://www.youtube-nocookie.com/embed/Ama6IGE6tIs?rel=0&enablejsapi=1&cc_load_policy=1&start=272&end=451,272,451,si,si,si,si,evidencia_entregada_y_criterio_superado,"Campaña alineada con objetivo y etapa del embudo || Audiencia y exclusiones justificadas || Presupuesto, KPI y regla de optimización definidos",Plan de campaña con tres anuncios,no,revisar_automaticamente_antes_de_publicar,2026-08-04
mp_herramienta_search_console__mp-bas-004,mp_herramienta_search_console,Google Search Console,herramienta,MP,3,MP-BAS-004,"Evaluar fuentes y diferenciar dato, opinión e hipótesis","Separar observación, métrica, interpretación e hipótesis.",Google Analytics 4 Tutorial for Beginners,Analytics Mania,https://www.youtube.com/watch?v=mKu6FI53BxE,https://www.youtube-nocookie.com/embed/mKu6FI53BxE?rel=0&enablejsapi=1&cc_load_policy=1,0,0,si,si,si,si,evidencia_entregada_y_criterio_superado,"Identifica autor, fecha y metodología || Distingue correlación de causalidad || Explica una limitación relevante",Ficha de evaluación de tres fuentes,no,revisar_automaticamente_antes_de_publicar,2026-08-04
mp_herramienta_looker_studio__mp-dat-001,mp_herramienta_looker_studio,Looker Studio,herramienta,MP,1,MP-DAT-001,"Limpiar, analizar y visualizar datos","Limpiar, resumir, visualizar y explicar datos de campaña.",Curso completo de Excel,A2 Capacitación: Excel,https://www.youtube.com/watch?v=m8i4fMUCpK0,https://www.youtube-nocookie.com/embed/m8i4fMUCpK0?rel=0&enablejsapi=1&cc_load_policy=1&start=1657&end=3398,1657,3398,si,si,si,si,evidencia_entregada_y_criterio_superado,Detecta duplicados y valores inválidos || Calcula indicadores adecuados || El gráfico responde a una pregunta y no distorsiona,"Dataset limpio, análisis y dashboard básico",no,revisar_automaticamente_antes_de_publicar,2026-08-04
mp_herramienta_looker_studio__mp-bas-003,mp_herramienta_looker_studio,Looker Studio,herramienta,MP,2,MP-BAS-003,"Calcular porcentajes, costes y métricas básicas","Calcular porcentajes, costes, tasas y métricas básicas.",Curso completo de Excel,A2 Capacitación: Excel,https://www.youtube.com/watch?v=m8i4fMUCpK0,https://www.youtube-nocookie.com/embed/m8i4fMUCpK0?rel=0&enablejsapi=1&cc_load_policy=1&start=980&end=1657,980,1657,si,si,si,si,evidencia_entregada_y_criterio_superado,"Calcula variación porcentual y tasa de conversión || Diferencia ingreso, coste, margen y beneficio || Usa referencias correctas en una hoja de cálculo",Hoja con 15 ejercicios resueltos,no,revisar_automaticamente_antes_de_publicar,2026-08-04
mp_herramienta_looker_studio__mp-dig-005,mp_herramienta_looker_studio,Looker Studio,herramienta,MP,3,MP-DIG-005,"Medir adquisición, conversión y rendimiento","Medir adquisición, eventos, conversiones y rendimiento.",Google Analytics 4 Tutorial for Beginners,Analytics Mania,https://www.youtube.com/watch?v=mKu6FI53BxE,https://www.youtube-nocookie.com/embed/mKu6FI53BxE?rel=0&enablejsapi=1&cc_load_policy=1&start=1886&end=3600,1886,3600,si,si,si,si,evidencia_entregada_y_criterio_superado,Define eventos y conversiones relevantes || Usa nomenclatura UTM consistente || Distingue dato observado de atribución estimada,Plan de etiquetado y dashboard,no,revisar_automaticamente_antes_de_publicar,2026-08-04
mp_herramienta_looker_studio__mp-pol-003,mp_herramienta_looker_studio,Looker Studio,herramienta,MP,4,MP-POL-003,Construir un plan de marketing medible,"Convertir estrategia en objetivos, acciones, activos y métricas.","Curso de Marketing Hub: CRM, formularios, anuncios, email y analítica",HubSpot Español,https://www.youtube.com/watch?v=Ama6IGE6tIs,https://www.youtube-nocookie.com/embed/Ama6IGE6tIs?rel=0&enablejsapi=1&cc_load_policy=1,0,0,si,si,si,si,evidencia_entregada_y_criterio_superado,"Objetivos específicos y medibles || Acciones conectadas con estrategia y público || KPI, presupuesto y calendario permiten seguimiento",Plan de marketing de 6 a 10 páginas,no,revisar_automaticamente_antes_de_publicar,2026-08-04
mp_herramienta_looker_studio__mp-bas-004,mp_herramienta_looker_studio,Looker Studio,herramienta,MP,5,MP-BAS-004,"Evaluar fuentes y diferenciar dato, opinión e hipótesis","Separar observación, métrica, interpretación e hipótesis.",Google Analytics 4 Tutorial for Beginners,Analytics Mania,https://www.youtube.com/watch?v=mKu6FI53BxE,https://www.youtube-nocookie.com/embed/mKu6FI53BxE?rel=0&enablejsapi=1&cc_load_policy=1,0,0,si,si,si,si,evidencia_entregada_y_criterio_superado,"Identifica autor, fecha y metodología || Distingue correlación de causalidad || Explica una limitación relevante",Ficha de evaluación de tres fuentes,no,revisar_automaticamente_antes_de_publicar,2026-08-04
mp_herramienta_google_forms__mp-inv-001,mp_herramienta_google_forms,Formularios de Google,herramienta,MP,1,MP-INV-001,Diseñar una investigación de mercado,"Diseñar una investigación con objetivo, preguntas y método de recogida.",Google Forms: crear encuestas y analizar respuestas,GCFAprendeLibre,https://www.youtube.com/watch?v=szlGX3MseWc,https://www.youtube-nocookie.com/embed/szlGX3MseWc?rel=0&enablejsapi=1&cc_load_policy=1,0,0,si,si,si,si,evidencia_entregada_y_criterio_superado,Pregunta de investigación concreta || Método coherente con objetivo || Variables e indicadores definidos,Plan de investigación,no,revisar_automaticamente_antes_de_publicar,2026-08-04
mp_herramienta_google_forms__mp-bas-004,mp_herramienta_google_forms,Formularios de Google,herramienta,MP,2,MP-BAS-004,"Evaluar fuentes y diferenciar dato, opinión e hipótesis","Separar observación, métrica, interpretación e hipótesis.",Google Analytics 4 Tutorial for Beginners,Analytics Mania,https://www.youtube.com/watch?v=mKu6FI53BxE,https://www.youtube-nocookie.com/embed/mKu6FI53BxE?rel=0&enablejsapi=1&cc_load_policy=1,0,0,si,si,si,si,evidencia_entregada_y_criterio_superado,"Identifica autor, fecha y metodología || Distingue correlación de causalidad || Explica una limitación relevante",Ficha de evaluación de tres fuentes,no,revisar_automaticamente_antes_de_publicar,2026-08-04
mp_herramienta_google_forms__mp-cam-001,mp_herramienta_google_forms,Formularios de Google,herramienta,MP,3,MP-CAM-001,Planificar y controlar trabajo de campo,"Planificar trabajo de campo, permisos, control y consolidación de respuestas.","Curso completo de Google Drive: organizar, compartir y colaborar",Carlos Cortés Academy,https://www.youtube.com/watch?v=xBaRjZUVSgc,https://www.youtube-nocookie.com/embed/xBaRjZUVSgc?rel=0&enablejsapi=1&cc_load_policy=1,0,0,si,si,si,si,evidencia_entregada_y_criterio_superado,Crea instrucciones y guion de recogida || Define controles de calidad y respuesta a incidencias || Minimiza datos personales,Manual de campo y hoja de control,no,revisar_automaticamente_antes_de_publicar,2026-08-04
mp_herramienta_google_forms__mp-bas-003,mp_herramienta_google_forms,Formularios de Google,herramienta,MP,4,MP-BAS-003,"Calcular porcentajes, costes y métricas básicas","Calcular porcentajes, costes, tasas y métricas básicas.",Curso completo de Excel,A2 Capacitación: Excel,https://www.youtube.com/watch?v=m8i4fMUCpK0,https://www.youtube-nocookie.com/embed/m8i4fMUCpK0?rel=0&enablejsapi=1&cc_load_policy=1&start=980&end=1657,980,1657,si,si,si,si,evidencia_entregada_y_criterio_superado,"Calcula variación porcentual y tasa de conversión || Diferencia ingreso, coste, margen y beneficio || Usa referencias correctas en una hoja de cálculo",Hoja con 15 ejercicios resueltos,no,revisar_automaticamente_antes_de_publicar,2026-08-04
mp_herramienta_google_forms__mp-inv-002,mp_herramienta_google_forms,Formularios de Google,herramienta,MP,5,MP-INV-002,Diseñar cuestionarios y muestras,"Crear cuestionario claro, sin sesgos obvios y con muestra definida.",Google Forms: crear encuestas y analizar respuestas,GCFAprendeLibre,https://www.youtube.com/watch?v=szlGX3MseWc,https://www.youtube-nocookie.com/embed/szlGX3MseWc?rel=0&enablejsapi=1&cc_load_policy=1,0,0,si,si,si,si,evidencia_entregada_y_criterio_superado,Preguntas claras y no inductivas || Orden y escalas coherentes || Muestra y limitaciones justificadas,Cuestionario de máximo 12 preguntas y ficha de muestreo,no,revisar_automaticamente_antes_de_publicar,2026-08-04
mp_herramienta_meta_business_suite__mp-bas-001,mp_herramienta_meta_business_suite,Meta Business Suite,herramienta,MP,1,MP-BAS-001,"Organizar archivos, cuentas y activos de una campaña","Organizar activos, versiones, permisos y carpetas de campaña.","Curso completo de Google Drive: organizar, compartir y colaborar",Carlos Cortés Academy,https://www.youtube.com/watch?v=xBaRjZUVSgc,https://www.youtube-nocookie.com/embed/xBaRjZUVSgc?rel=0&enablejsapi=1&cc_load_policy=1,0,0,si,si,si,si,evidencia_entregada_y_criterio_superado,Crea una estructura por campaña y canal || Nombra versiones y evita duplicados || Configura acceso y copia de seguridad,Carpeta de campaña ficticia organizada,no,revisar_automaticamente_antes_de_publicar,2026-08-04
mp_herramienta_meta_business_suite__mp-dat-001,mp_herramienta_meta_business_suite,Meta Business Suite,herramienta,MP,2,MP-DAT-001,"Limpiar, analizar y visualizar datos","Limpiar, resumir, visualizar y explicar datos de campaña.",Curso completo de Excel,A2 Capacitación: Excel,https://www.youtube.com/watch?v=m8i4fMUCpK0,https://www.youtube-nocookie.com/embed/m8i4fMUCpK0?rel=0&enablejsapi=1&cc_load_policy=1&start=1657&end=3398,1657,3398,si,si,si,si,evidencia_entregada_y_criterio_superado,Detecta duplicados y valores inválidos || Calcula indicadores adecuados || El gráfico responde a una pregunta y no distorsiona,"Dataset limpio, análisis y dashboard básico",no,revisar_automaticamente_antes_de_publicar,2026-08-04
mp_herramienta_meta_business_suite__mp-dig-004,mp_herramienta_meta_business_suite,Meta Business Suite,herramienta,MP,3,MP-DIG-004,Planificar publicidad digital,"Configurar objetivo, público, anuncio, presupuesto y medición.","Curso de Marketing Hub: CRM, formularios, anuncios, email y analítica",HubSpot Español,https://www.youtube.com/watch?v=Ama6IGE6tIs,https://www.youtube-nocookie.com/embed/Ama6IGE6tIs?rel=0&enablejsapi=1&cc_load_policy=1&start=272&end=451,272,451,si,si,si,si,evidencia_entregada_y_criterio_superado,"Campaña alineada con objetivo y etapa del embudo || Audiencia y exclusiones justificadas || Presupuesto, KPI y regla de optimización definidos",Plan de campaña con tres anuncios,no,revisar_automaticamente_antes_de_publicar,2026-08-04
mp_herramienta_meta_business_suite__mp-bas-004,mp_herramienta_meta_business_suite,Meta Business Suite,herramienta,MP,4,MP-BAS-004,"Evaluar fuentes y diferenciar dato, opinión e hipótesis","Separar observación, métrica, interpretación e hipótesis.",Google Analytics 4 Tutorial for Beginners,Analytics Mania,https://www.youtube.com/watch?v=mKu6FI53BxE,https://www.youtube-nocookie.com/embed/mKu6FI53BxE?rel=0&enablejsapi=1&cc_load_policy=1,0,0,si,si,si,si,evidencia_entregada_y_criterio_superado,"Identifica autor, fecha y metodología || Distingue correlación de causalidad || Explica una limitación relevante",Ficha de evaluación de tres fuentes,no,revisar_automaticamente_antes_de_publicar,2026-08-04
mp_herramienta_canva__mp-dis-001,mp_herramienta_canva,Canva,herramienta,MP,1,MP-DIS-001,Crear identidad visual y piezas coherentes,Crear identidad mínima y piezas coherentes entre canales.,Kit de marca en Canva,Canva Latinoamérica,https://www.youtube.com/watch?v=havARJ_ZQg8,https://www.youtube-nocookie.com/embed/havARJ_ZQg8?rel=0&enablejsapi=1&cc_load_policy=1,0,0,si,si,si,si,evidencia_entregada_y_criterio_superado,Define reglas visuales mínimas || Adapta una idea a tres formatos || Mantiene legibilidad y derechos de uso de recursos,Mini sistema visual y tres piezas,no,revisar_automaticamente_antes_de_publicar,2026-08-04
mp_herramienta_canva__mp-bas-001,mp_herramienta_canva,Canva,herramienta,MP,2,MP-BAS-001,"Organizar archivos, cuentas y activos de una campaña","Organizar activos, versiones, permisos y carpetas de campaña.","Curso completo de Google Drive: organizar, compartir y colaborar",Carlos Cortés Academy,https://www.youtube.com/watch?v=xBaRjZUVSgc,https://www.youtube-nocookie.com/embed/xBaRjZUVSgc?rel=0&enablejsapi=1&cc_load_policy=1,0,0,si,si,si,si,evidencia_entregada_y_criterio_superado,Crea una estructura por campaña y canal || Nombra versiones y evita duplicados || Configura acceso y copia de seguridad,Carpeta de campaña ficticia organizada,no,revisar_automaticamente_antes_de_publicar,2026-08-04
mp_herramienta_canva__mp-pol-002,mp_herramienta_canva,Canva,herramienta,MP,3,MP-POL-002,"Definir segmentación, posicionamiento y propuesta","Definir segmento, posicionamiento y propuesta de valor.",Cómo crear un buyer persona,HubSpot Español,https://www.youtube.com/watch?v=-xm2vgPHdHg,https://www.youtube-nocookie.com/embed/-xm2vgPHdHg?rel=0&enablejsapi=1&cc_load_policy=1,0,0,si,si,si,si,evidencia_entregada_y_criterio_superado,Segmentos medibles y diferenciados || Target elegido con justificación || Posicionamiento y propuesta coherentes,"Ficha de segmento, buyer persona prudente y mapa de posicionamiento",no,revisar_automaticamente_antes_de_publicar,2026-08-04
mp_herramienta_canva__mp-prj-001,mp_herramienta_canva,Canva,herramienta,MP,4,MP-PRJ-001,Crear una campaña integrada de principio a fin,Construir una campaña integrada desde captación hasta análisis.,"Curso de Marketing Hub: CRM, formularios, anuncios, email y analítica",HubSpot Español,https://www.youtube.com/watch?v=Ama6IGE6tIs,https://www.youtube-nocookie.com/embed/Ama6IGE6tIs?rel=0&enablejsapi=1&cc_load_policy=1,0,0,si,si,si,si,evidencia_entregada_y_criterio_superado,"Problema y público respaldados por información || Plan, piezas, presupuesto y medición están conectados || Incluye resultados simulados o reales y aprendizaje",Caso de campaña completo,no,revisar_automaticamente_antes_de_publicar,2026-08-04
mp_herramienta_canva__mp-bas-004,mp_herramienta_canva,Canva,herramienta,MP,5,MP-BAS-004,"Evaluar fuentes y diferenciar dato, opinión e hipótesis","Separar observación, métrica, interpretación e hipótesis.",Google Analytics 4 Tutorial for Beginners,Analytics Mania,https://www.youtube.com/watch?v=mKu6FI53BxE,https://www.youtube-nocookie.com/embed/mKu6FI53BxE?rel=0&enablejsapi=1&cc_load_policy=1,0,0,si,si,si,si,evidencia_entregada_y_criterio_superado,"Identifica autor, fecha y metodología || Distingue correlación de causalidad || Explica una limitación relevante",Ficha de evaluación de tres fuentes,no,revisar_automaticamente_antes_de_publicar,2026-08-04
mp_herramienta_mailchimp__mp-dig-003,mp_herramienta_mailchimp,Mailchimp,herramienta,MP,1,MP-DIG-003,Diseñar email marketing y automatizaciones,"Diseñar email, segmentación, automatización y revisión de resultados.",Email marketing: estrategia y ejecución,HubSpot Español,https://www.youtube.com/watch?v=U8izqPoZMWg,https://www.youtube-nocookie.com/embed/U8izqPoZMWg?rel=0&enablejsapi=1&cc_load_policy=1,0,0,si,si,si,si,evidencia_entregada_y_criterio_superado,"Segmentación y disparador están definidos || Cada mensaje tiene objetivo y CTA || Incluye consentimiento, baja y control de frecuencia",Secuencia de bienvenida de 3 mensajes,no,revisar_automaticamente_antes_de_publicar,2026-08-04
mp_herramienta_mailchimp__mp-bas-005,mp_herramienta_mailchimp,Mailchimp,herramienta,MP,2,MP-BAS-005,"Comprender cliente, problema y modelo de negocio","Definir cliente, problema, contexto y propuesta inicial.",Cómo crear un buyer persona,HubSpot Español,https://www.youtube.com/watch?v=-xm2vgPHdHg,https://www.youtube-nocookie.com/embed/-xm2vgPHdHg?rel=0&enablejsapi=1&cc_load_policy=1,0,0,si,si,si,si,evidencia_entregada_y_criterio_superado,Define un segmento concreto || Formula problema y propuesta sin generalidades || Identifica cómo se entrega y monetiza valor,Canvas simplificado de una pyme,no,revisar_automaticamente_antes_de_publicar,2026-08-04
mp_herramienta_mailchimp__mp-fin-002,mp_herramienta_mailchimp,Mailchimp,herramienta,MP,3,MP-FIN-002,Evaluar inversión y retorno de marketing,"Relacionar inversión, campaña, resultado y retorno.","Curso de Marketing Hub: CRM, formularios, anuncios, email y analítica",HubSpot Español,https://www.youtube.com/watch?v=Ama6IGE6tIs,https://www.youtube-nocookie.com/embed/Ama6IGE6tIs?rel=0&enablejsapi=1&cc_load_policy=1&start=272&end=451,272,451,si,si,si,si,evidencia_entregada_y_criterio_superado,Selecciona métrica de retorno adecuada || Explicita supuestos de atribución || Presenta recomendación con riesgo e incertidumbre,Caso ROI/ROAS con recomendación,no,revisar_automaticamente_antes_de_publicar,2026-08-04
mp_herramienta_mailchimp__mp-pol-002,mp_herramienta_mailchimp,Mailchimp,herramienta,MP,4,MP-POL-002,"Definir segmentación, posicionamiento y propuesta","Definir segmento, posicionamiento y propuesta de valor.",Cómo crear un buyer persona,HubSpot Español,https://www.youtube.com/watch?v=-xm2vgPHdHg,https://www.youtube-nocookie.com/embed/-xm2vgPHdHg?rel=0&enablejsapi=1&cc_load_policy=1,0,0,si,si,si,si,evidencia_entregada_y_criterio_superado,Segmentos medibles y diferenciados || Target elegido con justificación || Posicionamiento y propuesta coherentes,"Ficha de segmento, buyer persona prudente y mapa de posicionamiento",no,revisar_automaticamente_antes_de_publicar,2026-08-04
mp_herramienta_mailchimp__mp-lan-001,mp_herramienta_mailchimp,Mailchimp,herramienta,MP,5,MP-LAN-001,Preparar el lanzamiento de un producto o servicio,"Planificar lanzamiento, activos, canales, automatización y medición.","Curso de Marketing Hub: CRM, formularios, anuncios, email y analítica",HubSpot Español,https://www.youtube.com/watch?v=Ama6IGE6tIs,https://www.youtube-nocookie.com/embed/Ama6IGE6tIs?rel=0&enablejsapi=1&cc_load_policy=1,0,0,si,si,si,si,evidencia_entregada_y_criterio_superado,"Define hipótesis y público de lanzamiento || Coordina contenido, medios y ventas || Incluye prueba, seguimiento y decisión posterior",Plan de lanzamiento de 30 días,no,revisar_automaticamente_antes_de_publicar,2026-08-04
mp_herramienta_hubspot_crm__mp-crm-001,mp_herramienta_hubspot_crm,HubSpot CRM,herramienta,MP,1,MP-CRM-001,"Gestionar contactos, leads y consentimiento en CRM","Crear contactos, propiedades, pipeline, consentimiento y seguimiento.",HubSpot CRM para principiantes,HubSpot Español,https://www.youtube.com/watch?v=RXbOwk1l2T8,https://www.youtube-nocookie.com/embed/RXbOwk1l2T8?rel=0&enablejsapi=1&cc_load_policy=1,0,0,si,si,si,si,evidencia_entregada_y_criterio_superado,Define pipeline y criterios de etapa || Registra interacciones sin datos innecesarios || Mantiene consentimiento y baja,CRM ficticio con 10 contactos de prueba,no,revisar_automaticamente_antes_de_publicar,2026-08-04
mp_herramienta_hubspot_crm__mp-cli-001,mp_herramienta_hubspot_crm,HubSpot CRM,herramienta,MP,2,MP-CLI-001,"Atender consultas, quejas y reclamaciones","Registrar consulta, respuesta, estado y seguimiento en un CRM.",HubSpot CRM para principiantes,HubSpot Español,https://www.youtube.com/watch?v=RXbOwk1l2T8,https://www.youtube-nocookie.com/embed/RXbOwk1l2T8?rel=0&enablejsapi=1&cc_load_policy=1,0,0,si,si,si,si,evidencia_entregada_y_criterio_superado,"Identifica necesidad y emoción sin discutir || Registra hechos, plazos y responsable || Propone solución o derivación conforme al procedimiento",Role-play y registro de tres casos,no,revisar_automaticamente_antes_de_publicar,2026-08-04
mp_herramienta_hubspot_crm__mp-dig-003,mp_herramienta_hubspot_crm,HubSpot CRM,herramienta,MP,3,MP-DIG-003,Diseñar email marketing y automatizaciones,"Diseñar email, segmentación, automatización y revisión de resultados.",Email marketing: estrategia y ejecución,HubSpot Español,https://www.youtube.com/watch?v=U8izqPoZMWg,https://www.youtube-nocookie.com/embed/U8izqPoZMWg?rel=0&enablejsapi=1&cc_load_policy=1,0,0,si,si,si,si,evidencia_entregada_y_criterio_superado,"Segmentación y disparador están definidos || Cada mensaje tiene objetivo y CTA || Incluye consentimiento, baja y control de frecuencia",Secuencia de bienvenida de 3 mensajes,no,revisar_automaticamente_antes_de_publicar,2026-08-04
mp_herramienta_hubspot_crm__mp-digi-001,mp_herramienta_hubspot_crm,HubSpot CRM,herramienta,MP,4,MP-DIGI-001,Automatizar procesos de marketing con control,Automatizar email y seguimiento manteniendo reglas y revisión.,"Curso de Marketing Hub: CRM, formularios, anuncios, email y analítica",HubSpot Español,https://www.youtube.com/watch?v=Ama6IGE6tIs,https://www.youtube-nocookie.com/embed/Ama6IGE6tIs?rel=0&enablejsapi=1&cc_load_policy=1&start=451&end=753,451,753,si,si,si,si,evidencia_entregada_y_criterio_superado,"Mapea proceso actual y objetivo || Define disparadores, excepciones y revisión humana || Mide ahorro e impacto sin degradar experiencia",Flujo automatizado ficticio y ficha de control,no,revisar_automaticamente_antes_de_publicar,2026-08-04
mp_herramienta_hubspot_crm__mp-bas-004,mp_herramienta_hubspot_crm,HubSpot CRM,herramienta,MP,5,MP-BAS-004,"Evaluar fuentes y diferenciar dato, opinión e hipótesis","Separar observación, métrica, interpretación e hipótesis.",Google Analytics 4 Tutorial for Beginners,Analytics Mania,https://www.youtube.com/watch?v=mKu6FI53BxE,https://www.youtube-nocookie.com/embed/mKu6FI53BxE?rel=0&enablejsapi=1&cc_load_policy=1,0,0,si,si,si,si,evidencia_entregada_y_criterio_superado,"Identifica autor, fecha y metodología || Distingue correlación de causalidad || Explica una limitación relevante",Ficha de evaluación de tres fuentes,no,revisar_automaticamente_antes_de_publicar,2026-08-04
mp_herramienta_metricool__mp-pol-001,mp_herramienta_metricool,Metricool,herramienta,MP,1,MP-POL-001,"Analizar mercado, competencia y situación","Analizar mercado, competencia y usuario antes de proponer acciones.",Cómo crear un buyer persona,HubSpot Español,https://www.youtube.com/watch?v=-xm2vgPHdHg,https://www.youtube-nocookie.com/embed/-xm2vgPHdHg?rel=0&enablejsapi=1&cc_load_policy=1,0,0,si,si,si,si,evidencia_entregada_y_criterio_superado,Define mercado y competidores comparables || Usa datos con fuente y fecha || Prioriza hallazgos relevantes en un diagnóstico,Análisis de mercado y competencia,no,revisar_automaticamente_antes_de_publicar,2026-08-04
mp_herramienta_metricool__mp-dig-004,mp_herramienta_metricool,Metricool,herramienta,MP,2,MP-DIG-004,Planificar publicidad digital,"Configurar objetivo, público, anuncio, presupuesto y medición.","Curso de Marketing Hub: CRM, formularios, anuncios, email y analítica",HubSpot Español,https://www.youtube.com/watch?v=Ama6IGE6tIs,https://www.youtube-nocookie.com/embed/Ama6IGE6tIs?rel=0&enablejsapi=1&cc_load_policy=1&start=272&end=451,272,451,si,si,si,si,evidencia_entregada_y_criterio_superado,"Campaña alineada con objetivo y etapa del embudo || Audiencia y exclusiones justificadas || Presupuesto, KPI y regla de optimización definidos",Plan de campaña con tres anuncios,no,revisar_automaticamente_antes_de_publicar,2026-08-04
mp_herramienta_metricool__mp-bas-004,mp_herramienta_metricool,Metricool,herramienta,MP,3,MP-BAS-004,"Evaluar fuentes y diferenciar dato, opinión e hipótesis","Separar observación, métrica, interpretación e hipótesis.",Google Analytics 4 Tutorial for Beginners,Analytics Mania,https://www.youtube.com/watch?v=mKu6FI53BxE,https://www.youtube-nocookie.com/embed/mKu6FI53BxE?rel=0&enablejsapi=1&cc_load_policy=1,0,0,si,si,si,si,evidencia_entregada_y_criterio_superado,"Identifica autor, fecha y metodología || Distingue correlación de causalidad || Explica una limitación relevante",Ficha de evaluación de tres fuentes,no,revisar_automaticamente_antes_de_publicar,2026-08-04
mp_sae_busqueda_empleo__mp-emp-001,mp_sae_busqueda_empleo,Servicio Andaluz de Empleo,empleo_busqueda,MP,1,MP-EMP-001,Construir portfolio y candidatura de marketing,Crear portfolio y presentación de casos con identidad coherente.,Kit de marca en Canva,Canva Latinoamérica,https://www.youtube.com/watch?v=havARJ_ZQg8,https://www.youtube-nocookie.com/embed/havARJ_ZQg8?rel=0&enablejsapi=1&cc_load_policy=1,0,0,si,si,si,si,evidencia_entregada_y_criterio_superado,"Portfolio incluye estrategia, pieza y resultados o métricas simuladas || CV usa vocabulario del puesto sin inventar experiencia || Matriz de brechas de tres ofertas","Portfolio, CV y matriz de brechas",sí,revisar_automaticamente_antes_de_publicar,2026-08-04
mp_sae_busqueda_empleo__mp-fin-002,mp_sae_busqueda_empleo,Servicio Andaluz de Empleo,empleo_busqueda,MP,2,MP-FIN-002,Evaluar inversión y retorno de marketing,"Relacionar inversión, campaña, resultado y retorno.","Curso de Marketing Hub: CRM, formularios, anuncios, email y analítica",HubSpot Español,https://www.youtube.com/watch?v=Ama6IGE6tIs,https://www.youtube-nocookie.com/embed/Ama6IGE6tIs?rel=0&enablejsapi=1&cc_load_policy=1&start=272&end=451,272,451,si,si,si,si,evidencia_entregada_y_criterio_superado,Selecciona métrica de retorno adecuada || Explicita supuestos de atribución || Presenta recomendación con riesgo e incertidumbre,Caso ROI/ROAS con recomendación,sí,revisar_automaticamente_antes_de_publicar,2026-08-04
mp_sae_busqueda_empleo__mp-lan-001,mp_sae_busqueda_empleo,Servicio Andaluz de Empleo,empleo_busqueda,MP,3,MP-LAN-001,Preparar el lanzamiento de un producto o servicio,"Planificar lanzamiento, activos, canales, automatización y medición.","Curso de Marketing Hub: CRM, formularios, anuncios, email y analítica",HubSpot Español,https://www.youtube.com/watch?v=Ama6IGE6tIs,https://www.youtube-nocookie.com/embed/Ama6IGE6tIs?rel=0&enablejsapi=1&cc_load_policy=1,0,0,si,si,si,si,evidencia_entregada_y_criterio_superado,"Define hipótesis y público de lanzamiento || Coordina contenido, medios y ventas || Incluye prueba, seguimiento y decisión posterior",Plan de lanzamiento de 30 días,no,revisar_automaticamente_antes_de_publicar,2026-08-04
mp_sae_busqueda_empleo__mp-eng-001,mp_sae_busqueda_empleo,Servicio Andaluz de Empleo,empleo_busqueda,MP,4,MP-ENG-001,Trabajar con briefs y comunicación de marketing en inglés,Extraer términos de analítica y presentar un resumen de métricas.,Google Analytics 4 Tutorial for Beginners,Analytics Mania,https://www.youtube.com/watch?v=mKu6FI53BxE,https://www.youtube-nocookie.com/embed/mKu6FI53BxE?rel=0&enablejsapi=1&cc_load_policy=1,0,0,si,si,si,si,evidencia_entregada_y_criterio_superado,Resume un brief en español || Redacta email y copy breve en inglés || Presenta resultados durante 2 minutos,Brief y presentación bilingüe,no,revisar_automaticamente_antes_de_publicar,2026-08-04
mp_sae_busqueda_empleo__mp-prj-001,mp_sae_busqueda_empleo,Servicio Andaluz de Empleo,empleo_busqueda,MP,5,MP-PRJ-001,Crear una campaña integrada de principio a fin,Construir una campaña integrada desde captación hasta análisis.,"Curso de Marketing Hub: CRM, formularios, anuncios, email y analítica",HubSpot Español,https://www.youtube.com/watch?v=Ama6IGE6tIs,https://www.youtube-nocookie.com/embed/Ama6IGE6tIs?rel=0&enablejsapi=1&cc_load_policy=1,0,0,si,si,si,si,evidencia_entregada_y_criterio_superado,"Problema y público respaldados por información || Plan, piezas, presupuesto y medición están conectados || Incluye resultados simulados o reales y aprendizaje",Caso de campaña completo,no,revisar_automaticamente_antes_de_publicar,2026-08-04
mp_portal_empleate_sepe__mp-emp-001,mp_portal_empleate_sepe,Portal Empléate,empleo_busqueda,MP,1,MP-EMP-001,Construir portfolio y candidatura de marketing,Crear portfolio y presentación de casos con identidad coherente.,Kit de marca en Canva,Canva Latinoamérica,https://www.youtube.com/watch?v=havARJ_ZQg8,https://www.youtube-nocookie.com/embed/havARJ_ZQg8?rel=0&enablejsapi=1&cc_load_policy=1,0,0,si,si,si,si,evidencia_entregada_y_criterio_superado,"Portfolio incluye estrategia, pieza y resultados o métricas simuladas || CV usa vocabulario del puesto sin inventar experiencia || Matriz de brechas de tres ofertas","Portfolio, CV y matriz de brechas",sí,revisar_automaticamente_antes_de_publicar,2026-08-04
mp_portal_empleate_sepe__mp-bas-002,mp_portal_empleate_sepe,Portal Empléate,empleo_busqueda,MP,2,MP-BAS-002,Redactar mensajes claros y orientados a una acción,"Redactar un mensaje para una persona, problema y acción concreta.",Cómo crear un buyer persona,HubSpot Español,https://www.youtube.com/watch?v=-xm2vgPHdHg,https://www.youtube-nocookie.com/embed/-xm2vgPHdHg?rel=0&enablejsapi=1&cc_load_policy=1,0,0,si,si,si,si,evidencia_entregada_y_criterio_superado,Redacta tres mensajes para públicos distintos || Mantiene una propuesta de valor concreta || Incluye llamada a la acción coherente,Tres piezas breves justificadas,sí,revisar_automaticamente_antes_de_publicar,2026-08-04
mp_portal_empleate_sepe__mp-fin-002,mp_portal_empleate_sepe,Portal Empléate,empleo_busqueda,MP,3,MP-FIN-002,Evaluar inversión y retorno de marketing,"Relacionar inversión, campaña, resultado y retorno.","Curso de Marketing Hub: CRM, formularios, anuncios, email y analítica",HubSpot Español,https://www.youtube.com/watch?v=Ama6IGE6tIs,https://www.youtube-nocookie.com/embed/Ama6IGE6tIs?rel=0&enablejsapi=1&cc_load_policy=1&start=272&end=451,272,451,si,si,si,si,evidencia_entregada_y_criterio_superado,Selecciona métrica de retorno adecuada || Explicita supuestos de atribución || Presenta recomendación con riesgo e incertidumbre,Caso ROI/ROAS con recomendación,no,revisar_automaticamente_antes_de_publicar,2026-08-04
mp_portal_empleate_sepe__mp-rrpp-001,mp_portal_empleate_sepe,Portal Empléate,empleo_busqueda,MP,4,MP-RRPP-001,Planificar relaciones públicas y comunicación institucional,"Definir públicos, mensajes, portavoces y plan de comunicación.",Cómo crear un buyer persona,HubSpot Español,https://www.youtube.com/watch?v=-xm2vgPHdHg,https://www.youtube-nocookie.com/embed/-xm2vgPHdHg?rel=0&enablejsapi=1&cc_load_policy=1,0,0,si,si,si,si,evidencia_entregada_y_criterio_superado,Mapa de públicos y mensajes || Material de prensa coherente || Protocolo de respuesta ante incidencia,Dossier de prensa y plan de contacto,no,revisar_automaticamente_antes_de_publicar,2026-08-04
mp_portal_empleate_sepe__mp-lan-001,mp_portal_empleate_sepe,Portal Empléate,empleo_busqueda,MP,5,MP-LAN-001,Preparar el lanzamiento de un producto o servicio,"Planificar lanzamiento, activos, canales, automatización y medición.","Curso de Marketing Hub: CRM, formularios, anuncios, email y analítica",HubSpot Español,https://www.youtube.com/watch?v=Ama6IGE6tIs,https://www.youtube-nocookie.com/embed/Ama6IGE6tIs?rel=0&enablejsapi=1&cc_load_policy=1,0,0,si,si,si,si,evidencia_entregada_y_criterio_superado,"Define hipótesis y público de lanzamiento || Coordina contenido, medios y ventas || Incluye prueba, seguimiento y decisión posterior",Plan de lanzamiento de 30 días,no,revisar_automaticamente_antes_de_publicar,2026-08-04
mp_camara_granada_ofertas_empleo__mp-emp-001,mp_camara_granada_ofertas_empleo,Ofertas de empleo de Cámara Granada,empleo_busqueda,MP,1,MP-EMP-001,Construir portfolio y candidatura de marketing,Crear portfolio y presentación de casos con identidad coherente.,Kit de marca en Canva,Canva Latinoamérica,https://www.youtube.com/watch?v=havARJ_ZQg8,https://www.youtube-nocookie.com/embed/havARJ_ZQg8?rel=0&enablejsapi=1&cc_load_policy=1,0,0,si,si,si,si,evidencia_entregada_y_criterio_superado,"Portfolio incluye estrategia, pieza y resultados o métricas simuladas || CV usa vocabulario del puesto sin inventar experiencia || Matriz de brechas de tres ofertas","Portfolio, CV y matriz de brechas",sí,revisar_automaticamente_antes_de_publicar,2026-08-04
mp_camara_granada_ofertas_empleo__mp-fin-002,mp_camara_granada_ofertas_empleo,Ofertas de empleo de Cámara Granada,empleo_busqueda,MP,2,MP-FIN-002,Evaluar inversión y retorno de marketing,"Relacionar inversión, campaña, resultado y retorno.","Curso de Marketing Hub: CRM, formularios, anuncios, email y analítica",HubSpot Español,https://www.youtube.com/watch?v=Ama6IGE6tIs,https://www.youtube-nocookie.com/embed/Ama6IGE6tIs?rel=0&enablejsapi=1&cc_load_policy=1&start=272&end=451,272,451,si,si,si,si,evidencia_entregada_y_criterio_superado,Selecciona métrica de retorno adecuada || Explicita supuestos de atribución || Presenta recomendación con riesgo e incertidumbre,Caso ROI/ROAS con recomendación,sí,revisar_automaticamente_antes_de_publicar,2026-08-04
mp_camara_granada_ofertas_empleo__mp-lan-001,mp_camara_granada_ofertas_empleo,Ofertas de empleo de Cámara Granada,empleo_busqueda,MP,3,MP-LAN-001,Preparar el lanzamiento de un producto o servicio,"Planificar lanzamiento, activos, canales, automatización y medición.","Curso de Marketing Hub: CRM, formularios, anuncios, email y analítica",HubSpot Español,https://www.youtube.com/watch?v=Ama6IGE6tIs,https://www.youtube-nocookie.com/embed/Ama6IGE6tIs?rel=0&enablejsapi=1&cc_load_policy=1,0,0,si,si,si,si,evidencia_entregada_y_criterio_superado,"Define hipótesis y público de lanzamiento || Coordina contenido, medios y ventas || Incluye prueba, seguimiento y decisión posterior",Plan de lanzamiento de 30 días,no,revisar_automaticamente_antes_de_publicar,2026-08-04
mp_camara_granada_ofertas_empleo__mp-eng-001,mp_camara_granada_ofertas_empleo,Ofertas de empleo de Cámara Granada,empleo_busqueda,MP,4,MP-ENG-001,Trabajar con briefs y comunicación de marketing en inglés,Extraer términos de analítica y presentar un resumen de métricas.,Google Analytics 4 Tutorial for Beginners,Analytics Mania,https://www.youtube.com/watch?v=mKu6FI53BxE,https://www.youtube-nocookie.com/embed/mKu6FI53BxE?rel=0&enablejsapi=1&cc_load_policy=1,0,0,si,si,si,si,evidencia_entregada_y_criterio_superado,Resume un brief en español || Redacta email y copy breve en inglés || Presenta resultados durante 2 minutos,Brief y presentación bilingüe,no,revisar_automaticamente_antes_de_publicar,2026-08-04
mp_camara_granada_ofertas_empleo__mp-prj-001,mp_camara_granada_ofertas_empleo,Ofertas de empleo de Cámara Granada,empleo_busqueda,MP,5,MP-PRJ-001,Crear una campaña integrada de principio a fin,Construir una campaña integrada desde captación hasta análisis.,"Curso de Marketing Hub: CRM, formularios, anuncios, email y analítica",HubSpot Español,https://www.youtube.com/watch?v=Ama6IGE6tIs,https://www.youtube-nocookie.com/embed/Ama6IGE6tIs?rel=0&enablejsapi=1&cc_load_policy=1,0,0,si,si,si,si,evidencia_entregada_y_criterio_superado,"Problema y público respaldados por información || Plan, piezas, presupuesto y medición están conectados || Incluye resultados simulados o reales y aprendizaje",Caso de campaña completo,no,revisar_automaticamente_antes_de_publicar,2026-08-04
mp_fundacion_sepi_becas_fp_2026__mp-emp-001,mp_fundacion_sepi_becas_fp_2026,Becas Fundación SEPI para FP Superior,beca,MP,1,MP-EMP-001,Construir portfolio y candidatura de marketing,Crear portfolio y presentación de casos con identidad coherente.,Kit de marca en Canva,Canva Latinoamérica,https://www.youtube.com/watch?v=havARJ_ZQg8,https://www.youtube-nocookie.com/embed/havARJ_ZQg8?rel=0&enablejsapi=1&cc_load_policy=1,0,0,si,si,si,si,evidencia_entregada_y_criterio_superado,"Portfolio incluye estrategia, pieza y resultados o métricas simuladas || CV usa vocabulario del puesto sin inventar experiencia || Matriz de brechas de tres ofertas","Portfolio, CV y matriz de brechas",sí,revisar_automaticamente_antes_de_publicar,2026-08-04
mp_fundacion_sepi_becas_fp_2026__mp-fin-002,mp_fundacion_sepi_becas_fp_2026,Becas Fundación SEPI para FP Superior,beca,MP,2,MP-FIN-002,Evaluar inversión y retorno de marketing,"Relacionar inversión, campaña, resultado y retorno.","Curso de Marketing Hub: CRM, formularios, anuncios, email y analítica",HubSpot Español,https://www.youtube.com/watch?v=Ama6IGE6tIs,https://www.youtube-nocookie.com/embed/Ama6IGE6tIs?rel=0&enablejsapi=1&cc_load_policy=1&start=272&end=451,272,451,si,si,si,si,evidencia_entregada_y_criterio_superado,Selecciona métrica de retorno adecuada || Explicita supuestos de atribución || Presenta recomendación con riesgo e incertidumbre,Caso ROI/ROAS con recomendación,sí,revisar_automaticamente_antes_de_publicar,2026-08-04
mp_fundacion_sepi_becas_fp_2026__mp-med-001,mp_fundacion_sepi_becas_fp_2026,Becas Fundación SEPI para FP Superior,beca,MP,3,MP-MED-001,Construir un plan de medios,Distribuir presupuesto entre medios y definir KPI y optimización.,"Curso de Marketing Hub: CRM, formularios, anuncios, email y analítica",HubSpot Español,https://www.youtube.com/watch?v=Ama6IGE6tIs,https://www.youtube-nocookie.com/embed/Ama6IGE6tIs?rel=0&enablejsapi=1&cc_load_policy=1&start=272&end=451,272,451,si,si,si,si,evidencia_entregada_y_criterio_superado,Canales corresponden al público y objetivo || Presupuesto y calendario son viables || Define métricas y criterios de ajuste,Plan de medios con distribución presupuestaria,no,revisar_automaticamente_antes_de_publicar,2026-08-04
mp_fundacion_sepi_becas_fp_2026__mp-lan-001,mp_fundacion_sepi_becas_fp_2026,Becas Fundación SEPI para FP Superior,beca,MP,4,MP-LAN-001,Preparar el lanzamiento de un producto o servicio,"Planificar lanzamiento, activos, canales, automatización y medición.","Curso de Marketing Hub: CRM, formularios, anuncios, email y analítica",HubSpot Español,https://www.youtube.com/watch?v=Ama6IGE6tIs,https://www.youtube-nocookie.com/embed/Ama6IGE6tIs?rel=0&enablejsapi=1&cc_load_policy=1,0,0,si,si,si,si,evidencia_entregada_y_criterio_superado,"Define hipótesis y público de lanzamiento || Coordina contenido, medios y ventas || Incluye prueba, seguimiento y decisión posterior",Plan de lanzamiento de 30 días,no,revisar_automaticamente_antes_de_publicar,2026-08-04
mp_fundacion_sepi_becas_fp_2026__mp-eng-001,mp_fundacion_sepi_becas_fp_2026,Becas Fundación SEPI para FP Superior,beca,MP,5,MP-ENG-001,Trabajar con briefs y comunicación de marketing en inglés,Extraer términos de analítica y presentar un resumen de métricas.,Google Analytics 4 Tutorial for Beginners,Analytics Mania,https://www.youtube.com/watch?v=mKu6FI53BxE,https://www.youtube-nocookie.com/embed/mKu6FI53BxE?rel=0&enablejsapi=1&cc_load_policy=1,0,0,si,si,si,si,evidencia_entregada_y_criterio_superado,Resume un brief en español || Redacta email y copy breve en inglés || Presenta resultados durante 2 minutos,Brief y presentación bilingüe,no,revisar_automaticamente_antes_de_publicar,2026-08-04
mp_talento_joven_camara_granada__mp-emp-001,mp_talento_joven_camara_granada,Programa Talento Joven,convocatoria_practicas,MP,1,MP-EMP-001,Construir portfolio y candidatura de marketing,Crear portfolio y presentación de casos con identidad coherente.,Kit de marca en Canva,Canva Latinoamérica,https://www.youtube.com/watch?v=havARJ_ZQg8,https://www.youtube-nocookie.com/embed/havARJ_ZQg8?rel=0&enablejsapi=1&cc_load_policy=1,0,0,si,si,si,si,evidencia_entregada_y_criterio_superado,"Portfolio incluye estrategia, pieza y resultados o métricas simuladas || CV usa vocabulario del puesto sin inventar experiencia || Matriz de brechas de tres ofertas","Portfolio, CV y matriz de brechas",sí,revisar_automaticamente_antes_de_publicar,2026-08-04
mp_talento_joven_camara_granada__mp-pol-003,mp_talento_joven_camara_granada,Programa Talento Joven,convocatoria_practicas,MP,2,MP-POL-003,Construir un plan de marketing medible,"Convertir estrategia en objetivos, acciones, activos y métricas.","Curso de Marketing Hub: CRM, formularios, anuncios, email y analítica",HubSpot Español,https://www.youtube.com/watch?v=Ama6IGE6tIs,https://www.youtube-nocookie.com/embed/Ama6IGE6tIs?rel=0&enablejsapi=1&cc_load_policy=1,0,0,si,si,si,si,evidencia_entregada_y_criterio_superado,"Objetivos específicos y medibles || Acciones conectadas con estrategia y público || KPI, presupuesto y calendario permiten seguimiento",Plan de marketing de 6 a 10 páginas,sí,revisar_automaticamente_antes_de_publicar,2026-08-04
mp_talento_joven_camara_granada__mp-dis-001,mp_talento_joven_camara_granada,Programa Talento Joven,convocatoria_practicas,MP,3,MP-DIS-001,Crear identidad visual y piezas coherentes,Crear identidad mínima y piezas coherentes entre canales.,Kit de marca en Canva,Canva Latinoamérica,https://www.youtube.com/watch?v=havARJ_ZQg8,https://www.youtube-nocookie.com/embed/havARJ_ZQg8?rel=0&enablejsapi=1&cc_load_policy=1,0,0,si,si,si,si,evidencia_entregada_y_criterio_superado,Define reglas visuales mínimas || Adapta una idea a tres formatos || Mantiene legibilidad y derechos de uso de recursos,Mini sistema visual y tres piezas,no,revisar_automaticamente_antes_de_publicar,2026-08-04
mp_fp_dual_angel_ganivet__mp-emp-001,mp_fp_dual_angel_ganivet,Marketing y Publicidad en modalidad dual,convocatoria_practicas,MP,1,MP-EMP-001,Construir portfolio y candidatura de marketing,Crear portfolio y presentación de casos con identidad coherente.,Kit de marca en Canva,Canva Latinoamérica,https://www.youtube.com/watch?v=havARJ_ZQg8,https://www.youtube-nocookie.com/embed/havARJ_ZQg8?rel=0&enablejsapi=1&cc_load_policy=1,0,0,si,si,si,si,evidencia_entregada_y_criterio_superado,"Portfolio incluye estrategia, pieza y resultados o métricas simuladas || CV usa vocabulario del puesto sin inventar experiencia || Matriz de brechas de tres ofertas","Portfolio, CV y matriz de brechas",sí,revisar_automaticamente_antes_de_publicar,2026-08-04
mp_fp_dual_angel_ganivet__mp-fin-002,mp_fp_dual_angel_ganivet,Marketing y Publicidad en modalidad dual,convocatoria_practicas,MP,2,MP-FIN-002,Evaluar inversión y retorno de marketing,"Relacionar inversión, campaña, resultado y retorno.","Curso de Marketing Hub: CRM, formularios, anuncios, email y analítica",HubSpot Español,https://www.youtube.com/watch?v=Ama6IGE6tIs,https://www.youtube-nocookie.com/embed/Ama6IGE6tIs?rel=0&enablejsapi=1&cc_load_policy=1&start=272&end=451,272,451,si,si,si,si,evidencia_entregada_y_criterio_superado,Selecciona métrica de retorno adecuada || Explicita supuestos de atribución || Presenta recomendación con riesgo e incertidumbre,Caso ROI/ROAS con recomendación,sí,revisar_automaticamente_antes_de_publicar,2026-08-04
mp_fp_dual_angel_ganivet__mp-med-001,mp_fp_dual_angel_ganivet,Marketing y Publicidad en modalidad dual,convocatoria_practicas,MP,3,MP-MED-001,Construir un plan de medios,Distribuir presupuesto entre medios y definir KPI y optimización.,"Curso de Marketing Hub: CRM, formularios, anuncios, email y analítica",HubSpot Español,https://www.youtube.com/watch?v=Ama6IGE6tIs,https://www.youtube-nocookie.com/embed/Ama6IGE6tIs?rel=0&enablejsapi=1&cc_load_policy=1&start=272&end=451,272,451,si,si,si,si,evidencia_entregada_y_criterio_superado,Canales corresponden al público y objetivo || Presupuesto y calendario son viables || Define métricas y criterios de ajuste,Plan de medios con distribución presupuestaria,no,revisar_automaticamente_antes_de_publicar,2026-08-04
mp_fp_dual_angel_ganivet__mp-lan-001,mp_fp_dual_angel_ganivet,Marketing y Publicidad en modalidad dual,convocatoria_practicas,MP,4,MP-LAN-001,Preparar el lanzamiento de un producto o servicio,"Planificar lanzamiento, activos, canales, automatización y medición.","Curso de Marketing Hub: CRM, formularios, anuncios, email y analítica",HubSpot Español,https://www.youtube.com/watch?v=Ama6IGE6tIs,https://www.youtube-nocookie.com/embed/Ama6IGE6tIs?rel=0&enablejsapi=1&cc_load_policy=1,0,0,si,si,si,si,evidencia_entregada_y_criterio_superado,"Define hipótesis y público de lanzamiento || Coordina contenido, medios y ventas || Incluye prueba, seguimiento y decisión posterior",Plan de lanzamiento de 30 días,no,revisar_automaticamente_antes_de_publicar,2026-08-04
mp_fp_dual_angel_ganivet__mp-eng-001,mp_fp_dual_angel_ganivet,Marketing y Publicidad en modalidad dual,convocatoria_practicas,MP,5,MP-ENG-001,Trabajar con briefs y comunicación de marketing en inglés,Extraer términos de analítica y presentar un resumen de métricas.,Google Analytics 4 Tutorial for Beginners,Analytics Mania,https://www.youtube.com/watch?v=mKu6FI53BxE,https://www.youtube-nocookie.com/embed/mKu6FI53BxE?rel=0&enablejsapi=1&cc_load_policy=1,0,0,si,si,si,si,evidencia_entregada_y_criterio_superado,Resume un brief en español || Redacta email y copy breve en inglés || Presenta resultados durante 2 minutos,Brief y presentación bilingüe,no,revisar_automaticamente_antes_de_publicar,2026-08-04
mp_eures_empleo_marketing__mp-emp-001,mp_eures_empleo_marketing,EURES para empleo y prácticas en Europa,empleo_busqueda,MP,1,MP-EMP-001,Construir portfolio y candidatura de marketing,Crear portfolio y presentación de casos con identidad coherente.,Kit de marca en Canva,Canva Latinoamérica,https://www.youtube.com/watch?v=havARJ_ZQg8,https://www.youtube-nocookie.com/embed/havARJ_ZQg8?rel=0&enablejsapi=1&cc_load_policy=1,0,0,si,si,si,si,evidencia_entregada_y_criterio_superado,"Portfolio incluye estrategia, pieza y resultados o métricas simuladas || CV usa vocabulario del puesto sin inventar experiencia || Matriz de brechas de tres ofertas","Portfolio, CV y matriz de brechas",sí,revisar_automaticamente_antes_de_publicar,2026-08-04
mp_eures_empleo_marketing__mp-fin-002,mp_eures_empleo_marketing,EURES para empleo y prácticas en Europa,empleo_busqueda,MP,2,MP-FIN-002,Evaluar inversión y retorno de marketing,"Relacionar inversión, campaña, resultado y retorno.","Curso de Marketing Hub: CRM, formularios, anuncios, email y analítica",HubSpot Español,https://www.youtube.com/watch?v=Ama6IGE6tIs,https://www.youtube-nocookie.com/embed/Ama6IGE6tIs?rel=0&enablejsapi=1&cc_load_policy=1&start=272&end=451,272,451,si,si,si,si,evidencia_entregada_y_criterio_superado,Selecciona métrica de retorno adecuada || Explicita supuestos de atribución || Presenta recomendación con riesgo e incertidumbre,Caso ROI/ROAS con recomendación,sí,revisar_automaticamente_antes_de_publicar,2026-08-04
mp_eures_empleo_marketing__mp-lan-001,mp_eures_empleo_marketing,EURES para empleo y prácticas en Europa,empleo_busqueda,MP,3,MP-LAN-001,Preparar el lanzamiento de un producto o servicio,"Planificar lanzamiento, activos, canales, automatización y medición.","Curso de Marketing Hub: CRM, formularios, anuncios, email y analítica",HubSpot Español,https://www.youtube.com/watch?v=Ama6IGE6tIs,https://www.youtube-nocookie.com/embed/Ama6IGE6tIs?rel=0&enablejsapi=1&cc_load_policy=1,0,0,si,si,si,si,evidencia_entregada_y_criterio_superado,"Define hipótesis y público de lanzamiento || Coordina contenido, medios y ventas || Incluye prueba, seguimiento y decisión posterior",Plan de lanzamiento de 30 días,no,revisar_automaticamente_antes_de_publicar,2026-08-04
mp_eures_empleo_marketing__mp-eng-001,mp_eures_empleo_marketing,EURES para empleo y prácticas en Europa,empleo_busqueda,MP,4,MP-ENG-001,Trabajar con briefs y comunicación de marketing en inglés,Extraer términos de analítica y presentar un resumen de métricas.,Google Analytics 4 Tutorial for Beginners,Analytics Mania,https://www.youtube.com/watch?v=mKu6FI53BxE,https://www.youtube-nocookie.com/embed/mKu6FI53BxE?rel=0&enablejsapi=1&cc_load_policy=1,0,0,si,si,si,si,evidencia_entregada_y_criterio_superado,Resume un brief en español || Redacta email y copy breve en inglés || Presenta resultados durante 2 minutos,Brief y presentación bilingüe,no,revisar_automaticamente_antes_de_publicar,2026-08-04
mp_eures_empleo_marketing__mp-prj-001,mp_eures_empleo_marketing,EURES para empleo y prácticas en Europa,empleo_busqueda,MP,5,MP-PRJ-001,Crear una campaña integrada de principio a fin,Construir una campaña integrada desde captación hasta análisis.,"Curso de Marketing Hub: CRM, formularios, anuncios, email y analítica",HubSpot Español,https://www.youtube.com/watch?v=Ama6IGE6tIs,https://www.youtube-nocookie.com/embed/Ama6IGE6tIs?rel=0&enablejsapi=1&cc_load_policy=1,0,0,si,si,si,si,evidencia_entregada_y_criterio_superado,"Problema y público respaldados por información || Plan, piezas, presupuesto y medición están conectados || Incluye resultados simulados o reales y aprendizaje",Caso de campaña completo,no,revisar_automaticamente_antes_de_publicar,2026-08-04
mp_eures_movilidad_tms__mp-emp-001,mp_eures_movilidad_tms,EURES Targeted Mobility Scheme,beca,MP,1,MP-EMP-001,Construir portfolio y candidatura de marketing,Crear portfolio y presentación de casos con identidad coherente.,Kit de marca en Canva,Canva Latinoamérica,https://www.youtube.com/watch?v=havARJ_ZQg8,https://www.youtube-nocookie.com/embed/havARJ_ZQg8?rel=0&enablejsapi=1&cc_load_policy=1,0,0,si,si,si,si,evidencia_entregada_y_criterio_superado,"Portfolio incluye estrategia, pieza y resultados o métricas simuladas || CV usa vocabulario del puesto sin inventar experiencia || Matriz de brechas de tres ofertas","Portfolio, CV y matriz de brechas",sí,revisar_automaticamente_antes_de_publicar,2026-08-04
mp_eures_movilidad_tms__mp-pol-003,mp_eures_movilidad_tms,EURES Targeted Mobility Scheme,beca,MP,2,MP-POL-003,Construir un plan de marketing medible,"Convertir estrategia en objetivos, acciones, activos y métricas.","Curso de Marketing Hub: CRM, formularios, anuncios, email y analítica",HubSpot Español,https://www.youtube.com/watch?v=Ama6IGE6tIs,https://www.youtube-nocookie.com/embed/Ama6IGE6tIs?rel=0&enablejsapi=1&cc_load_policy=1,0,0,si,si,si,si,evidencia_entregada_y_criterio_superado,"Objetivos específicos y medibles || Acciones conectadas con estrategia y público || KPI, presupuesto y calendario permiten seguimiento",Plan de marketing de 6 a 10 páginas,sí,revisar_automaticamente_antes_de_publicar,2026-08-04
mp_eures_movilidad_tms__mp-dis-001,mp_eures_movilidad_tms,EURES Targeted Mobility Scheme,beca,MP,3,MP-DIS-001,Crear identidad visual y piezas coherentes,Crear identidad mínima y piezas coherentes entre canales.,Kit de marca en Canva,Canva Latinoamérica,https://www.youtube.com/watch?v=havARJ_ZQg8,https://www.youtube-nocookie.com/embed/havARJ_ZQg8?rel=0&enablejsapi=1&cc_load_policy=1,0,0,si,si,si,si,evidencia_entregada_y_criterio_superado,Define reglas visuales mínimas || Adapta una idea a tres formatos || Mantiene legibilidad y derechos de uso de recursos,Mini sistema visual y tres piezas,no,revisar_automaticamente_antes_de_publicar,2026-08-04
mp_technology_for_marketing_madrid_2026__mp-evt-001,mp_technology_for_marketing_madrid_2026,Technology for Marketing Madrid 2026,evento,MP,1,MP-EVT-001,Diseñar y evaluar un evento de marketing,"Organizar cronograma, responsables, activos, invitados y evaluación de evento.","Curso completo de Google Drive: organizar, compartir y colaborar",Carlos Cortés Academy,https://www.youtube.com/watch?v=xBaRjZUVSgc,https://www.youtube-nocookie.com/embed/xBaRjZUVSgc?rel=0&enablejsapi=1&cc_load_policy=1,0,0,si,si,si,si,evidencia_entregada_y_criterio_superado,"Cronograma y responsabilidades completos || Presupuesto, proveedores y contingencias definidos || Métricas de asistencia, interacción y resultado",Dossier de evento,sí,revisar_automaticamente_antes_de_publicar,2026-08-04
mp_technology_for_marketing_madrid_2026__mp-dig-001,mp_technology_for_marketing_madrid_2026,Technology for Marketing Madrid 2026,evento,MP,2,MP-DIG-001,Planificar presencia web y conversión,"Crear formularios, CTA y recorrido de conversión.","Curso de Marketing Hub: CRM, formularios, anuncios, email y analítica",HubSpot Español,https://www.youtube.com/watch?v=Ama6IGE6tIs,https://www.youtube-nocookie.com/embed/Ama6IGE6tIs?rel=0&enablejsapi=1&cc_load_policy=1&start=166&end=272,166,272,si,si,si,si,evidencia_entregada_y_criterio_superado,"La web responde a objetivo y público || El recorrido incluye llamada y conversión medible || Incluye privacidad, accesibilidad y versión móvil",Wireframe y plan de medición de una landing,sí,revisar_automaticamente_antes_de_publicar,2026-08-04
mp_technology_for_marketing_madrid_2026__mp-dig-003,mp_technology_for_marketing_madrid_2026,Technology for Marketing Madrid 2026,evento,MP,3,MP-DIG-003,Diseñar email marketing y automatizaciones,"Diseñar email, segmentación, automatización y revisión de resultados.",Email marketing: estrategia y ejecución,HubSpot Español,https://www.youtube.com/watch?v=U8izqPoZMWg,https://www.youtube-nocookie.com/embed/U8izqPoZMWg?rel=0&enablejsapi=1&cc_load_policy=1,0,0,si,si,si,si,evidencia_entregada_y_criterio_superado,"Segmentación y disparador están definidos || Cada mensaje tiene objetivo y CTA || Incluye consentimiento, baja y control de frecuencia",Secuencia de bienvenida de 3 mensajes,no,revisar_automaticamente_antes_de_publicar,2026-08-04
mp_technology_for_marketing_madrid_2026__mp-dig-004,mp_technology_for_marketing_madrid_2026,Technology for Marketing Madrid 2026,evento,MP,4,MP-DIG-004,Planificar publicidad digital,"Configurar objetivo, público, anuncio, presupuesto y medición.","Curso de Marketing Hub: CRM, formularios, anuncios, email y analítica",HubSpot Español,https://www.youtube.com/watch?v=Ama6IGE6tIs,https://www.youtube-nocookie.com/embed/Ama6IGE6tIs?rel=0&enablejsapi=1&cc_load_policy=1&start=272&end=451,272,451,si,si,si,si,evidencia_entregada_y_criterio_superado,"Campaña alineada con objetivo y etapa del embudo || Audiencia y exclusiones justificadas || Presupuesto, KPI y regla de optimización definidos",Plan de campaña con tres anuncios,no,revisar_automaticamente_antes_de_publicar,2026-08-04
mp_technology_for_marketing_madrid_2026__mp-bas-005,mp_technology_for_marketing_madrid_2026,Technology for Marketing Madrid 2026,evento,MP,5,MP-BAS-005,"Comprender cliente, problema y modelo de negocio","Definir cliente, problema, contexto y propuesta inicial.",Cómo crear un buyer persona,HubSpot Español,https://www.youtube.com/watch?v=-xm2vgPHdHg,https://www.youtube-nocookie.com/embed/-xm2vgPHdHg?rel=0&enablejsapi=1&cc_load_policy=1,0,0,si,si,si,si,evidencia_entregada_y_criterio_superado,Define un segmento concreto || Formula problema y propuesta sin generalidades || Identifica cómo se entrega y monetiza valor,Canvas simplificado de una pyme,no,revisar_automaticamente_antes_de_publicar,2026-08-04
mp_jornadas_publicidad_exterior_granada_2026__mp-med-001,mp_jornadas_publicidad_exterior_granada_2026,XXXIII Jornadas de Publicidad Exterior,evento,MP,1,MP-MED-001,Construir un plan de medios,Distribuir presupuesto entre medios y definir KPI y optimización.,"Curso de Marketing Hub: CRM, formularios, anuncios, email y analítica",HubSpot Español,https://www.youtube.com/watch?v=Ama6IGE6tIs,https://www.youtube-nocookie.com/embed/Ama6IGE6tIs?rel=0&enablejsapi=1&cc_load_policy=1&start=272&end=451,272,451,si,si,si,si,evidencia_entregada_y_criterio_superado,Canales corresponden al público y objetivo || Presupuesto y calendario son viables || Define métricas y criterios de ajuste,Plan de medios con distribución presupuestaria,sí,revisar_automaticamente_antes_de_publicar,2026-08-04
mp_jornadas_publicidad_exterior_granada_2026__mp-dis-001,mp_jornadas_publicidad_exterior_granada_2026,XXXIII Jornadas de Publicidad Exterior,evento,MP,2,MP-DIS-001,Crear identidad visual y piezas coherentes,Crear identidad mínima y piezas coherentes entre canales.,Kit de marca en Canva,Canva Latinoamérica,https://www.youtube.com/watch?v=havARJ_ZQg8,https://www.youtube-nocookie.com/embed/havARJ_ZQg8?rel=0&enablejsapi=1&cc_load_policy=1,0,0,si,si,si,si,evidencia_entregada_y_criterio_superado,Define reglas visuales mínimas || Adapta una idea a tres formatos || Mantiene legibilidad y derechos de uso de recursos,Mini sistema visual y tres piezas,sí,revisar_automaticamente_antes_de_publicar,2026-08-04
mp_jornadas_publicidad_exterior_granada_2026__mp-evt-001,mp_jornadas_publicidad_exterior_granada_2026,XXXIII Jornadas de Publicidad Exterior,evento,MP,3,MP-EVT-001,Diseñar y evaluar un evento de marketing,"Organizar cronograma, responsables, activos, invitados y evaluación de evento.","Curso completo de Google Drive: organizar, compartir y colaborar",Carlos Cortés Academy,https://www.youtube.com/watch?v=xBaRjZUVSgc,https://www.youtube-nocookie.com/embed/xBaRjZUVSgc?rel=0&enablejsapi=1&cc_load_policy=1,0,0,si,si,si,si,evidencia_entregada_y_criterio_superado,"Cronograma y responsabilidades completos || Presupuesto, proveedores y contingencias definidos || Métricas de asistencia, interacción y resultado",Dossier de evento,no,revisar_automaticamente_antes_de_publicar,2026-08-04
mp_jornadas_publicidad_exterior_granada_2026__mp-prj-002,mp_jornadas_publicidad_exterior_granada_2026,XXXIII Jornadas de Publicidad Exterior,evento,MP,4,MP-PRJ-002,Presentar y defender una propuesta,"Presentar propuesta, decisión creativa, medios, presupuesto y KPI.",Kit de marca en Canva,Canva Latinoamérica,https://www.youtube.com/watch?v=havARJ_ZQg8,https://www.youtube-nocookie.com/embed/havARJ_ZQg8?rel=0&enablejsapi=1&cc_load_policy=1,0,0,si,si,si,si,evidencia_entregada_y_criterio_superado,Pitch de 5 minutos || Muestra piezas y datos sin saturar || Responde objeciones y reconoce límites,Vídeo o presentación de pitch,no,revisar_automaticamente_antes_de_publicar,2026-08-04
mp_jornadas_publicidad_exterior_granada_2026__mp-dig-004,mp_jornadas_publicidad_exterior_granada_2026,XXXIII Jornadas de Publicidad Exterior,evento,MP,5,MP-DIG-004,Planificar publicidad digital,"Configurar objetivo, público, anuncio, presupuesto y medición.","Curso de Marketing Hub: CRM, formularios, anuncios, email y analítica",HubSpot Español,https://www.youtube.com/watch?v=Ama6IGE6tIs,https://www.youtube-nocookie.com/embed/Ama6IGE6tIs?rel=0&enablejsapi=1&cc_load_policy=1&start=272&end=451,272,451,si,si,si,si,evidencia_entregada_y_criterio_superado,"Campaña alineada con objetivo y etapa del embudo || Audiencia y exclusiones justificadas || Presupuesto, KPI y regla de optimización definidos",Plan de campaña con tres anuncios,no,revisar_automaticamente_antes_de_publicar,2026-08-04
mp_alhambra_venture_2026__mp-prj-002,mp_alhambra_venture_2026,Alhambra Venture 2026,evento,MP,1,MP-PRJ-002,Presentar y defender una propuesta,"Presentar propuesta, decisión creativa, medios, presupuesto y KPI.",Kit de marca en Canva,Canva Latinoamérica,https://www.youtube.com/watch?v=havARJ_ZQg8,https://www.youtube-nocookie.com/embed/havARJ_ZQg8?rel=0&enablejsapi=1&cc_load_policy=1,0,0,si,si,si,si,evidencia_entregada_y_criterio_superado,Pitch de 5 minutos || Muestra piezas y datos sin saturar || Responde objeciones y reconoce límites,Vídeo o presentación de pitch,sí,revisar_automaticamente_antes_de_publicar,2026-08-04
mp_alhambra_venture_2026__mp-bas-002,mp_alhambra_venture_2026,Alhambra Venture 2026,evento,MP,2,MP-BAS-002,Redactar mensajes claros y orientados a una acción,"Redactar un mensaje para una persona, problema y acción concreta.",Cómo crear un buyer persona,HubSpot Español,https://www.youtube.com/watch?v=-xm2vgPHdHg,https://www.youtube-nocookie.com/embed/-xm2vgPHdHg?rel=0&enablejsapi=1&cc_load_policy=1,0,0,si,si,si,si,evidencia_entregada_y_criterio_superado,Redacta tres mensajes para públicos distintos || Mantiene una propuesta de valor concreta || Incluye llamada a la acción coherente,Tres piezas breves justificadas,sí,revisar_automaticamente_antes_de_publicar,2026-08-04
mp_alhambra_venture_2026__mp-bas-005,mp_alhambra_venture_2026,Alhambra Venture 2026,evento,MP,3,MP-BAS-005,"Comprender cliente, problema y modelo de negocio","Definir cliente, problema, contexto y propuesta inicial.",Cómo crear un buyer persona,HubSpot Español,https://www.youtube.com/watch?v=-xm2vgPHdHg,https://www.youtube-nocookie.com/embed/-xm2vgPHdHg?rel=0&enablejsapi=1&cc_load_policy=1,0,0,si,si,si,si,evidencia_entregada_y_criterio_superado,Define un segmento concreto || Formula problema y propuesta sin generalidades || Identifica cómo se entrega y monetiza valor,Canvas simplificado de una pyme,no,revisar_automaticamente_antes_de_publicar,2026-08-04
mp_alhambra_venture_2026__mp-pol-002,mp_alhambra_venture_2026,Alhambra Venture 2026,evento,MP,4,MP-POL-002,"Definir segmentación, posicionamiento y propuesta","Definir segmento, posicionamiento y propuesta de valor.",Cómo crear un buyer persona,HubSpot Español,https://www.youtube.com/watch?v=-xm2vgPHdHg,https://www.youtube-nocookie.com/embed/-xm2vgPHdHg?rel=0&enablejsapi=1&cc_load_policy=1,0,0,si,si,si,si,evidencia_entregada_y_criterio_superado,Segmentos medibles y diferenciados || Target elegido con justificación || Posicionamiento y propuesta coherentes,"Ficha de segmento, buyer persona prudente y mapa de posicionamiento",no,revisar_automaticamente_antes_de_publicar,2026-08-04
mp_alhambra_venture_2026__mp-dis-001,mp_alhambra_venture_2026,Alhambra Venture 2026,evento,MP,5,MP-DIS-001,Crear identidad visual y piezas coherentes,Crear identidad mínima y piezas coherentes entre canales.,Kit de marca en Canva,Canva Latinoamérica,https://www.youtube.com/watch?v=havARJ_ZQg8,https://www.youtube-nocookie.com/embed/havARJ_ZQg8?rel=0&enablejsapi=1&cc_load_policy=1,0,0,si,si,si,si,evidencia_entregada_y_criterio_superado,Define reglas visuales mínimas || Adapta una idea a tres formatos || Mantiene legibilidad y derechos de uso de recursos,Mini sistema visual y tres piezas,no,revisar_automaticamente_antes_de_publicar,2026-08-04
mp_des_malaga_2026__mp-bas-003,mp_des_malaga_2026,DES Digital Enterprise Show 2026,evento,MP,1,MP-BAS-003,"Calcular porcentajes, costes y métricas básicas","Calcular porcentajes, costes, tasas y métricas básicas.",Curso completo de Excel,A2 Capacitación: Excel,https://www.youtube.com/watch?v=m8i4fMUCpK0,https://www.youtube-nocookie.com/embed/m8i4fMUCpK0?rel=0&enablejsapi=1&cc_load_policy=1&start=980&end=1657,980,1657,si,si,si,si,evidencia_entregada_y_criterio_superado,"Calcula variación porcentual y tasa de conversión || Diferencia ingreso, coste, margen y beneficio || Usa referencias correctas en una hoja de cálculo",Hoja con 15 ejercicios resueltos,sí,revisar_automaticamente_antes_de_publicar,2026-08-04
mp_des_malaga_2026__mp-bas-004,mp_des_malaga_2026,DES Digital Enterprise Show 2026,evento,MP,2,MP-BAS-004,"Evaluar fuentes y diferenciar dato, opinión e hipótesis","Separar observación, métrica, interpretación e hipótesis.",Google Analytics 4 Tutorial for Beginners,Analytics Mania,https://www.youtube.com/watch?v=mKu6FI53BxE,https://www.youtube-nocookie.com/embed/mKu6FI53BxE?rel=0&enablejsapi=1&cc_load_policy=1,0,0,si,si,si,si,evidencia_entregada_y_criterio_superado,"Identifica autor, fecha y metodología || Distingue correlación de causalidad || Explica una limitación relevante",Ficha de evaluación de tres fuentes,sí,revisar_automaticamente_antes_de_publicar,2026-08-04
mp_des_malaga_2026__mp-fin-002,mp_des_malaga_2026,DES Digital Enterprise Show 2026,evento,MP,3,MP-FIN-002,Evaluar inversión y retorno de marketing,"Relacionar inversión, campaña, resultado y retorno.","Curso de Marketing Hub: CRM, formularios, anuncios, email y analítica",HubSpot Español,https://www.youtube.com/watch?v=Ama6IGE6tIs,https://www.youtube-nocookie.com/embed/Ama6IGE6tIs?rel=0&enablejsapi=1&cc_load_policy=1&start=272&end=451,272,451,si,si,si,si,evidencia_entregada_y_criterio_superado,Selecciona métrica de retorno adecuada || Explicita supuestos de atribución || Presenta recomendación con riesgo e incertidumbre,Caso ROI/ROAS con recomendación,no,revisar_automaticamente_antes_de_publicar,2026-08-04
mp_des_malaga_2026__mp-inv-001,mp_des_malaga_2026,DES Digital Enterprise Show 2026,evento,MP,4,MP-INV-001,Diseñar una investigación de mercado,"Diseñar una investigación con objetivo, preguntas y método de recogida.",Google Forms: crear encuestas y analizar respuestas,GCFAprendeLibre,https://www.youtube.com/watch?v=szlGX3MseWc,https://www.youtube-nocookie.com/embed/szlGX3MseWc?rel=0&enablejsapi=1&cc_load_policy=1,0,0,si,si,si,si,evidencia_entregada_y_criterio_superado,Pregunta de investigación concreta || Método coherente con objetivo || Variables e indicadores definidos,Plan de investigación,no,revisar_automaticamente_antes_de_publicar,2026-08-04
mp_des_malaga_2026__mp-cam-001,mp_des_malaga_2026,DES Digital Enterprise Show 2026,evento,MP,5,MP-CAM-001,Planificar y controlar trabajo de campo,"Planificar trabajo de campo, permisos, control y consolidación de respuestas.","Curso completo de Google Drive: organizar, compartir y colaborar",Carlos Cortés Academy,https://www.youtube.com/watch?v=xBaRjZUVSgc,https://www.youtube-nocookie.com/embed/xBaRjZUVSgc?rel=0&enablejsapi=1&cc_load_policy=1,0,0,si,si,si,si,evidencia_entregada_y_criterio_superado,Crea instrucciones y guion de recogida || Define controles de calidad y respuesta a incidencias || Minimiza datos personales,Manual de campo y hoja de control,no,revisar_automaticamente_antes_de_publicar,2026-08-04
mp_andalucia_emprende_eventos__mp-fin-002,mp_andalucia_emprende_eventos,Agenda de Andalucía Emprende,evento,MP,1,MP-FIN-002,Evaluar inversión y retorno de marketing,"Relacionar inversión, campaña, resultado y retorno.","Curso de Marketing Hub: CRM, formularios, anuncios, email y analítica",HubSpot Español,https://www.youtube.com/watch?v=Ama6IGE6tIs,https://www.youtube-nocookie.com/embed/Ama6IGE6tIs?rel=0&enablejsapi=1&cc_load_policy=1&start=272&end=451,272,451,si,si,si,si,evidencia_entregada_y_criterio_superado,Selecciona métrica de retorno adecuada || Explicita supuestos de atribución || Presenta recomendación con riesgo e incertidumbre,Caso ROI/ROAS con recomendación,sí,revisar_automaticamente_antes_de_publicar,2026-08-04
mp_andalucia_emprende_eventos__mp-evt-001,mp_andalucia_emprende_eventos,Agenda de Andalucía Emprende,evento,MP,2,MP-EVT-001,Diseñar y evaluar un evento de marketing,"Organizar cronograma, responsables, activos, invitados y evaluación de evento.","Curso completo de Google Drive: organizar, compartir y colaborar",Carlos Cortés Academy,https://www.youtube.com/watch?v=xBaRjZUVSgc,https://www.youtube-nocookie.com/embed/xBaRjZUVSgc?rel=0&enablejsapi=1&cc_load_policy=1,0,0,si,si,si,si,evidencia_entregada_y_criterio_superado,"Cronograma y responsabilidades completos || Presupuesto, proveedores y contingencias definidos || Métricas de asistencia, interacción y resultado",Dossier de evento,sí,revisar_automaticamente_antes_de_publicar,2026-08-04
mp_andalucia_emprende_eventos__mp-lan-001,mp_andalucia_emprende_eventos,Agenda de Andalucía Emprende,evento,MP,3,MP-LAN-001,Preparar el lanzamiento de un producto o servicio,"Planificar lanzamiento, activos, canales, automatización y medición.","Curso de Marketing Hub: CRM, formularios, anuncios, email y analítica",HubSpot Español,https://www.youtube.com/watch?v=Ama6IGE6tIs,https://www.youtube-nocookie.com/embed/Ama6IGE6tIs?rel=0&enablejsapi=1&cc_load_policy=1,0,0,si,si,si,si,evidencia_entregada_y_criterio_superado,"Define hipótesis y público de lanzamiento || Coordina contenido, medios y ventas || Incluye prueba, seguimiento y decisión posterior",Plan de lanzamiento de 30 días,no,revisar_automaticamente_antes_de_publicar,2026-08-04
mp_andalucia_emprende_eventos__mp-eng-001,mp_andalucia_emprende_eventos,Agenda de Andalucía Emprende,evento,MP,4,MP-ENG-001,Trabajar con briefs y comunicación de marketing en inglés,Extraer términos de analítica y presentar un resumen de métricas.,Google Analytics 4 Tutorial for Beginners,Analytics Mania,https://www.youtube.com/watch?v=mKu6FI53BxE,https://www.youtube-nocookie.com/embed/mKu6FI53BxE?rel=0&enablejsapi=1&cc_load_policy=1,0,0,si,si,si,si,evidencia_entregada_y_criterio_superado,Resume un brief en español || Redacta email y copy breve en inglés || Presenta resultados durante 2 minutos,Brief y presentación bilingüe,no,revisar_automaticamente_antes_de_publicar,2026-08-04
mp_andalucia_emprende_eventos__mp-prj-001,mp_andalucia_emprende_eventos,Agenda de Andalucía Emprende,evento,MP,5,MP-PRJ-001,Crear una campaña integrada de principio a fin,Construir una campaña integrada desde captación hasta análisis.,"Curso de Marketing Hub: CRM, formularios, anuncios, email y analítica",HubSpot Español,https://www.youtube.com/watch?v=Ama6IGE6tIs,https://www.youtube-nocookie.com/embed/Ama6IGE6tIs?rel=0&enablejsapi=1&cc_load_policy=1,0,0,si,si,si,si,evidencia_entregada_y_criterio_superado,"Problema y público respaldados por información || Plan, piezas, presupuesto y medición están conectados || Incluye resultados simulados o reales y aprendizaje",Caso de campaña completo,no,revisar_automaticamente_antes_de_publicar,2026-08-04
mp_club_marketing_granada__mp-fin-002,mp_club_marketing_granada,Club de Marketing de Granada,comunidad,MP,1,MP-FIN-002,Evaluar inversión y retorno de marketing,"Relacionar inversión, campaña, resultado y retorno.","Curso de Marketing Hub: CRM, formularios, anuncios, email y analítica",HubSpot Español,https://www.youtube.com/watch?v=Ama6IGE6tIs,https://www.youtube-nocookie.com/embed/Ama6IGE6tIs?rel=0&enablejsapi=1&cc_load_policy=1&start=272&end=451,272,451,si,si,si,si,evidencia_entregada_y_criterio_superado,Selecciona métrica de retorno adecuada || Explicita supuestos de atribución || Presenta recomendación con riesgo e incertidumbre,Caso ROI/ROAS con recomendación,no,revisar_automaticamente_antes_de_publicar,2026-08-04
mp_club_marketing_granada__mp-evt-001,mp_club_marketing_granada,Club de Marketing de Granada,comunidad,MP,2,MP-EVT-001,Diseñar y evaluar un evento de marketing,"Organizar cronograma, responsables, activos, invitados y evaluación de evento.","Curso completo de Google Drive: organizar, compartir y colaborar",Carlos Cortés Academy,https://www.youtube.com/watch?v=xBaRjZUVSgc,https://www.youtube-nocookie.com/embed/xBaRjZUVSgc?rel=0&enablejsapi=1&cc_load_policy=1,0,0,si,si,si,si,evidencia_entregada_y_criterio_superado,"Cronograma y responsabilidades completos || Presupuesto, proveedores y contingencias definidos || Métricas de asistencia, interacción y resultado",Dossier de evento,no,revisar_automaticamente_antes_de_publicar,2026-08-04
mp_club_marketing_granada__mp-lan-001,mp_club_marketing_granada,Club de Marketing de Granada,comunidad,MP,3,MP-LAN-001,Preparar el lanzamiento de un producto o servicio,"Planificar lanzamiento, activos, canales, automatización y medición.","Curso de Marketing Hub: CRM, formularios, anuncios, email y analítica",HubSpot Español,https://www.youtube.com/watch?v=Ama6IGE6tIs,https://www.youtube-nocookie.com/embed/Ama6IGE6tIs?rel=0&enablejsapi=1&cc_load_policy=1,0,0,si,si,si,si,evidencia_entregada_y_criterio_superado,"Define hipótesis y público de lanzamiento || Coordina contenido, medios y ventas || Incluye prueba, seguimiento y decisión posterior",Plan de lanzamiento de 30 días,no,revisar_automaticamente_antes_de_publicar,2026-08-04
mp_club_marketing_granada__mp-eng-001,mp_club_marketing_granada,Club de Marketing de Granada,comunidad,MP,4,MP-ENG-001,Trabajar con briefs y comunicación de marketing en inglés,Extraer términos de analítica y presentar un resumen de métricas.,Google Analytics 4 Tutorial for Beginners,Analytics Mania,https://www.youtube.com/watch?v=mKu6FI53BxE,https://www.youtube-nocookie.com/embed/mKu6FI53BxE?rel=0&enablejsapi=1&cc_load_policy=1,0,0,si,si,si,si,evidencia_entregada_y_criterio_superado,Resume un brief en español || Redacta email y copy breve en inglés || Presenta resultados durante 2 minutos,Brief y presentación bilingüe,no,revisar_automaticamente_antes_de_publicar,2026-08-04
mp_club_marketing_granada__mp-prj-001,mp_club_marketing_granada,Club de Marketing de Granada,comunidad,MP,5,MP-PRJ-001,Crear una campaña integrada de principio a fin,Construir una campaña integrada desde captación hasta análisis.,"Curso de Marketing Hub: CRM, formularios, anuncios, email y analítica",HubSpot Español,https://www.youtube.com/watch?v=Ama6IGE6tIs,https://www.youtube-nocookie.com/embed/Ama6IGE6tIs?rel=0&enablejsapi=1&cc_load_policy=1,0,0,si,si,si,si,evidencia_entregada_y_criterio_superado,"Problema y público respaldados por información || Plan, piezas, presupuesto y medición están conectados || Incluye resultados simulados o reales y aprendizaje",Caso de campaña completo,no,revisar_automaticamente_antes_de_publicar,2026-08-04
mp_aje_granada_comunidad__mp-evt-001,mp_aje_granada_comunidad,AJE Granada,comunidad,MP,1,MP-EVT-001,Diseñar y evaluar un evento de marketing,"Organizar cronograma, responsables, activos, invitados y evaluación de evento.","Curso completo de Google Drive: organizar, compartir y colaborar",Carlos Cortés Academy,https://www.youtube.com/watch?v=xBaRjZUVSgc,https://www.youtube-nocookie.com/embed/xBaRjZUVSgc?rel=0&enablejsapi=1&cc_load_policy=1,0,0,si,si,si,si,evidencia_entregada_y_criterio_superado,"Cronograma y responsabilidades completos || Presupuesto, proveedores y contingencias definidos || Métricas de asistencia, interacción y resultado",Dossier de evento,no,revisar_automaticamente_antes_de_publicar,2026-08-04
mp_aje_granada_comunidad__mp-emp-001,mp_aje_granada_comunidad,AJE Granada,comunidad,MP,2,MP-EMP-001,Construir portfolio y candidatura de marketing,Crear portfolio y presentación de casos con identidad coherente.,Kit de marca en Canva,Canva Latinoamérica,https://www.youtube.com/watch?v=havARJ_ZQg8,https://www.youtube-nocookie.com/embed/havARJ_ZQg8?rel=0&enablejsapi=1&cc_load_policy=1,0,0,si,si,si,si,evidencia_entregada_y_criterio_superado,"Portfolio incluye estrategia, pieza y resultados o métricas simuladas || CV usa vocabulario del puesto sin inventar experiencia || Matriz de brechas de tres ofertas","Portfolio, CV y matriz de brechas",no,revisar_automaticamente_antes_de_publicar,2026-08-04
mp_aje_granada_comunidad__mp-pol-001,mp_aje_granada_comunidad,AJE Granada,comunidad,MP,3,MP-POL-001,"Analizar mercado, competencia y situación","Analizar mercado, competencia y usuario antes de proponer acciones.",Cómo crear un buyer persona,HubSpot Español,https://www.youtube.com/watch?v=-xm2vgPHdHg,https://www.youtube-nocookie.com/embed/-xm2vgPHdHg?rel=0&enablejsapi=1&cc_load_policy=1,0,0,si,si,si,si,evidencia_entregada_y_criterio_superado,Define mercado y competidores comparables || Usa datos con fuente y fecha || Prioriza hallazgos relevantes en un diagnóstico,Análisis de mercado y competencia,no,revisar_automaticamente_antes_de_publicar,2026-08-04
mp_la_fede_comunidad__mp-bas-002,mp_la_fede_comunidad,La FEDE,comunidad,MP,1,MP-BAS-002,Redactar mensajes claros y orientados a una acción,"Redactar un mensaje para una persona, problema y acción concreta.",Cómo crear un buyer persona,HubSpot Español,https://www.youtube.com/watch?v=-xm2vgPHdHg,https://www.youtube-nocookie.com/embed/-xm2vgPHdHg?rel=0&enablejsapi=1&cc_load_policy=1,0,0,si,si,si,si,evidencia_entregada_y_criterio_superado,Redacta tres mensajes para públicos distintos || Mantiene una propuesta de valor concreta || Incluye llamada a la acción coherente,Tres piezas breves justificadas,no,revisar_automaticamente_antes_de_publicar,2026-08-04
mp_la_fede_comunidad__mp-fin-002,mp_la_fede_comunidad,La FEDE,comunidad,MP,2,MP-FIN-002,Evaluar inversión y retorno de marketing,"Relacionar inversión, campaña, resultado y retorno.","Curso de Marketing Hub: CRM, formularios, anuncios, email y analítica",HubSpot Español,https://www.youtube.com/watch?v=Ama6IGE6tIs,https://www.youtube-nocookie.com/embed/Ama6IGE6tIs?rel=0&enablejsapi=1&cc_load_policy=1&start=272&end=451,272,451,si,si,si,si,evidencia_entregada_y_criterio_superado,Selecciona métrica de retorno adecuada || Explicita supuestos de atribución || Presenta recomendación con riesgo e incertidumbre,Caso ROI/ROAS con recomendación,no,revisar_automaticamente_antes_de_publicar,2026-08-04
mp_la_fede_comunidad__mp-med-001,mp_la_fede_comunidad,La FEDE,comunidad,MP,3,MP-MED-001,Construir un plan de medios,Distribuir presupuesto entre medios y definir KPI y optimización.,"Curso de Marketing Hub: CRM, formularios, anuncios, email y analítica",HubSpot Español,https://www.youtube.com/watch?v=Ama6IGE6tIs,https://www.youtube-nocookie.com/embed/Ama6IGE6tIs?rel=0&enablejsapi=1&cc_load_policy=1&start=272&end=451,272,451,si,si,si,si,evidencia_entregada_y_criterio_superado,Canales corresponden al público y objetivo || Presupuesto y calendario son viables || Define métricas y criterios de ajuste,Plan de medios con distribución presupuestaria,no,revisar_automaticamente_antes_de_publicar,2026-08-04
mp_la_fede_comunidad__mp-rrpp-001,mp_la_fede_comunidad,La FEDE,comunidad,MP,4,MP-RRPP-001,Planificar relaciones públicas y comunicación institucional,"Definir públicos, mensajes, portavoces y plan de comunicación.",Cómo crear un buyer persona,HubSpot Español,https://www.youtube.com/watch?v=-xm2vgPHdHg,https://www.youtube-nocookie.com/embed/-xm2vgPHdHg?rel=0&enablejsapi=1&cc_load_policy=1,0,0,si,si,si,si,evidencia_entregada_y_criterio_superado,Mapa de públicos y mensajes || Material de prensa coherente || Protocolo de respuesta ante incidencia,Dossier de prensa y plan de contacto,no,revisar_automaticamente_antes_de_publicar,2026-08-04
mp_la_fede_comunidad__mp-lan-001,mp_la_fede_comunidad,La FEDE,comunidad,MP,5,MP-LAN-001,Preparar el lanzamiento de un producto o servicio,"Planificar lanzamiento, activos, canales, automatización y medición.","Curso de Marketing Hub: CRM, formularios, anuncios, email y analítica",HubSpot Español,https://www.youtube.com/watch?v=Ama6IGE6tIs,https://www.youtube-nocookie.com/embed/Ama6IGE6tIs?rel=0&enablejsapi=1&cc_load_policy=1,0,0,si,si,si,si,evidencia_entregada_y_criterio_superado,"Define hipótesis y público de lanzamiento || Coordina contenido, medios y ventas || Incluye prueba, seguimiento y decisión posterior",Plan de lanzamiento de 30 días,no,revisar_automaticamente_antes_de_publicar,2026-08-04
mp_fuente_iab_spain__mp-dig-001,mp_fuente_iab_spain,IAB Spain,fuente_noticias,MP,1,MP-DIG-001,Planificar presencia web y conversión,"Crear formularios, CTA y recorrido de conversión.","Curso de Marketing Hub: CRM, formularios, anuncios, email y analítica",HubSpot Español,https://www.youtube.com/watch?v=Ama6IGE6tIs,https://www.youtube-nocookie.com/embed/Ama6IGE6tIs?rel=0&enablejsapi=1&cc_load_policy=1&start=166&end=272,166,272,si,si,si,si,evidencia_entregada_y_criterio_superado,"La web responde a objetivo y público || El recorrido incluye llamada y conversión medible || Incluye privacidad, accesibilidad y versión móvil",Wireframe y plan de medición de una landing,no,revisar_automaticamente_antes_de_publicar,2026-08-04
mp_fuente_iab_spain__mp-dig-004,mp_fuente_iab_spain,IAB Spain,fuente_noticias,MP,2,MP-DIG-004,Planificar publicidad digital,"Configurar objetivo, público, anuncio, presupuesto y medición.","Curso de Marketing Hub: CRM, formularios, anuncios, email y analítica",HubSpot Español,https://www.youtube.com/watch?v=Ama6IGE6tIs,https://www.youtube-nocookie.com/embed/Ama6IGE6tIs?rel=0&enablejsapi=1&cc_load_policy=1&start=272&end=451,272,451,si,si,si,si,evidencia_entregada_y_criterio_superado,"Campaña alineada con objetivo y etapa del embudo || Audiencia y exclusiones justificadas || Presupuesto, KPI y regla de optimización definidos",Plan de campaña con tres anuncios,no,revisar_automaticamente_antes_de_publicar,2026-08-04
mp_fuente_iab_spain__mp-dig-003,mp_fuente_iab_spain,IAB Spain,fuente_noticias,MP,3,MP-DIG-003,Diseñar email marketing y automatizaciones,"Diseñar email, segmentación, automatización y revisión de resultados.",Email marketing: estrategia y ejecución,HubSpot Español,https://www.youtube.com/watch?v=U8izqPoZMWg,https://www.youtube-nocookie.com/embed/U8izqPoZMWg?rel=0&enablejsapi=1&cc_load_policy=1,0,0,si,si,si,si,evidencia_entregada_y_criterio_superado,"Segmentación y disparador están definidos || Cada mensaje tiene objetivo y CTA || Incluye consentimiento, baja y control de frecuencia",Secuencia de bienvenida de 3 mensajes,no,revisar_automaticamente_antes_de_publicar,2026-08-04
mp_fuente_iab_spain__mp-bas-002,mp_fuente_iab_spain,IAB Spain,fuente_noticias,MP,4,MP-BAS-002,Redactar mensajes claros y orientados a una acción,"Redactar un mensaje para una persona, problema y acción concreta.",Cómo crear un buyer persona,HubSpot Español,https://www.youtube.com/watch?v=-xm2vgPHdHg,https://www.youtube-nocookie.com/embed/-xm2vgPHdHg?rel=0&enablejsapi=1&cc_load_policy=1,0,0,si,si,si,si,evidencia_entregada_y_criterio_superado,Redacta tres mensajes para públicos distintos || Mantiene una propuesta de valor concreta || Incluye llamada a la acción coherente,Tres piezas breves justificadas,no,revisar_automaticamente_antes_de_publicar,2026-08-04
mp_fuente_iab_spain__mp-fin-002,mp_fuente_iab_spain,IAB Spain,fuente_noticias,MP,5,MP-FIN-002,Evaluar inversión y retorno de marketing,"Relacionar inversión, campaña, resultado y retorno.","Curso de Marketing Hub: CRM, formularios, anuncios, email y analítica",HubSpot Español,https://www.youtube.com/watch?v=Ama6IGE6tIs,https://www.youtube-nocookie.com/embed/Ama6IGE6tIs?rel=0&enablejsapi=1&cc_load_policy=1&start=272&end=451,272,451,si,si,si,si,evidencia_entregada_y_criterio_superado,Selecciona métrica de retorno adecuada || Explicita supuestos de atribución || Presenta recomendación con riesgo e incertidumbre,Caso ROI/ROAS con recomendación,no,revisar_automaticamente_antes_de_publicar,2026-08-04
mp_fuente_asociacion_marketing_espana__mp-fin-002,mp_fuente_asociacion_marketing_espana,Asociación de Marketing de España,fuente_noticias,MP,1,MP-FIN-002,Evaluar inversión y retorno de marketing,"Relacionar inversión, campaña, resultado y retorno.","Curso de Marketing Hub: CRM, formularios, anuncios, email y analítica",HubSpot Español,https://www.youtube.com/watch?v=Ama6IGE6tIs,https://www.youtube-nocookie.com/embed/Ama6IGE6tIs?rel=0&enablejsapi=1&cc_load_policy=1&start=272&end=451,272,451,si,si,si,si,evidencia_entregada_y_criterio_superado,Selecciona métrica de retorno adecuada || Explicita supuestos de atribución || Presenta recomendación con riesgo e incertidumbre,Caso ROI/ROAS con recomendación,no,revisar_automaticamente_antes_de_publicar,2026-08-04
mp_fuente_asociacion_marketing_espana__mp-lan-001,mp_fuente_asociacion_marketing_espana,Asociación de Marketing de España,fuente_noticias,MP,2,MP-LAN-001,Preparar el lanzamiento de un producto o servicio,"Planificar lanzamiento, activos, canales, automatización y medición.","Curso de Marketing Hub: CRM, formularios, anuncios, email y analítica",HubSpot Español,https://www.youtube.com/watch?v=Ama6IGE6tIs,https://www.youtube-nocookie.com/embed/Ama6IGE6tIs?rel=0&enablejsapi=1&cc_load_policy=1,0,0,si,si,si,si,evidencia_entregada_y_criterio_superado,"Define hipótesis y público de lanzamiento || Coordina contenido, medios y ventas || Incluye prueba, seguimiento y decisión posterior",Plan de lanzamiento de 30 días,no,revisar_automaticamente_antes_de_publicar,2026-08-04
mp_fuente_asociacion_marketing_espana__mp-eng-001,mp_fuente_asociacion_marketing_espana,Asociación de Marketing de España,fuente_noticias,MP,3,MP-ENG-001,Trabajar con briefs y comunicación de marketing en inglés,Extraer términos de analítica y presentar un resumen de métricas.,Google Analytics 4 Tutorial for Beginners,Analytics Mania,https://www.youtube.com/watch?v=mKu6FI53BxE,https://www.youtube-nocookie.com/embed/mKu6FI53BxE?rel=0&enablejsapi=1&cc_load_policy=1,0,0,si,si,si,si,evidencia_entregada_y_criterio_superado,Resume un brief en español || Redacta email y copy breve en inglés || Presenta resultados durante 2 minutos,Brief y presentación bilingüe,no,revisar_automaticamente_antes_de_publicar,2026-08-04
mp_fuente_asociacion_marketing_espana__mp-prj-001,mp_fuente_asociacion_marketing_espana,Asociación de Marketing de España,fuente_noticias,MP,4,MP-PRJ-001,Crear una campaña integrada de principio a fin,Construir una campaña integrada desde captación hasta análisis.,"Curso de Marketing Hub: CRM, formularios, anuncios, email y analítica",HubSpot Español,https://www.youtube.com/watch?v=Ama6IGE6tIs,https://www.youtube-nocookie.com/embed/Ama6IGE6tIs?rel=0&enablejsapi=1&cc_load_policy=1,0,0,si,si,si,si,evidencia_entregada_y_criterio_superado,"Problema y público respaldados por información || Plan, piezas, presupuesto y medición están conectados || Incluye resultados simulados o reales y aprendizaje",Caso de campaña completo,no,revisar_automaticamente_antes_de_publicar,2026-08-04
mp_fuente_asociacion_marketing_espana__mp-pol-003,mp_fuente_asociacion_marketing_espana,Asociación de Marketing de España,fuente_noticias,MP,5,MP-POL-003,Construir un plan de marketing medible,"Convertir estrategia en objetivos, acciones, activos y métricas.","Curso de Marketing Hub: CRM, formularios, anuncios, email y analítica",HubSpot Español,https://www.youtube.com/watch?v=Ama6IGE6tIs,https://www.youtube-nocookie.com/embed/Ama6IGE6tIs?rel=0&enablejsapi=1&cc_load_policy=1,0,0,si,si,si,si,evidencia_entregada_y_criterio_superado,"Objetivos específicos y medibles || Acciones conectadas con estrategia y público || KPI, presupuesto y calendario permiten seguimiento",Plan de marketing de 6 a 10 páginas,no,revisar_automaticamente_antes_de_publicar,2026-08-04
mp_fuente_infoadex__mp-med-001,mp_fuente_infoadex,InfoAdex,fuente_noticias,MP,1,MP-MED-001,Construir un plan de medios,Distribuir presupuesto entre medios y definir KPI y optimización.,"Curso de Marketing Hub: CRM, formularios, anuncios, email y analítica",HubSpot Español,https://www.youtube.com/watch?v=Ama6IGE6tIs,https://www.youtube-nocookie.com/embed/Ama6IGE6tIs?rel=0&enablejsapi=1&cc_load_policy=1&start=272&end=451,272,451,si,si,si,si,evidencia_entregada_y_criterio_superado,Canales corresponden al público y objetivo || Presupuesto y calendario son viables || Define métricas y criterios de ajuste,Plan de medios con distribución presupuestaria,no,revisar_automaticamente_antes_de_publicar,2026-08-04
mp_fuente_infoadex__mp-bas-003,mp_fuente_infoadex,InfoAdex,fuente_noticias,MP,2,MP-BAS-003,"Calcular porcentajes, costes y métricas básicas","Calcular porcentajes, costes, tasas y métricas básicas.",Curso completo de Excel,A2 Capacitación: Excel,https://www.youtube.com/watch?v=m8i4fMUCpK0,https://www.youtube-nocookie.com/embed/m8i4fMUCpK0?rel=0&enablejsapi=1&cc_load_policy=1&start=980&end=1657,980,1657,si,si,si,si,evidencia_entregada_y_criterio_superado,"Calcula variación porcentual y tasa de conversión || Diferencia ingreso, coste, margen y beneficio || Usa referencias correctas en una hoja de cálculo",Hoja con 15 ejercicios resueltos,no,revisar_automaticamente_antes_de_publicar,2026-08-04
mp_fuente_infoadex__mp-bas-004,mp_fuente_infoadex,InfoAdex,fuente_noticias,MP,3,MP-BAS-004,"Evaluar fuentes y diferenciar dato, opinión e hipótesis","Separar observación, métrica, interpretación e hipótesis.",Google Analytics 4 Tutorial for Beginners,Analytics Mania,https://www.youtube.com/watch?v=mKu6FI53BxE,https://www.youtube-nocookie.com/embed/mKu6FI53BxE?rel=0&enablejsapi=1&cc_load_policy=1,0,0,si,si,si,si,evidencia_entregada_y_criterio_superado,"Identifica autor, fecha y metodología || Distingue correlación de causalidad || Explica una limitación relevante",Ficha de evaluación de tres fuentes,no,revisar_automaticamente_antes_de_publicar,2026-08-04
mp_fuente_infoadex__mp-fin-002,mp_fuente_infoadex,InfoAdex,fuente_noticias,MP,4,MP-FIN-002,Evaluar inversión y retorno de marketing,"Relacionar inversión, campaña, resultado y retorno.","Curso de Marketing Hub: CRM, formularios, anuncios, email y analítica",HubSpot Español,https://www.youtube.com/watch?v=Ama6IGE6tIs,https://www.youtube-nocookie.com/embed/Ama6IGE6tIs?rel=0&enablejsapi=1&cc_load_policy=1&start=272&end=451,272,451,si,si,si,si,evidencia_entregada_y_criterio_superado,Selecciona métrica de retorno adecuada || Explicita supuestos de atribución || Presenta recomendación con riesgo e incertidumbre,Caso ROI/ROAS con recomendación,no,revisar_automaticamente_antes_de_publicar,2026-08-04
mp_fuente_infoadex__mp-inv-001,mp_fuente_infoadex,InfoAdex,fuente_noticias,MP,5,MP-INV-001,Diseñar una investigación de mercado,"Diseñar una investigación con objetivo, preguntas y método de recogida.",Google Forms: crear encuestas y analizar respuestas,GCFAprendeLibre,https://www.youtube.com/watch?v=szlGX3MseWc,https://www.youtube-nocookie.com/embed/szlGX3MseWc?rel=0&enablejsapi=1&cc_load_policy=1,0,0,si,si,si,si,evidencia_entregada_y_criterio_superado,Pregunta de investigación concreta || Método coherente con objetivo || Variables e indicadores definidos,Plan de investigación,no,revisar_automaticamente_antes_de_publicar,2026-08-04
mp_fuente_aimc__mp-med-001,mp_fuente_aimc,AIMC,fuente_noticias,MP,1,MP-MED-001,Construir un plan de medios,Distribuir presupuesto entre medios y definir KPI y optimización.,"Curso de Marketing Hub: CRM, formularios, anuncios, email y analítica",HubSpot Español,https://www.youtube.com/watch?v=Ama6IGE6tIs,https://www.youtube-nocookie.com/embed/Ama6IGE6tIs?rel=0&enablejsapi=1&cc_load_policy=1&start=272&end=451,272,451,si,si,si,si,evidencia_entregada_y_criterio_superado,Canales corresponden al público y objetivo || Presupuesto y calendario son viables || Define métricas y criterios de ajuste,Plan de medios con distribución presupuestaria,no,revisar_automaticamente_antes_de_publicar,2026-08-04
mp_fuente_aimc__mp-bas-004,mp_fuente_aimc,AIMC,fuente_noticias,MP,2,MP-BAS-004,"Evaluar fuentes y diferenciar dato, opinión e hipótesis","Separar observación, métrica, interpretación e hipótesis.",Google Analytics 4 Tutorial for Beginners,Analytics Mania,https://www.youtube.com/watch?v=mKu6FI53BxE,https://www.youtube-nocookie.com/embed/mKu6FI53BxE?rel=0&enablejsapi=1&cc_load_policy=1,0,0,si,si,si,si,evidencia_entregada_y_criterio_superado,"Identifica autor, fecha y metodología || Distingue correlación de causalidad || Explica una limitación relevante",Ficha de evaluación de tres fuentes,no,revisar_automaticamente_antes_de_publicar,2026-08-04
mp_fuente_aimc__mp-inv-002,mp_fuente_aimc,AIMC,fuente_noticias,MP,3,MP-INV-002,Diseñar cuestionarios y muestras,"Crear cuestionario claro, sin sesgos obvios y con muestra definida.",Google Forms: crear encuestas y analizar respuestas,GCFAprendeLibre,https://www.youtube.com/watch?v=szlGX3MseWc,https://www.youtube-nocookie.com/embed/szlGX3MseWc?rel=0&enablejsapi=1&cc_load_policy=1,0,0,si,si,si,si,evidencia_entregada_y_criterio_superado,Preguntas claras y no inductivas || Orden y escalas coherentes || Muestra y limitaciones justificadas,Cuestionario de máximo 12 preguntas y ficha de muestreo,no,revisar_automaticamente_antes_de_publicar,2026-08-04
mp_fuente_aimc__mp-cam-001,mp_fuente_aimc,AIMC,fuente_noticias,MP,4,MP-CAM-001,Planificar y controlar trabajo de campo,"Planificar trabajo de campo, permisos, control y consolidación de respuestas.","Curso completo de Google Drive: organizar, compartir y colaborar",Carlos Cortés Academy,https://www.youtube.com/watch?v=xBaRjZUVSgc,https://www.youtube-nocookie.com/embed/xBaRjZUVSgc?rel=0&enablejsapi=1&cc_load_policy=1,0,0,si,si,si,si,evidencia_entregada_y_criterio_superado,Crea instrucciones y guion de recogida || Define controles de calidad y respuesta a incidencias || Minimiza datos personales,Manual de campo y hoja de control,no,revisar_automaticamente_antes_de_publicar,2026-08-04
mp_fuente_aimc__mp-inv-001,mp_fuente_aimc,AIMC,fuente_noticias,MP,5,MP-INV-001,Diseñar una investigación de mercado,"Diseñar una investigación con objetivo, preguntas y método de recogida.",Google Forms: crear encuestas y analizar respuestas,GCFAprendeLibre,https://www.youtube.com/watch?v=szlGX3MseWc,https://www.youtube-nocookie.com/embed/szlGX3MseWc?rel=0&enablejsapi=1&cc_load_policy=1,0,0,si,si,si,si,evidencia_entregada_y_criterio_superado,Pregunta de investigación concreta || Método coherente con objetivo || Variables e indicadores definidos,Plan de investigación,no,revisar_automaticamente_antes_de_publicar,2026-08-04
mp_fuente_ontsi_ecommerce__mp-bas-003,mp_fuente_ontsi_ecommerce,ONTSI: comercio electrónico,fuente_noticias,MP,1,MP-BAS-003,"Calcular porcentajes, costes y métricas básicas","Calcular porcentajes, costes, tasas y métricas básicas.",Curso completo de Excel,A2 Capacitación: Excel,https://www.youtube.com/watch?v=m8i4fMUCpK0,https://www.youtube-nocookie.com/embed/m8i4fMUCpK0?rel=0&enablejsapi=1&cc_load_policy=1&start=980&end=1657,980,1657,si,si,si,si,evidencia_entregada_y_criterio_superado,"Calcula variación porcentual y tasa de conversión || Diferencia ingreso, coste, margen y beneficio || Usa referencias correctas en una hoja de cálculo",Hoja con 15 ejercicios resueltos,no,revisar_automaticamente_antes_de_publicar,2026-08-04
mp_fuente_ontsi_ecommerce__mp-bas-004,mp_fuente_ontsi_ecommerce,ONTSI: comercio electrónico,fuente_noticias,MP,2,MP-BAS-004,"Evaluar fuentes y diferenciar dato, opinión e hipótesis","Separar observación, métrica, interpretación e hipótesis.",Google Analytics 4 Tutorial for Beginners,Analytics Mania,https://www.youtube.com/watch?v=mKu6FI53BxE,https://www.youtube-nocookie.com/embed/mKu6FI53BxE?rel=0&enablejsapi=1&cc_load_policy=1,0,0,si,si,si,si,evidencia_entregada_y_criterio_superado,"Identifica autor, fecha y metodología || Distingue correlación de causalidad || Explica una limitación relevante",Ficha de evaluación de tres fuentes,no,revisar_automaticamente_antes_de_publicar,2026-08-04
mp_fuente_ontsi_ecommerce__mp-inv-001,mp_fuente_ontsi_ecommerce,ONTSI: comercio electrónico,fuente_noticias,MP,3,MP-INV-001,Diseñar una investigación de mercado,"Diseñar una investigación con objetivo, preguntas y método de recogida.",Google Forms: crear encuestas y analizar respuestas,GCFAprendeLibre,https://www.youtube.com/watch?v=szlGX3MseWc,https://www.youtube-nocookie.com/embed/szlGX3MseWc?rel=0&enablejsapi=1&cc_load_policy=1,0,0,si,si,si,si,evidencia_entregada_y_criterio_superado,Pregunta de investigación concreta || Método coherente con objetivo || Variables e indicadores definidos,Plan de investigación,no,revisar_automaticamente_antes_de_publicar,2026-08-04
mp_fuente_ontsi_ecommerce__mp-cam-001,mp_fuente_ontsi_ecommerce,ONTSI: comercio electrónico,fuente_noticias,MP,4,MP-CAM-001,Planificar y controlar trabajo de campo,"Planificar trabajo de campo, permisos, control y consolidación de respuestas.","Curso completo de Google Drive: organizar, compartir y colaborar",Carlos Cortés Academy,https://www.youtube.com/watch?v=xBaRjZUVSgc,https://www.youtube-nocookie.com/embed/xBaRjZUVSgc?rel=0&enablejsapi=1&cc_load_policy=1,0,0,si,si,si,si,evidencia_entregada_y_criterio_superado,Crea instrucciones y guion de recogida || Define controles de calidad y respuesta a incidencias || Minimiza datos personales,Manual de campo y hoja de control,no,revisar_automaticamente_antes_de_publicar,2026-08-04
mp_fuente_ontsi_ecommerce__mp-dat-001,mp_fuente_ontsi_ecommerce,ONTSI: comercio electrónico,fuente_noticias,MP,5,MP-DAT-001,"Limpiar, analizar y visualizar datos","Limpiar, resumir, visualizar y explicar datos de campaña.",Curso completo de Excel,A2 Capacitación: Excel,https://www.youtube.com/watch?v=m8i4fMUCpK0,https://www.youtube-nocookie.com/embed/m8i4fMUCpK0?rel=0&enablejsapi=1&cc_load_policy=1&start=1657&end=3398,1657,3398,si,si,si,si,evidencia_entregada_y_criterio_superado,Detecta duplicados y valores inválidos || Calcula indicadores adecuados || El gráfico responde a una pregunta y no distorsiona,"Dataset limpio, análisis y dashboard básico",no,revisar_automaticamente_antes_de_publicar,2026-08-04
mp_fuente_google_trends__mp-dig-004,mp_fuente_google_trends,Tendencias actuales de Google,fuente_noticias,MP,1,MP-DIG-004,Planificar publicidad digital,"Configurar objetivo, público, anuncio, presupuesto y medición.","Curso de Marketing Hub: CRM, formularios, anuncios, email y analítica",HubSpot Español,https://www.youtube.com/watch?v=Ama6IGE6tIs,https://www.youtube-nocookie.com/embed/Ama6IGE6tIs?rel=0&enablejsapi=1&cc_load_policy=1&start=272&end=451,272,451,si,si,si,si,evidencia_entregada_y_criterio_superado,"Campaña alineada con objetivo y etapa del embudo || Audiencia y exclusiones justificadas || Presupuesto, KPI y regla de optimización definidos",Plan de campaña con tres anuncios,no,revisar_automaticamente_antes_de_publicar,2026-08-04
mp_fuente_google_trends__mp-emp-001,mp_fuente_google_trends,Tendencias actuales de Google,fuente_noticias,MP,2,MP-EMP-001,Construir portfolio y candidatura de marketing,Crear portfolio y presentación de casos con identidad coherente.,Kit de marca en Canva,Canva Latinoamérica,https://www.youtube.com/watch?v=havARJ_ZQg8,https://www.youtube-nocookie.com/embed/havARJ_ZQg8?rel=0&enablejsapi=1&cc_load_policy=1,0,0,si,si,si,si,evidencia_entregada_y_criterio_superado,"Portfolio incluye estrategia, pieza y resultados o métricas simuladas || CV usa vocabulario del puesto sin inventar experiencia || Matriz de brechas de tres ofertas","Portfolio, CV y matriz de brechas",no,revisar_automaticamente_antes_de_publicar,2026-08-04
mp_fuente_google_trends__mp-pol-001,mp_fuente_google_trends,Tendencias actuales de Google,fuente_noticias,MP,3,MP-POL-001,"Analizar mercado, competencia y situación","Analizar mercado, competencia y usuario antes de proponer acciones.",Cómo crear un buyer persona,HubSpot Español,https://www.youtube.com/watch?v=-xm2vgPHdHg,https://www.youtube-nocookie.com/embed/-xm2vgPHdHg?rel=0&enablejsapi=1&cc_load_policy=1,0,0,si,si,si,si,evidencia_entregada_y_criterio_superado,Define mercado y competidores comparables || Usa datos con fuente y fecha || Prioriza hallazgos relevantes en un diagnóstico,Análisis de mercado y competencia,no,revisar_automaticamente_antes_de_publicar,2026-08-04
mp_fuente_club_marketing_granada__mp-fin-002,mp_fuente_club_marketing_granada,Noticias del Club de Marketing de Granada,fuente_noticias,MP,1,MP-FIN-002,Evaluar inversión y retorno de marketing,"Relacionar inversión, campaña, resultado y retorno.","Curso de Marketing Hub: CRM, formularios, anuncios, email y analítica",HubSpot Español,https://www.youtube.com/watch?v=Ama6IGE6tIs,https://www.youtube-nocookie.com/embed/Ama6IGE6tIs?rel=0&enablejsapi=1&cc_load_policy=1&start=272&end=451,272,451,si,si,si,si,evidencia_entregada_y_criterio_superado,Selecciona métrica de retorno adecuada || Explicita supuestos de atribución || Presenta recomendación con riesgo e incertidumbre,Caso ROI/ROAS con recomendación,no,revisar_automaticamente_antes_de_publicar,2026-08-04
mp_fuente_club_marketing_granada__mp-evt-001,mp_fuente_club_marketing_granada,Noticias del Club de Marketing de Granada,fuente_noticias,MP,2,MP-EVT-001,Diseñar y evaluar un evento de marketing,"Organizar cronograma, responsables, activos, invitados y evaluación de evento.","Curso completo de Google Drive: organizar, compartir y colaborar",Carlos Cortés Academy,https://www.youtube.com/watch?v=xBaRjZUVSgc,https://www.youtube-nocookie.com/embed/xBaRjZUVSgc?rel=0&enablejsapi=1&cc_load_policy=1,0,0,si,si,si,si,evidencia_entregada_y_criterio_superado,"Cronograma y responsabilidades completos || Presupuesto, proveedores y contingencias definidos || Métricas de asistencia, interacción y resultado",Dossier de evento,no,revisar_automaticamente_antes_de_publicar,2026-08-04
mp_fuente_club_marketing_granada__mp-lan-001,mp_fuente_club_marketing_granada,Noticias del Club de Marketing de Granada,fuente_noticias,MP,3,MP-LAN-001,Preparar el lanzamiento de un producto o servicio,"Planificar lanzamiento, activos, canales, automatización y medición.","Curso de Marketing Hub: CRM, formularios, anuncios, email y analítica",HubSpot Español,https://www.youtube.com/watch?v=Ama6IGE6tIs,https://www.youtube-nocookie.com/embed/Ama6IGE6tIs?rel=0&enablejsapi=1&cc_load_policy=1,0,0,si,si,si,si,evidencia_entregada_y_criterio_superado,"Define hipótesis y público de lanzamiento || Coordina contenido, medios y ventas || Incluye prueba, seguimiento y decisión posterior",Plan de lanzamiento de 30 días,no,revisar_automaticamente_antes_de_publicar,2026-08-04
mp_fuente_club_marketing_granada__mp-eng-001,mp_fuente_club_marketing_granada,Noticias del Club de Marketing de Granada,fuente_noticias,MP,4,MP-ENG-001,Trabajar con briefs y comunicación de marketing en inglés,Extraer términos de analítica y presentar un resumen de métricas.,Google Analytics 4 Tutorial for Beginners,Analytics Mania,https://www.youtube.com/watch?v=mKu6FI53BxE,https://www.youtube-nocookie.com/embed/mKu6FI53BxE?rel=0&enablejsapi=1&cc_load_policy=1,0,0,si,si,si,si,evidencia_entregada_y_criterio_superado,Resume un brief en español || Redacta email y copy breve en inglés || Presenta resultados durante 2 minutos,Brief y presentación bilingüe,no,revisar_automaticamente_antes_de_publicar,2026-08-04
mp_fuente_club_marketing_granada__mp-prj-001,mp_fuente_club_marketing_granada,Noticias del Club de Marketing de Granada,fuente_noticias,MP,5,MP-PRJ-001,Crear una campaña integrada de principio a fin,Construir una campaña integrada desde captación hasta análisis.,"Curso de Marketing Hub: CRM, formularios, anuncios, email y analítica",HubSpot Español,https://www.youtube.com/watch?v=Ama6IGE6tIs,https://www.youtube-nocookie.com/embed/Ama6IGE6tIs?rel=0&enablejsapi=1&cc_load_policy=1,0,0,si,si,si,si,evidencia_entregada_y_criterio_superado,"Problema y público respaldados por información || Plan, piezas, presupuesto y medición están conectados || Incluye resultados simulados o reales y aprendizaje",Caso de campaña completo,no,revisar_automaticamente_antes_de_publicar,2026-08-04
mp_evidencia_plan_marketing_integrado__mp-pol-003,mp_evidencia_plan_marketing_integrado,Plan de marketing integrado,evidencia_recomendada,MP,1,MP-POL-003,Construir un plan de marketing medible,"Convertir estrategia en objetivos, acciones, activos y métricas.","Curso de Marketing Hub: CRM, formularios, anuncios, email y analítica",HubSpot Español,https://www.youtube.com/watch?v=Ama6IGE6tIs,https://www.youtube-nocookie.com/embed/Ama6IGE6tIs?rel=0&enablejsapi=1&cc_load_policy=1,0,0,si,si,si,si,evidencia_entregada_y_criterio_superado,"Objetivos específicos y medibles || Acciones conectadas con estrategia y público || KPI, presupuesto y calendario permiten seguimiento",Plan de marketing de 6 a 10 páginas,no,revisar_automaticamente_antes_de_publicar,2026-08-04
mp_evidencia_plan_marketing_integrado__mp-prj-001,mp_evidencia_plan_marketing_integrado,Plan de marketing integrado,evidencia_recomendada,MP,2,MP-PRJ-001,Crear una campaña integrada de principio a fin,Construir una campaña integrada desde captación hasta análisis.,"Curso de Marketing Hub: CRM, formularios, anuncios, email y analítica",HubSpot Español,https://www.youtube.com/watch?v=Ama6IGE6tIs,https://www.youtube-nocookie.com/embed/Ama6IGE6tIs?rel=0&enablejsapi=1&cc_load_policy=1,0,0,si,si,si,si,evidencia_entregada_y_criterio_superado,"Problema y público respaldados por información || Plan, piezas, presupuesto y medición están conectados || Incluye resultados simulados o reales y aprendizaje",Caso de campaña completo,no,revisar_automaticamente_antes_de_publicar,2026-08-04
mp_evidencia_plan_marketing_integrado__mp-pol-002,mp_evidencia_plan_marketing_integrado,Plan de marketing integrado,evidencia_recomendada,MP,3,MP-POL-002,"Definir segmentación, posicionamiento y propuesta","Definir segmento, posicionamiento y propuesta de valor.",Cómo crear un buyer persona,HubSpot Español,https://www.youtube.com/watch?v=-xm2vgPHdHg,https://www.youtube-nocookie.com/embed/-xm2vgPHdHg?rel=0&enablejsapi=1&cc_load_policy=1,0,0,si,si,si,si,evidencia_entregada_y_criterio_superado,Segmentos medibles y diferenciados || Target elegido con justificación || Posicionamiento y propuesta coherentes,"Ficha de segmento, buyer persona prudente y mapa de posicionamiento",no,revisar_automaticamente_antes_de_publicar,2026-08-04
mp_evidencia_plan_marketing_integrado__mp-emp-001,mp_evidencia_plan_marketing_integrado,Plan de marketing integrado,evidencia_recomendada,MP,4,MP-EMP-001,Construir portfolio y candidatura de marketing,Crear portfolio y presentación de casos con identidad coherente.,Kit de marca en Canva,Canva Latinoamérica,https://www.youtube.com/watch?v=havARJ_ZQg8,https://www.youtube-nocookie.com/embed/havARJ_ZQg8?rel=0&enablejsapi=1&cc_load_policy=1,0,0,si,si,si,si,evidencia_entregada_y_criterio_superado,"Portfolio incluye estrategia, pieza y resultados o métricas simuladas || CV usa vocabulario del puesto sin inventar experiencia || Matriz de brechas de tres ofertas","Portfolio, CV y matriz de brechas",no,revisar_automaticamente_antes_de_publicar,2026-08-04
mp_evidencia_plan_marketing_integrado__mp-bas-005,mp_evidencia_plan_marketing_integrado,Plan de marketing integrado,evidencia_recomendada,MP,5,MP-BAS-005,"Comprender cliente, problema y modelo de negocio","Definir cliente, problema, contexto y propuesta inicial.",Cómo crear un buyer persona,HubSpot Español,https://www.youtube.com/watch?v=-xm2vgPHdHg,https://www.youtube-nocookie.com/embed/-xm2vgPHdHg?rel=0&enablejsapi=1&cc_load_policy=1,0,0,si,si,si,si,evidencia_entregada_y_criterio_superado,Define un segmento concreto || Formula problema y propuesta sin generalidades || Identifica cómo se entrega y monetiza valor,Canvas simplificado de una pyme,no,revisar_automaticamente_antes_de_publicar,2026-08-04
mp_evidencia_investigacion_mercado__mp-inv-002,mp_evidencia_investigacion_mercado,Investigación de mercado con encuesta,evidencia_recomendada,MP,1,MP-INV-002,Diseñar cuestionarios y muestras,"Crear cuestionario claro, sin sesgos obvios y con muestra definida.",Google Forms: crear encuestas y analizar respuestas,GCFAprendeLibre,https://www.youtube.com/watch?v=szlGX3MseWc,https://www.youtube-nocookie.com/embed/szlGX3MseWc?rel=0&enablejsapi=1&cc_load_policy=1,0,0,si,si,si,si,evidencia_entregada_y_criterio_superado,Preguntas claras y no inductivas || Orden y escalas coherentes || Muestra y limitaciones justificadas,Cuestionario de máximo 12 preguntas y ficha de muestreo,no,revisar_automaticamente_antes_de_publicar,2026-08-04
mp_evidencia_investigacion_mercado__mp-inv-001,mp_evidencia_investigacion_mercado,Investigación de mercado con encuesta,evidencia_recomendada,MP,2,MP-INV-001,Diseñar una investigación de mercado,"Diseñar una investigación con objetivo, preguntas y método de recogida.",Google Forms: crear encuestas y analizar respuestas,GCFAprendeLibre,https://www.youtube.com/watch?v=szlGX3MseWc,https://www.youtube-nocookie.com/embed/szlGX3MseWc?rel=0&enablejsapi=1&cc_load_policy=1,0,0,si,si,si,si,evidencia_entregada_y_criterio_superado,Pregunta de investigación concreta || Método coherente con objetivo || Variables e indicadores definidos,Plan de investigación,no,revisar_automaticamente_antes_de_publicar,2026-08-04
mp_evidencia_investigacion_mercado__mp-bas-004,mp_evidencia_investigacion_mercado,Investigación de mercado con encuesta,evidencia_recomendada,MP,3,MP-BAS-004,"Evaluar fuentes y diferenciar dato, opinión e hipótesis","Separar observación, métrica, interpretación e hipótesis.",Google Analytics 4 Tutorial for Beginners,Analytics Mania,https://www.youtube.com/watch?v=mKu6FI53BxE,https://www.youtube-nocookie.com/embed/mKu6FI53BxE?rel=0&enablejsapi=1&cc_load_policy=1,0,0,si,si,si,si,evidencia_entregada_y_criterio_superado,"Identifica autor, fecha y metodología || Distingue correlación de causalidad || Explica una limitación relevante",Ficha de evaluación de tres fuentes,no,revisar_automaticamente_antes_de_publicar,2026-08-04
mp_evidencia_investigacion_mercado__mp-cam-001,mp_evidencia_investigacion_mercado,Investigación de mercado con encuesta,evidencia_recomendada,MP,4,MP-CAM-001,Planificar y controlar trabajo de campo,"Planificar trabajo de campo, permisos, control y consolidación de respuestas.","Curso completo de Google Drive: organizar, compartir y colaborar",Carlos Cortés Academy,https://www.youtube.com/watch?v=xBaRjZUVSgc,https://www.youtube-nocookie.com/embed/xBaRjZUVSgc?rel=0&enablejsapi=1&cc_load_policy=1,0,0,si,si,si,si,evidencia_entregada_y_criterio_superado,Crea instrucciones y guion de recogida || Define controles de calidad y respuesta a incidencias || Minimiza datos personales,Manual de campo y hoja de control,no,revisar_automaticamente_antes_de_publicar,2026-08-04
mp_evidencia_investigacion_mercado__mp-bas-003,mp_evidencia_investigacion_mercado,Investigación de mercado con encuesta,evidencia_recomendada,MP,5,MP-BAS-003,"Calcular porcentajes, costes y métricas básicas","Calcular porcentajes, costes, tasas y métricas básicas.",Curso completo de Excel,A2 Capacitación: Excel,https://www.youtube.com/watch?v=m8i4fMUCpK0,https://www.youtube-nocookie.com/embed/m8i4fMUCpK0?rel=0&enablejsapi=1&cc_load_policy=1&start=980&end=1657,980,1657,si,si,si,si,evidencia_entregada_y_criterio_superado,"Calcula variación porcentual y tasa de conversión || Diferencia ingreso, coste, margen y beneficio || Usa referencias correctas en una hoja de cálculo",Hoja con 15 ejercicios resueltos,no,revisar_automaticamente_antes_de_publicar,2026-08-04
mp_evidencia_campana_google_ads__mp-dig-004,mp_evidencia_campana_google_ads,Campaña simulada de Google Ads,evidencia_recomendada,MP,1,MP-DIG-004,Planificar publicidad digital,"Configurar objetivo, público, anuncio, presupuesto y medición.","Curso de Marketing Hub: CRM, formularios, anuncios, email y analítica",HubSpot Español,https://www.youtube.com/watch?v=Ama6IGE6tIs,https://www.youtube-nocookie.com/embed/Ama6IGE6tIs?rel=0&enablejsapi=1&cc_load_policy=1&start=272&end=451,272,451,si,si,si,si,evidencia_entregada_y_criterio_superado,"Campaña alineada con objetivo y etapa del embudo || Audiencia y exclusiones justificadas || Presupuesto, KPI y regla de optimización definidos",Plan de campaña con tres anuncios,no,revisar_automaticamente_antes_de_publicar,2026-08-04
mp_evidencia_campana_google_ads__mp-fin-001,mp_evidencia_campana_google_ads,Campaña simulada de Google Ads,evidencia_recomendada,MP,2,MP-FIN-001,"Interpretar costes, presupuestos y viabilidad","Construir presupuesto, costes y escenario de viabilidad.",Curso completo de Excel,A2 Capacitación: Excel,https://www.youtube.com/watch?v=m8i4fMUCpK0,https://www.youtube-nocookie.com/embed/m8i4fMUCpK0?rel=0&enablejsapi=1&cc_load_policy=1&start=980&end=2107,980,2107,si,si,si,si,evidencia_entregada_y_criterio_superado,Clasifica costes fijos y variables || Calcula margen y punto de equilibrio || Compara presupuesto y resultado explicando desviaciones,Presupuesto de campaña con escenario base y alternativo,no,revisar_automaticamente_antes_de_publicar,2026-08-04
mp_evidencia_campana_google_ads__mp-dig-001,mp_evidencia_campana_google_ads,Campaña simulada de Google Ads,evidencia_recomendada,MP,3,MP-DIG-001,Planificar presencia web y conversión,"Crear formularios, CTA y recorrido de conversión.","Curso de Marketing Hub: CRM, formularios, anuncios, email y analítica",HubSpot Español,https://www.youtube.com/watch?v=Ama6IGE6tIs,https://www.youtube-nocookie.com/embed/Ama6IGE6tIs?rel=0&enablejsapi=1&cc_load_policy=1&start=166&end=272,166,272,si,si,si,si,evidencia_entregada_y_criterio_superado,"La web responde a objetivo y público || El recorrido incluye llamada y conversión medible || Incluye privacidad, accesibilidad y versión móvil",Wireframe y plan de medición de una landing,no,revisar_automaticamente_antes_de_publicar,2026-08-04
mp_evidencia_campana_google_ads__mp-dig-005,mp_evidencia_campana_google_ads,Campaña simulada de Google Ads,evidencia_recomendada,MP,4,MP-DIG-005,"Medir adquisición, conversión y rendimiento","Medir adquisición, eventos, conversiones y rendimiento.",Google Analytics 4 Tutorial for Beginners,Analytics Mania,https://www.youtube.com/watch?v=mKu6FI53BxE,https://www.youtube-nocookie.com/embed/mKu6FI53BxE?rel=0&enablejsapi=1&cc_load_policy=1&start=1886&end=3600,1886,3600,si,si,si,si,evidencia_entregada_y_criterio_superado,Define eventos y conversiones relevantes || Usa nomenclatura UTM consistente || Distingue dato observado de atribución estimada,Plan de etiquetado y dashboard,no,revisar_automaticamente_antes_de_publicar,2026-08-04
mp_evidencia_campana_google_ads__mp-prj-001,mp_evidencia_campana_google_ads,Campaña simulada de Google Ads,evidencia_recomendada,MP,5,MP-PRJ-001,Crear una campaña integrada de principio a fin,Construir una campaña integrada desde captación hasta análisis.,"Curso de Marketing Hub: CRM, formularios, anuncios, email y analítica",HubSpot Español,https://www.youtube.com/watch?v=Ama6IGE6tIs,https://www.youtube-nocookie.com/embed/Ama6IGE6tIs?rel=0&enablejsapi=1&cc_load_policy=1,0,0,si,si,si,si,evidencia_entregada_y_criterio_superado,"Problema y público respaldados por información || Plan, piezas, presupuesto y medición están conectados || Incluye resultados simulados o reales y aprendizaje",Caso de campaña completo,no,revisar_automaticamente_antes_de_publicar,2026-08-04
mp_evidencia_campana_social_ads__mp-dig-004,mp_evidencia_campana_social_ads,Campaña de Meta Ads con variantes creativas,evidencia_recomendada,MP,1,MP-DIG-004,Planificar publicidad digital,"Configurar objetivo, público, anuncio, presupuesto y medición.","Curso de Marketing Hub: CRM, formularios, anuncios, email y analítica",HubSpot Español,https://www.youtube.com/watch?v=Ama6IGE6tIs,https://www.youtube-nocookie.com/embed/Ama6IGE6tIs?rel=0&enablejsapi=1&cc_load_policy=1&start=272&end=451,272,451,si,si,si,si,evidencia_entregada_y_criterio_superado,"Campaña alineada con objetivo y etapa del embudo || Audiencia y exclusiones justificadas || Presupuesto, KPI y regla de optimización definidos",Plan de campaña con tres anuncios,no,revisar_automaticamente_antes_de_publicar,2026-08-04
mp_evidencia_campana_social_ads__mp-bas-005,mp_evidencia_campana_social_ads,Campaña de Meta Ads con variantes creativas,evidencia_recomendada,MP,2,MP-BAS-005,"Comprender cliente, problema y modelo de negocio","Definir cliente, problema, contexto y propuesta inicial.",Cómo crear un buyer persona,HubSpot Español,https://www.youtube.com/watch?v=-xm2vgPHdHg,https://www.youtube-nocookie.com/embed/-xm2vgPHdHg?rel=0&enablejsapi=1&cc_load_policy=1,0,0,si,si,si,si,evidencia_entregada_y_criterio_superado,Define un segmento concreto || Formula problema y propuesta sin generalidades || Identifica cómo se entrega y monetiza valor,Canvas simplificado de una pyme,no,revisar_automaticamente_antes_de_publicar,2026-08-04
mp_evidencia_campana_social_ads__mp-fin-001,mp_evidencia_campana_social_ads,Campaña de Meta Ads con variantes creativas,evidencia_recomendada,MP,3,MP-FIN-001,"Interpretar costes, presupuestos y viabilidad","Construir presupuesto, costes y escenario de viabilidad.",Curso completo de Excel,A2 Capacitación: Excel,https://www.youtube.com/watch?v=m8i4fMUCpK0,https://www.youtube-nocookie.com/embed/m8i4fMUCpK0?rel=0&enablejsapi=1&cc_load_policy=1&start=980&end=2107,980,2107,si,si,si,si,evidencia_entregada_y_criterio_superado,Clasifica costes fijos y variables || Calcula margen y punto de equilibrio || Compara presupuesto y resultado explicando desviaciones,Presupuesto de campaña con escenario base y alternativo,no,revisar_automaticamente_antes_de_publicar,2026-08-04
mp_evidencia_campana_social_ads__mp-pol-002,mp_evidencia_campana_social_ads,Campaña de Meta Ads con variantes creativas,evidencia_recomendada,MP,4,MP-POL-002,"Definir segmentación, posicionamiento y propuesta","Definir segmento, posicionamiento y propuesta de valor.",Cómo crear un buyer persona,HubSpot Español,https://www.youtube.com/watch?v=-xm2vgPHdHg,https://www.youtube-nocookie.com/embed/-xm2vgPHdHg?rel=0&enablejsapi=1&cc_load_policy=1,0,0,si,si,si,si,evidencia_entregada_y_criterio_superado,Segmentos medibles y diferenciados || Target elegido con justificación || Posicionamiento y propuesta coherentes,"Ficha de segmento, buyer persona prudente y mapa de posicionamiento",no,revisar_automaticamente_antes_de_publicar,2026-08-04
mp_evidencia_campana_social_ads__mp-dis-001,mp_evidencia_campana_social_ads,Campaña de Meta Ads con variantes creativas,evidencia_recomendada,MP,5,MP-DIS-001,Crear identidad visual y piezas coherentes,Crear identidad mínima y piezas coherentes entre canales.,Kit de marca en Canva,Canva Latinoamérica,https://www.youtube.com/watch?v=havARJ_ZQg8,https://www.youtube-nocookie.com/embed/havARJ_ZQg8?rel=0&enablejsapi=1&cc_load_policy=1,0,0,si,si,si,si,evidencia_entregada_y_criterio_superado,Define reglas visuales mínimas || Adapta una idea a tres formatos || Mantiene legibilidad y derechos de uso de recursos,Mini sistema visual y tres piezas,no,revisar_automaticamente_antes_de_publicar,2026-08-04
mp_evidencia_dashboard_marketing__mp-pol-003,mp_evidencia_dashboard_marketing,Dashboard de rendimiento de marketing,evidencia_recomendada,MP,1,MP-POL-003,Construir un plan de marketing medible,"Convertir estrategia en objetivos, acciones, activos y métricas.","Curso de Marketing Hub: CRM, formularios, anuncios, email y analítica",HubSpot Español,https://www.youtube.com/watch?v=Ama6IGE6tIs,https://www.youtube-nocookie.com/embed/Ama6IGE6tIs?rel=0&enablejsapi=1&cc_load_policy=1,0,0,si,si,si,si,evidencia_entregada_y_criterio_superado,"Objetivos específicos y medibles || Acciones conectadas con estrategia y público || KPI, presupuesto y calendario permiten seguimiento",Plan de marketing de 6 a 10 páginas,no,revisar_automaticamente_antes_de_publicar,2026-08-04
mp_evidencia_dashboard_marketing__mp-bas-003,mp_evidencia_dashboard_marketing,Dashboard de rendimiento de marketing,evidencia_recomendada,MP,2,MP-BAS-003,"Calcular porcentajes, costes y métricas básicas","Calcular porcentajes, costes, tasas y métricas básicas.",Curso completo de Excel,A2 Capacitación: Excel,https://www.youtube.com/watch?v=m8i4fMUCpK0,https://www.youtube-nocookie.com/embed/m8i4fMUCpK0?rel=0&enablejsapi=1&cc_load_policy=1&start=980&end=1657,980,1657,si,si,si,si,evidencia_entregada_y_criterio_superado,"Calcula variación porcentual y tasa de conversión || Diferencia ingreso, coste, margen y beneficio || Usa referencias correctas en una hoja de cálculo",Hoja con 15 ejercicios resueltos,no,revisar_automaticamente_antes_de_publicar,2026-08-04
mp_evidencia_dashboard_marketing__mp-fin-002,mp_evidencia_dashboard_marketing,Dashboard de rendimiento de marketing,evidencia_recomendada,MP,3,MP-FIN-002,Evaluar inversión y retorno de marketing,"Relacionar inversión, campaña, resultado y retorno.","Curso de Marketing Hub: CRM, formularios, anuncios, email y analítica",HubSpot Español,https://www.youtube.com/watch?v=Ama6IGE6tIs,https://www.youtube-nocookie.com/embed/Ama6IGE6tIs?rel=0&enablejsapi=1&cc_load_policy=1&start=272&end=451,272,451,si,si,si,si,evidencia_entregada_y_criterio_superado,Selecciona métrica de retorno adecuada || Explicita supuestos de atribución || Presenta recomendación con riesgo e incertidumbre,Caso ROI/ROAS con recomendación,no,revisar_automaticamente_antes_de_publicar,2026-08-04
mp_evidencia_dashboard_marketing__mp-dig-001,mp_evidencia_dashboard_marketing,Dashboard de rendimiento de marketing,evidencia_recomendada,MP,4,MP-DIG-001,Planificar presencia web y conversión,"Crear formularios, CTA y recorrido de conversión.","Curso de Marketing Hub: CRM, formularios, anuncios, email y analítica",HubSpot Español,https://www.youtube.com/watch?v=Ama6IGE6tIs,https://www.youtube-nocookie.com/embed/Ama6IGE6tIs?rel=0&enablejsapi=1&cc_load_policy=1&start=166&end=272,166,272,si,si,si,si,evidencia_entregada_y_criterio_superado,"La web responde a objetivo y público || El recorrido incluye llamada y conversión medible || Incluye privacidad, accesibilidad y versión móvil",Wireframe y plan de medición de una landing,no,revisar_automaticamente_antes_de_publicar,2026-08-04
mp_evidencia_dashboard_marketing__mp-dig-003,mp_evidencia_dashboard_marketing,Dashboard de rendimiento de marketing,evidencia_recomendada,MP,5,MP-DIG-003,Diseñar email marketing y automatizaciones,"Diseñar email, segmentación, automatización y revisión de resultados.",Email marketing: estrategia y ejecución,HubSpot Español,https://www.youtube.com/watch?v=U8izqPoZMWg,https://www.youtube-nocookie.com/embed/U8izqPoZMWg?rel=0&enablejsapi=1&cc_load_policy=1,0,0,si,si,si,si,evidencia_entregada_y_criterio_superado,"Segmentación y disparador están definidos || Cada mensaje tiene objetivo y CTA || Incluye consentimiento, baja y control de frecuencia",Secuencia de bienvenida de 3 mensajes,no,revisar_automaticamente_antes_de_publicar,2026-08-04
mp_evidencia_calendario_contenidos__mp-bas-002,mp_evidencia_calendario_contenidos,Calendario editorial multicanal,evidencia_recomendada,MP,1,MP-BAS-002,Redactar mensajes claros y orientados a una acción,"Redactar un mensaje para una persona, problema y acción concreta.",Cómo crear un buyer persona,HubSpot Español,https://www.youtube.com/watch?v=-xm2vgPHdHg,https://www.youtube-nocookie.com/embed/-xm2vgPHdHg?rel=0&enablejsapi=1&cc_load_policy=1,0,0,si,si,si,si,evidencia_entregada_y_criterio_superado,Redacta tres mensajes para públicos distintos || Mantiene una propuesta de valor concreta || Incluye llamada a la acción coherente,Tres piezas breves justificadas,no,revisar_automaticamente_antes_de_publicar,2026-08-04
mp_evidencia_calendario_contenidos__mp-pol-003,mp_evidencia_calendario_contenidos,Calendario editorial multicanal,evidencia_recomendada,MP,2,MP-POL-003,Construir un plan de marketing medible,"Convertir estrategia en objetivos, acciones, activos y métricas.","Curso de Marketing Hub: CRM, formularios, anuncios, email y analítica",HubSpot Español,https://www.youtube.com/watch?v=Ama6IGE6tIs,https://www.youtube-nocookie.com/embed/Ama6IGE6tIs?rel=0&enablejsapi=1&cc_load_policy=1,0,0,si,si,si,si,evidencia_entregada_y_criterio_superado,"Objetivos específicos y medibles || Acciones conectadas con estrategia y público || KPI, presupuesto y calendario permiten seguimiento",Plan de marketing de 6 a 10 páginas,no,revisar_automaticamente_antes_de_publicar,2026-08-04
mp_evidencia_calendario_contenidos__mp-bas-003,mp_evidencia_calendario_contenidos,Calendario editorial multicanal,evidencia_recomendada,MP,3,MP-BAS-003,"Calcular porcentajes, costes y métricas básicas","Calcular porcentajes, costes, tasas y métricas básicas.",Curso completo de Excel,A2 Capacitación: Excel,https://www.youtube.com/watch?v=m8i4fMUCpK0,https://www.youtube-nocookie.com/embed/m8i4fMUCpK0?rel=0&enablejsapi=1&cc_load_policy=1&start=980&end=1657,980,1657,si,si,si,si,evidencia_entregada_y_criterio_superado,"Calcula variación porcentual y tasa de conversión || Diferencia ingreso, coste, margen y beneficio || Usa referencias correctas en una hoja de cálculo",Hoja con 15 ejercicios resueltos,no,revisar_automaticamente_antes_de_publicar,2026-08-04
mp_evidencia_calendario_contenidos__mp-dig-002,mp_evidencia_calendario_contenidos,Calendario editorial multicanal,evidencia_recomendada,MP,4,MP-DIG-002,Aplicar SEO y estrategia de contenidos,"Investigar palabras clave, competencia y oportunidades de contenido SEO.",Tutorial de Semrush: fundamentos de investigación SEO,Semrush en español,https://www.youtube.com/watch?v=SSlqtLQ5xJQ,https://www.youtube-nocookie.com/embed/SSlqtLQ5xJQ?rel=0&enablejsapi=1&cc_load_policy=1,0,0,si,si,si,si,evidencia_entregada_y_criterio_superado,Selecciona temas e intención con evidencia || Crea contenido útil y estructurado || Define métricas y actualización,Cluster de contenido y pieza optimizada,no,revisar_automaticamente_antes_de_publicar,2026-08-04
mp_evidencia_calendario_contenidos__mp-dis-002,mp_evidencia_calendario_contenidos,Calendario editorial multicanal,evidencia_recomendada,MP,5,MP-DIS-002,Producir contenido audiovisual breve,"Aplicar marca, formato, texto y llamada a la acción a una pieza audiovisual breve.",Kit de marca en Canva,Canva Latinoamérica,https://www.youtube.com/watch?v=havARJ_ZQg8,https://www.youtube-nocookie.com/embed/havARJ_ZQg8?rel=0&enablejsapi=1&cc_load_policy=1,0,0,si,si,si,si,evidencia_entregada_y_criterio_superado,"Guion con objetivo y duración || Audio, encuadre y ritmo comprensibles || Incluye subtítulos y versión por canal",Vídeo de 30 a 60 segundos y archivos fuente,no,revisar_automaticamente_antes_de_publicar,2026-08-04
mp_evidencia_campana_email__mp-bas-002,mp_evidencia_campana_email,Secuencia de email marketing,evidencia_recomendada,MP,1,MP-BAS-002,Redactar mensajes claros y orientados a una acción,"Redactar un mensaje para una persona, problema y acción concreta.",Cómo crear un buyer persona,HubSpot Español,https://www.youtube.com/watch?v=-xm2vgPHdHg,https://www.youtube-nocookie.com/embed/-xm2vgPHdHg?rel=0&enablejsapi=1&cc_load_policy=1,0,0,si,si,si,si,evidencia_entregada_y_criterio_superado,Redacta tres mensajes para públicos distintos || Mantiene una propuesta de valor concreta || Incluye llamada a la acción coherente,Tres piezas breves justificadas,no,revisar_automaticamente_antes_de_publicar,2026-08-04
mp_evidencia_campana_email__mp-dig-003,mp_evidencia_campana_email,Secuencia de email marketing,evidencia_recomendada,MP,2,MP-DIG-003,Diseñar email marketing y automatizaciones,"Diseñar email, segmentación, automatización y revisión de resultados.",Email marketing: estrategia y ejecución,HubSpot Español,https://www.youtube.com/watch?v=U8izqPoZMWg,https://www.youtube-nocookie.com/embed/U8izqPoZMWg?rel=0&enablejsapi=1&cc_load_policy=1,0,0,si,si,si,si,evidencia_entregada_y_criterio_superado,"Segmentación y disparador están definidos || Cada mensaje tiene objetivo y CTA || Incluye consentimiento, baja y control de frecuencia",Secuencia de bienvenida de 3 mensajes,no,revisar_automaticamente_antes_de_publicar,2026-08-04
mp_evidencia_campana_email__mp-dig-001,mp_evidencia_campana_email,Secuencia de email marketing,evidencia_recomendada,MP,3,MP-DIG-001,Planificar presencia web y conversión,"Crear formularios, CTA y recorrido de conversión.","Curso de Marketing Hub: CRM, formularios, anuncios, email y analítica",HubSpot Español,https://www.youtube.com/watch?v=Ama6IGE6tIs,https://www.youtube-nocookie.com/embed/Ama6IGE6tIs?rel=0&enablejsapi=1&cc_load_policy=1&start=166&end=272,166,272,si,si,si,si,evidencia_entregada_y_criterio_superado,"La web responde a objetivo y público || El recorrido incluye llamada y conversión medible || Incluye privacidad, accesibilidad y versión móvil",Wireframe y plan de medición de una landing,no,revisar_automaticamente_antes_de_publicar,2026-08-04
mp_evidencia_campana_email__mp-bas-005,mp_evidencia_campana_email,Secuencia de email marketing,evidencia_recomendada,MP,4,MP-BAS-005,"Comprender cliente, problema y modelo de negocio","Definir cliente, problema, contexto y propuesta inicial.",Cómo crear un buyer persona,HubSpot Español,https://www.youtube.com/watch?v=-xm2vgPHdHg,https://www.youtube-nocookie.com/embed/-xm2vgPHdHg?rel=0&enablejsapi=1&cc_load_policy=1,0,0,si,si,si,si,evidencia_entregada_y_criterio_superado,Define un segmento concreto || Formula problema y propuesta sin generalidades || Identifica cómo se entrega y monetiza valor,Canvas simplificado de una pyme,no,revisar_automaticamente_antes_de_publicar,2026-08-04
mp_evidencia_campana_email__mp-fin-002,mp_evidencia_campana_email,Secuencia de email marketing,evidencia_recomendada,MP,5,MP-FIN-002,Evaluar inversión y retorno de marketing,"Relacionar inversión, campaña, resultado y retorno.","Curso de Marketing Hub: CRM, formularios, anuncios, email y analítica",HubSpot Español,https://www.youtube.com/watch?v=Ama6IGE6tIs,https://www.youtube-nocookie.com/embed/Ama6IGE6tIs?rel=0&enablejsapi=1&cc_load_policy=1&start=272&end=451,272,451,si,si,si,si,evidencia_entregada_y_criterio_superado,Selecciona métrica de retorno adecuada || Explicita supuestos de atribución || Presenta recomendación con riesgo e incertidumbre,Caso ROI/ROAS con recomendación,no,revisar_automaticamente_antes_de_publicar,2026-08-04
mp_ies_angel_ganivet__mp-fin-002,mp_ies_angel_ganivet,IES Ángel Ganivet,instituto,MP,1,MP-FIN-002,Evaluar inversión y retorno de marketing,"Relacionar inversión, campaña, resultado y retorno.","Curso de Marketing Hub: CRM, formularios, anuncios, email y analítica",HubSpot Español,https://www.youtube.com/watch?v=Ama6IGE6tIs,https://www.youtube-nocookie.com/embed/Ama6IGE6tIs?rel=0&enablejsapi=1&cc_load_policy=1&start=272&end=451,272,451,si,si,si,si,evidencia_entregada_y_criterio_superado,Selecciona métrica de retorno adecuada || Explicita supuestos de atribución || Presenta recomendación con riesgo e incertidumbre,Caso ROI/ROAS con recomendación,no,revisar_automaticamente_antes_de_publicar,2026-08-04
mp_ies_angel_ganivet__mp-med-001,mp_ies_angel_ganivet,IES Ángel Ganivet,instituto,MP,2,MP-MED-001,Construir un plan de medios,Distribuir presupuesto entre medios y definir KPI y optimización.,"Curso de Marketing Hub: CRM, formularios, anuncios, email y analítica",HubSpot Español,https://www.youtube.com/watch?v=Ama6IGE6tIs,https://www.youtube-nocookie.com/embed/Ama6IGE6tIs?rel=0&enablejsapi=1&cc_load_policy=1&start=272&end=451,272,451,si,si,si,si,evidencia_entregada_y_criterio_superado,Canales corresponden al público y objetivo || Presupuesto y calendario son viables || Define métricas y criterios de ajuste,Plan de medios con distribución presupuestaria,no,revisar_automaticamente_antes_de_publicar,2026-08-04
mp_ies_angel_ganivet__mp-lan-001,mp_ies_angel_ganivet,IES Ángel Ganivet,instituto,MP,3,MP-LAN-001,Preparar el lanzamiento de un producto o servicio,"Planificar lanzamiento, activos, canales, automatización y medición.","Curso de Marketing Hub: CRM, formularios, anuncios, email y analítica",HubSpot Español,https://www.youtube.com/watch?v=Ama6IGE6tIs,https://www.youtube-nocookie.com/embed/Ama6IGE6tIs?rel=0&enablejsapi=1&cc_load_policy=1,0,0,si,si,si,si,evidencia_entregada_y_criterio_superado,"Define hipótesis y público de lanzamiento || Coordina contenido, medios y ventas || Incluye prueba, seguimiento y decisión posterior",Plan de lanzamiento de 30 días,no,revisar_automaticamente_antes_de_publicar,2026-08-04
mp_ies_angel_ganivet__mp-eng-001,mp_ies_angel_ganivet,IES Ángel Ganivet,instituto,MP,4,MP-ENG-001,Trabajar con briefs y comunicación de marketing en inglés,Extraer términos de analítica y presentar un resumen de métricas.,Google Analytics 4 Tutorial for Beginners,Analytics Mania,https://www.youtube.com/watch?v=mKu6FI53BxE,https://www.youtube-nocookie.com/embed/mKu6FI53BxE?rel=0&enablejsapi=1&cc_load_policy=1,0,0,si,si,si,si,evidencia_entregada_y_criterio_superado,Resume un brief en español || Redacta email y copy breve en inglés || Presenta resultados durante 2 minutos,Brief y presentación bilingüe,no,revisar_automaticamente_antes_de_publicar,2026-08-04
mp_ies_angel_ganivet__mp-prj-001,mp_ies_angel_ganivet,IES Ángel Ganivet,instituto,MP,5,MP-PRJ-001,Crear una campaña integrada de principio a fin,Construir una campaña integrada desde captación hasta análisis.,"Curso de Marketing Hub: CRM, formularios, anuncios, email y analítica",HubSpot Español,https://www.youtube.com/watch?v=Ama6IGE6tIs,https://www.youtube-nocookie.com/embed/Ama6IGE6tIs?rel=0&enablejsapi=1&cc_load_policy=1,0,0,si,si,si,si,evidencia_entregada_y_criterio_superado,"Problema y público respaldados por información || Plan, piezas, presupuesto y medición están conectados || Incluye resultados simulados o reales y aprendizaje",Caso de campaña completo,no,revisar_automaticamente_antes_de_publicar,2026-08-04
mp_camara_comercio_granada__mp-emp-001,mp_camara_comercio_granada,Cámara de Comercio de Granada,instituto,MP,1,MP-EMP-001,Construir portfolio y candidatura de marketing,Crear portfolio y presentación de casos con identidad coherente.,Kit de marca en Canva,Canva Latinoamérica,https://www.youtube.com/watch?v=havARJ_ZQg8,https://www.youtube-nocookie.com/embed/havARJ_ZQg8?rel=0&enablejsapi=1&cc_load_policy=1,0,0,si,si,si,si,evidencia_entregada_y_criterio_superado,"Portfolio incluye estrategia, pieza y resultados o métricas simuladas || CV usa vocabulario del puesto sin inventar experiencia || Matriz de brechas de tres ofertas","Portfolio, CV y matriz de brechas",no,revisar_automaticamente_antes_de_publicar,2026-08-04
mp_camara_comercio_granada__mp-pol-001,mp_camara_comercio_granada,Cámara de Comercio de Granada,instituto,MP,2,MP-POL-001,"Analizar mercado, competencia y situación","Analizar mercado, competencia y usuario antes de proponer acciones.",Cómo crear un buyer persona,HubSpot Español,https://www.youtube.com/watch?v=-xm2vgPHdHg,https://www.youtube-nocookie.com/embed/-xm2vgPHdHg?rel=0&enablejsapi=1&cc_load_policy=1,0,0,si,si,si,si,evidencia_entregada_y_criterio_superado,Define mercado y competidores comparables || Usa datos con fuente y fecha || Prioriza hallazgos relevantes en un diagnóstico,Análisis de mercado y competencia,no,revisar_automaticamente_antes_de_publicar,2026-08-04
mp_cade_granada__mp-emp-001,mp_cade_granada,CADE Granada,instituto,MP,1,MP-EMP-001,Construir portfolio y candidatura de marketing,Crear portfolio y presentación de casos con identidad coherente.,Kit de marca en Canva,Canva Latinoamérica,https://www.youtube.com/watch?v=havARJ_ZQg8,https://www.youtube-nocookie.com/embed/havARJ_ZQg8?rel=0&enablejsapi=1&cc_load_policy=1,0,0,si,si,si,si,evidencia_entregada_y_criterio_superado,"Portfolio incluye estrategia, pieza y resultados o métricas simuladas || CV usa vocabulario del puesto sin inventar experiencia || Matriz de brechas de tres ofertas","Portfolio, CV y matriz de brechas",no,revisar_automaticamente_antes_de_publicar,2026-08-04
mp_cade_granada__mp-pol-001,mp_cade_granada,CADE Granada,instituto,MP,2,MP-POL-001,"Analizar mercado, competencia y situación","Analizar mercado, competencia y usuario antes de proponer acciones.",Cómo crear un buyer persona,HubSpot Español,https://www.youtube.com/watch?v=-xm2vgPHdHg,https://www.youtube-nocookie.com/embed/-xm2vgPHdHg?rel=0&enablejsapi=1&cc_load_policy=1,0,0,si,si,si,si,evidencia_entregada_y_criterio_superado,Define mercado y competidores comparables || Usa datos con fuente y fecha || Prioriza hallazgos relevantes en un diagnóstico,Análisis de mercado y competencia,no,revisar_automaticamente_antes_de_publicar,2026-08-04
mp_club_marketing_granada_entidad__mp-fin-002,mp_club_marketing_granada_entidad,Club de Marketing de Granada,instituto,MP,1,MP-FIN-002,Evaluar inversión y retorno de marketing,"Relacionar inversión, campaña, resultado y retorno.","Curso de Marketing Hub: CRM, formularios, anuncios, email y analítica",HubSpot Español,https://www.youtube.com/watch?v=Ama6IGE6tIs,https://www.youtube-nocookie.com/embed/Ama6IGE6tIs?rel=0&enablejsapi=1&cc_load_policy=1&start=272&end=451,272,451,si,si,si,si,evidencia_entregada_y_criterio_superado,Selecciona métrica de retorno adecuada || Explicita supuestos de atribución || Presenta recomendación con riesgo e incertidumbre,Caso ROI/ROAS con recomendación,no,revisar_automaticamente_antes_de_publicar,2026-08-04
mp_club_marketing_granada_entidad__mp-evt-001,mp_club_marketing_granada_entidad,Club de Marketing de Granada,instituto,MP,2,MP-EVT-001,Diseñar y evaluar un evento de marketing,"Organizar cronograma, responsables, activos, invitados y evaluación de evento.","Curso completo de Google Drive: organizar, compartir y colaborar",Carlos Cortés Academy,https://www.youtube.com/watch?v=xBaRjZUVSgc,https://www.youtube-nocookie.com/embed/xBaRjZUVSgc?rel=0&enablejsapi=1&cc_load_policy=1,0,0,si,si,si,si,evidencia_entregada_y_criterio_superado,"Cronograma y responsabilidades completos || Presupuesto, proveedores y contingencias definidos || Métricas de asistencia, interacción y resultado",Dossier de evento,no,revisar_automaticamente_antes_de_publicar,2026-08-04
mp_club_marketing_granada_entidad__mp-lan-001,mp_club_marketing_granada_entidad,Club de Marketing de Granada,instituto,MP,3,MP-LAN-001,Preparar el lanzamiento de un producto o servicio,"Planificar lanzamiento, activos, canales, automatización y medición.","Curso de Marketing Hub: CRM, formularios, anuncios, email y analítica",HubSpot Español,https://www.youtube.com/watch?v=Ama6IGE6tIs,https://www.youtube-nocookie.com/embed/Ama6IGE6tIs?rel=0&enablejsapi=1&cc_load_policy=1,0,0,si,si,si,si,evidencia_entregada_y_criterio_superado,"Define hipótesis y público de lanzamiento || Coordina contenido, medios y ventas || Incluye prueba, seguimiento y decisión posterior",Plan de lanzamiento de 30 días,no,revisar_automaticamente_antes_de_publicar,2026-08-04
mp_club_marketing_granada_entidad__mp-eng-001,mp_club_marketing_granada_entidad,Club de Marketing de Granada,instituto,MP,4,MP-ENG-001,Trabajar con briefs y comunicación de marketing en inglés,Extraer términos de analítica y presentar un resumen de métricas.,Google Analytics 4 Tutorial for Beginners,Analytics Mania,https://www.youtube.com/watch?v=mKu6FI53BxE,https://www.youtube-nocookie.com/embed/mKu6FI53BxE?rel=0&enablejsapi=1&cc_load_policy=1,0,0,si,si,si,si,evidencia_entregada_y_criterio_superado,Resume un brief en español || Redacta email y copy breve en inglés || Presenta resultados durante 2 minutos,Brief y presentación bilingüe,no,revisar_automaticamente_antes_de_publicar,2026-08-04
mp_club_marketing_granada_entidad__mp-prj-001,mp_club_marketing_granada_entidad,Club de Marketing de Granada,instituto,MP,5,MP-PRJ-001,Crear una campaña integrada de principio a fin,Construir una campaña integrada desde captación hasta análisis.,"Curso de Marketing Hub: CRM, formularios, anuncios, email y analítica",HubSpot Español,https://www.youtube.com/watch?v=Ama6IGE6tIs,https://www.youtube-nocookie.com/embed/Ama6IGE6tIs?rel=0&enablejsapi=1&cc_load_policy=1,0,0,si,si,si,si,evidencia_entregada_y_criterio_superado,"Problema y público respaldados por información || Plan, piezas, presupuesto y medición están conectados || Incluye resultados simulados o reales y aprendizaje",Caso de campaña completo,no,revisar_automaticamente_antes_de_publicar,2026-08-04
mp_aje_granada_entidad__mp-evt-001,mp_aje_granada_entidad,AJE Granada,instituto,MP,1,MP-EVT-001,Diseñar y evaluar un evento de marketing,"Organizar cronograma, responsables, activos, invitados y evaluación de evento.","Curso completo de Google Drive: organizar, compartir y colaborar",Carlos Cortés Academy,https://www.youtube.com/watch?v=xBaRjZUVSgc,https://www.youtube-nocookie.com/embed/xBaRjZUVSgc?rel=0&enablejsapi=1&cc_load_policy=1,0,0,si,si,si,si,evidencia_entregada_y_criterio_superado,"Cronograma y responsabilidades completos || Presupuesto, proveedores y contingencias definidos || Métricas de asistencia, interacción y resultado",Dossier de evento,no,revisar_automaticamente_antes_de_publicar,2026-08-04
mp_aje_granada_entidad__mp-emp-001,mp_aje_granada_entidad,AJE Granada,instituto,MP,2,MP-EMP-001,Construir portfolio y candidatura de marketing,Crear portfolio y presentación de casos con identidad coherente.,Kit de marca en Canva,Canva Latinoamérica,https://www.youtube.com/watch?v=havARJ_ZQg8,https://www.youtube-nocookie.com/embed/havARJ_ZQg8?rel=0&enablejsapi=1&cc_load_policy=1,0,0,si,si,si,si,evidencia_entregada_y_criterio_superado,"Portfolio incluye estrategia, pieza y resultados o métricas simuladas || CV usa vocabulario del puesto sin inventar experiencia || Matriz de brechas de tres ofertas","Portfolio, CV y matriz de brechas",no,revisar_automaticamente_antes_de_publicar,2026-08-04
mp_aje_granada_entidad__mp-pol-001,mp_aje_granada_entidad,AJE Granada,instituto,MP,3,MP-POL-001,"Analizar mercado, competencia y situación","Analizar mercado, competencia y usuario antes de proponer acciones.",Cómo crear un buyer persona,HubSpot Español,https://www.youtube.com/watch?v=-xm2vgPHdHg,https://www.youtube-nocookie.com/embed/-xm2vgPHdHg?rel=0&enablejsapi=1&cc_load_policy=1,0,0,si,si,si,si,evidencia_entregada_y_criterio_superado,Define mercado y competidores comparables || Usa datos con fuente y fecha || Prioriza hallazgos relevantes en un diagnóstico,Análisis de mercado y competencia,no,revisar_automaticamente_antes_de_publicar,2026-08-04
mp_ugr_emprendedora__mp-emp-001,mp_ugr_emprendedora,UGR Emprendedora,instituto,MP,1,MP-EMP-001,Construir portfolio y candidatura de marketing,Crear portfolio y presentación de casos con identidad coherente.,Kit de marca en Canva,Canva Latinoamérica,https://www.youtube.com/watch?v=havARJ_ZQg8,https://www.youtube-nocookie.com/embed/havARJ_ZQg8?rel=0&enablejsapi=1&cc_load_policy=1,0,0,si,si,si,si,evidencia_entregada_y_criterio_superado,"Portfolio incluye estrategia, pieza y resultados o métricas simuladas || CV usa vocabulario del puesto sin inventar experiencia || Matriz de brechas de tres ofertas","Portfolio, CV y matriz de brechas",no,revisar_automaticamente_antes_de_publicar,2026-08-04
mp_ugr_emprendedora__mp-pol-001,mp_ugr_emprendedora,UGR Emprendedora,instituto,MP,2,MP-POL-001,"Analizar mercado, competencia y situación","Analizar mercado, competencia y usuario antes de proponer acciones.",Cómo crear un buyer persona,HubSpot Español,https://www.youtube.com/watch?v=-xm2vgPHdHg,https://www.youtube-nocookie.com/embed/-xm2vgPHdHg?rel=0&enablejsapi=1&cc_load_policy=1,0,0,si,si,si,si,evidencia_entregada_y_criterio_superado,Define mercado y competidores comparables || Usa datos con fuente y fecha || Prioriza hallazgos relevantes en un diagnóstico,Análisis de mercado y competencia,no,revisar_automaticamente_antes_de_publicar,2026-08-04
mp_andalucia_nexus_lab__mp-dig-001,mp_andalucia_nexus_lab,Andalucía Nexus Lab,instituto,MP,1,MP-DIG-001,Planificar presencia web y conversión,"Crear formularios, CTA y recorrido de conversión.","Curso de Marketing Hub: CRM, formularios, anuncios, email y analítica",HubSpot Español,https://www.youtube.com/watch?v=Ama6IGE6tIs,https://www.youtube-nocookie.com/embed/Ama6IGE6tIs?rel=0&enablejsapi=1&cc_load_policy=1&start=166&end=272,166,272,si,si,si,si,evidencia_entregada_y_criterio_superado,"La web responde a objetivo y público || El recorrido incluye llamada y conversión medible || Incluye privacidad, accesibilidad y versión móvil",Wireframe y plan de medición de una landing,no,revisar_automaticamente_antes_de_publicar,2026-08-04
mp_andalucia_nexus_lab__mp-dig-003,mp_andalucia_nexus_lab,Andalucía Nexus Lab,instituto,MP,2,MP-DIG-003,Diseñar email marketing y automatizaciones,"Diseñar email, segmentación, automatización y revisión de resultados.",Email marketing: estrategia y ejecución,HubSpot Español,https://www.youtube.com/watch?v=U8izqPoZMWg,https://www.youtube-nocookie.com/embed/U8izqPoZMWg?rel=0&enablejsapi=1&cc_load_policy=1,0,0,si,si,si,si,evidencia_entregada_y_criterio_superado,"Segmentación y disparador están definidos || Cada mensaje tiene objetivo y CTA || Incluye consentimiento, baja y control de frecuencia",Secuencia de bienvenida de 3 mensajes,no,revisar_automaticamente_antes_de_publicar,2026-08-04
mp_andalucia_nexus_lab__mp-dig-004,mp_andalucia_nexus_lab,Andalucía Nexus Lab,instituto,MP,3,MP-DIG-004,Planificar publicidad digital,"Configurar objetivo, público, anuncio, presupuesto y medición.","Curso de Marketing Hub: CRM, formularios, anuncios, email y analítica",HubSpot Español,https://www.youtube.com/watch?v=Ama6IGE6tIs,https://www.youtube-nocookie.com/embed/Ama6IGE6tIs?rel=0&enablejsapi=1&cc_load_policy=1&start=272&end=451,272,451,si,si,si,si,evidencia_entregada_y_criterio_superado,"Campaña alineada con objetivo y etapa del embudo || Audiencia y exclusiones justificadas || Presupuesto, KPI y regla de optimización definidos",Plan de campaña con tres anuncios,no,revisar_automaticamente_antes_de_publicar,2026-08-04
mp_andalucia_nexus_lab__mp-fin-002,mp_andalucia_nexus_lab,Andalucía Nexus Lab,instituto,MP,4,MP-FIN-002,Evaluar inversión y retorno de marketing,"Relacionar inversión, campaña, resultado y retorno.","Curso de Marketing Hub: CRM, formularios, anuncios, email y analítica",HubSpot Español,https://www.youtube.com/watch?v=Ama6IGE6tIs,https://www.youtube-nocookie.com/embed/Ama6IGE6tIs?rel=0&enablejsapi=1&cc_load_policy=1&start=272&end=451,272,451,si,si,si,si,evidencia_entregada_y_criterio_superado,Selecciona métrica de retorno adecuada || Explicita supuestos de atribución || Presenta recomendación con riesgo e incertidumbre,Caso ROI/ROAS con recomendación,no,revisar_automaticamente_antes_de_publicar,2026-08-04
mp_andalucia_nexus_lab__mp-dig-002,mp_andalucia_nexus_lab,Andalucía Nexus Lab,instituto,MP,5,MP-DIG-002,Aplicar SEO y estrategia de contenidos,"Investigar palabras clave, competencia y oportunidades de contenido SEO.",Tutorial de Semrush: fundamentos de investigación SEO,Semrush en español,https://www.youtube.com/watch?v=SSlqtLQ5xJQ,https://www.youtube-nocookie.com/embed/SSlqtLQ5xJQ?rel=0&enablejsapi=1&cc_load_policy=1,0,0,si,si,si,si,evidencia_entregada_y_criterio_superado,Selecciona temas e intención con evidencia || Crea contenido útil y estructurado || Define métricas y actualización,Cluster de contenido y pieza optimizada,no,revisar_automaticamente_antes_de_publicar,2026-08-04
af_camara_contabilidad_facturacion_pymes_2026__af-sim-001,af_camara_contabilidad_facturacion_pymes_2026,Gestión integral de contabilidad y facturación para pymes,curso_complementario,AF,1,AF-SIM-001,Gestionar una empresa simulada de forma integrada,Simular facturación y operaciones de una empresa con trazabilidad.,Cómo crear una factura en Sage,Sage Customer Support,https://www.youtube.com/watch?v=HgbxbpwhKXs,https://www.youtube-nocookie.com/embed/HgbxbpwhKXs?rel=0&enablejsapi=1&cc_load_policy=1,0,0,si,si,si,si,evidencia_entregada_y_criterio_superado,Procesos mantienen trazabilidad entre departamentos || Documentación e importes cuadran || Se revisan resultados y se corrigen incidencias,Expediente anual de empresa simulada,no,revisar_automaticamente_antes_de_publicar,2026-08-04
af_camara_contabilidad_facturacion_pymes_2026__af-com-001,af_camara_contabilidad_facturacion_pymes_2026,Gestión integral de contabilidad y facturación para pymes,curso_complementario,AF,2,AF-COM-001,"Gestionar compras, ventas, facturas y cobros",Crear y revisar facturas de compra/venta y su trazabilidad.,Cómo crear una factura en Sage,Sage Customer Support,https://www.youtube.com/watch?v=HgbxbpwhKXs,https://www.youtube-nocookie.com/embed/HgbxbpwhKXs?rel=0&enablejsapi=1&cc_load_policy=1,0,0,si,si,si,si,evidencia_entregada_y_criterio_superado,"Documentos mantienen trazabilidad || Calcula bases, descuentos e impuestos || Registra vencimiento y forma de pago",Expediente completo de compra y venta,no,revisar_automaticamente_antes_de_publicar,2026-08-04
af_camara_contabilidad_facturacion_pymes_2026__af-com-002,af_camara_contabilidad_facturacion_pymes_2026,Gestión integral de contabilidad y facturación para pymes,curso_complementario,AF,3,AF-COM-002,Registrar el ciclo contable básico,"Relacionar documento comercial, asiento y estado de cobro/pago.",Cómo crear una factura en Sage,Sage Customer Support,https://www.youtube.com/watch?v=HgbxbpwhKXs,https://www.youtube-nocookie.com/embed/HgbxbpwhKXs?rel=0&enablejsapi=1&cc_load_policy=1,0,0,si,si,si,si,evidencia_entregada_y_criterio_superado,"Distingue activo, pasivo, patrimonio, gasto e ingreso || Registra operaciones con partida doble || Comprueba sumas y saldos",Libro diario y balance de comprobación de caso ficticio,no,revisar_automaticamente_antes_de_publicar,2026-08-04
af_camara_contabilidad_facturacion_pymes_2026__af-con-001,af_camara_contabilidad_facturacion_pymes_2026,Gestión integral de contabilidad y facturación para pymes,curso_complementario,AF,4,AF-CON-001,Completar el ciclo contable,"Recorrer documento, registro, mayor, cierre y comprobación.",Cómo crear una factura en Sage,Sage Customer Support,https://www.youtube.com/watch?v=HgbxbpwhKXs,https://www.youtube-nocookie.com/embed/HgbxbpwhKXs?rel=0&enablejsapi=1&cc_load_policy=1,0,0,si,si,si,si,evidencia_entregada_y_criterio_superado,Registra ajustes de fin de ejercicio || Calcula resultado y cierre || Prepara balance y cuenta de resultados coherentes,Caso contable completo,no,revisar_automaticamente_antes_de_publicar,2026-08-04
af_camara_contabilidad_facturacion_pymes_2026__af-dig-001,af_camara_contabilidad_facturacion_pymes_2026,Gestión integral de contabilidad y facturación para pymes,curso_complementario,AF,5,AF-DIG-001,Automatizar procesos administrativos con control,Automatizar consolidación y controles sin perder trazabilidad.,Curso completo de Excel,A2 Capacitación: Excel,https://www.youtube.com/watch?v=m8i4fMUCpK0,https://www.youtube-nocookie.com/embed/m8i4fMUCpK0?rel=0&enablejsapi=1&cc_load_policy=1&start=5612&end=6700,5612,6700,si,si,si,si,evidencia_entregada_y_criterio_superado,"Proceso actual y futuro documentados || Automatización conserva trazabilidad || Excepciones, errores y permisos están definidos",Flujo automatizado ficticio,no,revisar_automaticamente_antes_de_publicar,2026-08-04
af_camara_nominas_seguros_sociales_2026__af-lab-002,af_camara_nominas_seguros_sociales_2026,Gestión de nóminas y seguros sociales para tu empresa,curso_complementario,AF,1,AF-LAB-002,Calcular y revisar una nómina,Construir y revisar una plantilla de nómina con fórmulas y comprobaciones.,Curso completo de Excel,A2 Capacitación: Excel,https://www.youtube.com/watch?v=m8i4fMUCpK0,https://www.youtube-nocookie.com/embed/m8i4fMUCpK0?rel=0&enablejsapi=1&cc_load_policy=1,0,0,si,si,si,si,evidencia_entregada_y_criterio_superado,Identifica conceptos salariales y extrasalariales || Calcula bases y deducciones del caso || Comprueba líquido y coste empresarial,Tres nóminas ficticias con hoja de cálculo,no,revisar_automaticamente_antes_de_publicar,2026-08-04
af_camara_nominas_seguros_sociales_2026__af-lab-001,af_camara_nominas_seguros_sociales_2026,Gestión de nóminas y seguros sociales para tu empresa,curso_complementario,AF,2,AF-LAB-001,"Interpretar contratos, jornada y documentación laboral","Organizar contratos, anexos, jornada y documentación laboral.","Curso completo de Google Drive: organizar, compartir y colaborar",Carlos Cortés Academy,https://www.youtube.com/watch?v=xBaRjZUVSgc,https://www.youtube-nocookie.com/embed/xBaRjZUVSgc?rel=0&enablejsapi=1&cc_load_policy=1,0,0,si,si,si,si,evidencia_entregada_y_criterio_superado,Selecciona modalidad coherente con caso || Identifica documentación y plazos || Mantiene expediente completo y confidencial,Expediente laboral ficticio,no,revisar_automaticamente_antes_de_publicar,2026-08-04
af_camara_nominas_seguros_sociales_2026__af-sim-001,af_camara_nominas_seguros_sociales_2026,Gestión de nóminas y seguros sociales para tu empresa,curso_complementario,AF,3,AF-SIM-001,Gestionar una empresa simulada de forma integrada,Simular facturación y operaciones de una empresa con trazabilidad.,Cómo crear una factura en Sage,Sage Customer Support,https://www.youtube.com/watch?v=HgbxbpwhKXs,https://www.youtube-nocookie.com/embed/HgbxbpwhKXs?rel=0&enablejsapi=1&cc_load_policy=1,0,0,si,si,si,si,evidencia_entregada_y_criterio_superado,Procesos mantienen trazabilidad entre departamentos || Documentación e importes cuadran || Se revisan resultados y se corrigen incidencias,Expediente anual de empresa simulada,no,revisar_automaticamente_antes_de_publicar,2026-08-04
af_camara_nominas_seguros_sociales_2026__af-jur-001,af_camara_nominas_seguros_sociales_2026,Gestión de nóminas y seguros sociales para tu empresa,curso_complementario,AF,4,AF-JUR-001,Distinguir formas jurídicas y órganos de la empresa,"Relacionar estructura de empresa, roles y responsabilidades en un sistema de gestión.",HubSpot CRM para principiantes,HubSpot Español,https://www.youtube.com/watch?v=RXbOwk1l2T8,https://www.youtube-nocookie.com/embed/RXbOwk1l2T8?rel=0&enablejsapi=1&cc_load_policy=1,0,0,si,si,si,si,evidencia_entregada_y_criterio_superado,Compara autónomo y sociedades habituales || Identifica órganos y responsabilidades || Justifica una forma para un caso sencillo,Tabla comparativa y recomendación,no,revisar_automaticamente_antes_de_publicar,2026-08-04
af_camara_nominas_seguros_sociales_2026__af-rrhh-002,af_camara_nominas_seguros_sociales_2026,Gestión de nóminas y seguros sociales para tu empresa,curso_complementario,AF,5,AF-RRHH-002,"Aplicar responsabilidad social, igualdad y protección","Limitar datos, permisos y trazabilidad en información de personas.",HubSpot CRM para principiantes,HubSpot Español,https://www.youtube.com/watch?v=RXbOwk1l2T8,https://www.youtube-nocookie.com/embed/RXbOwk1l2T8?rel=0&enablejsapi=1&cc_load_policy=1,0,0,si,si,si,si,evidencia_entregada_y_criterio_superado,Identifica grupos afectados || Define medidas e indicadores || Evita recopilar o divulgar datos innecesarios,Política interna breve con indicadores,no,revisar_automaticamente_antes_de_publicar,2026-08-04
af_camara_emprendimiento_idea_accion_2026__af-jur-001,af_camara_emprendimiento_idea_accion_2026,De la idea a la acción: emprendimiento y puesta en marcha,curso_complementario,AF,1,AF-JUR-001,Distinguir formas jurídicas y órganos de la empresa,"Relacionar estructura de empresa, roles y responsabilidades en un sistema de gestión.",HubSpot CRM para principiantes,HubSpot Español,https://www.youtube.com/watch?v=RXbOwk1l2T8,https://www.youtube-nocookie.com/embed/RXbOwk1l2T8?rel=0&enablejsapi=1&cc_load_policy=1,0,0,si,si,si,si,evidencia_entregada_y_criterio_superado,Compara autónomo y sociedades habituales || Identifica órganos y responsabilidades || Justifica una forma para un caso sencillo,Tabla comparativa y recomendación,no,revisar_automaticamente_antes_de_publicar,2026-08-04
af_camara_emprendimiento_idea_accion_2026__af-rrhh-002,af_camara_emprendimiento_idea_accion_2026,De la idea a la acción: emprendimiento y puesta en marcha,curso_complementario,AF,2,AF-RRHH-002,"Aplicar responsabilidad social, igualdad y protección","Limitar datos, permisos y trazabilidad en información de personas.",HubSpot CRM para principiantes,HubSpot Español,https://www.youtube.com/watch?v=RXbOwk1l2T8,https://www.youtube-nocookie.com/embed/RXbOwk1l2T8?rel=0&enablejsapi=1&cc_load_policy=1,0,0,si,si,si,si,evidencia_entregada_y_criterio_superado,Identifica grupos afectados || Define medidas e indicadores || Evita recopilar o divulgar datos innecesarios,Política interna breve con indicadores,no,revisar_automaticamente_antes_de_publicar,2026-08-04
af_camara_emprendimiento_idea_accion_2026__af-sim-001,af_camara_emprendimiento_idea_accion_2026,De la idea a la acción: emprendimiento y puesta en marcha,curso_complementario,AF,3,AF-SIM-001,Gestionar una empresa simulada de forma integrada,Simular facturación y operaciones de una empresa con trazabilidad.,Cómo crear una factura en Sage,Sage Customer Support,https://www.youtube.com/watch?v=HgbxbpwhKXs,https://www.youtube-nocookie.com/embed/HgbxbpwhKXs?rel=0&enablejsapi=1&cc_load_policy=1,0,0,si,si,si,si,evidencia_entregada_y_criterio_superado,Procesos mantienen trazabilidad entre departamentos || Documentación e importes cuadran || Se revisan resultados y se corrigen incidencias,Expediente anual de empresa simulada,no,revisar_automaticamente_antes_de_publicar,2026-08-04
af_camara_emprendimiento_idea_accion_2026__af-prj-001,af_camara_emprendimiento_idea_accion_2026,De la idea a la acción: emprendimiento y puesta en marcha,curso_complementario,AF,4,AF-PRJ-001,Diseñar una solución administrativa integral,"Diseñar una solución integrada de documentos, datos, control y reporting.",Curso completo de Excel,A2 Capacitación: Excel,https://www.youtube.com/watch?v=m8i4fMUCpK0,https://www.youtube-nocookie.com/embed/m8i4fMUCpK0?rel=0&enablejsapi=1&cc_load_policy=1,0,0,si,si,si,si,evidencia_entregada_y_criterio_superado,"Problema y alcance definidos || Proceso y documentación son completos || Incluye indicadores, seguridad y viabilidad","Memoria, plantillas, dashboard y presentación",no,revisar_automaticamente_antes_de_publicar,2026-08-04
af_camara_emprendimiento_idea_accion_2026__af-prj-002,af_camara_emprendimiento_idea_accion_2026,De la idea a la acción: emprendimiento y puesta en marcha,curso_complementario,AF,5,AF-PRJ-002,Presentar y defender una propuesta administrativa,"Presentar proceso, controles, resultados y mejoras de la solución.",Kit de marca en Canva,Canva Latinoamérica,https://www.youtube.com/watch?v=havARJ_ZQg8,https://www.youtube-nocookie.com/embed/havARJ_ZQg8?rel=0&enablejsapi=1&cc_load_policy=1,0,0,si,si,si,si,evidencia_entregada_y_criterio_superado,Presentación de 5 minutos || Demuestra documentos o panel || Responde dudas y reconoce límites normativos,Vídeo o defensa,no,revisar_automaticamente_antes_de_publicar,2026-08-04
af_camara_auxiliar_administrativo_2026__af-bas-004,af_camara_auxiliar_administrativo_2026,Auxiliar administrativo,curso_basico,AF,1,AF-BAS-004,Redactar correos y comunicaciones profesionales,Redactar y archivar comunicaciones profesionales trazables.,"Curso completo de Google Drive: organizar, compartir y colaborar",Carlos Cortés Academy,https://www.youtube.com/watch?v=xBaRjZUVSgc,https://www.youtube-nocookie.com/embed/xBaRjZUVSgc?rel=0&enablejsapi=1&cc_load_policy=1,0,0,si,si,si,si,evidencia_entregada_y_criterio_superado,Asunto permite identificar la acción || Mensaje contiene datos y petición necesarios || Mantiene tono profesional y revisa adjuntos,Tres correos de casos administrativos,no,revisar_automaticamente_antes_de_publicar,2026-08-04
af_camara_auxiliar_administrativo_2026__af-bas-001,af_camara_auxiliar_administrativo_2026,Auxiliar administrativo,curso_basico,AF,2,AF-BAS-001,Organizar archivos y documentación administrativa,"Crear archivo lógico por empresa, periodo, proceso y estado.",Cómo organizar archivos en la computadora | Computación básica,Ronal Mañuico - Computación y Tecnología,https://www.youtube.com/watch?v=mrN082rtsL0,https://www.youtube-nocookie.com/embed/mrN082rtsL0?rel=0&enablejsapi=1&cc_load_policy=1,0,0,si,si,si,si,evidencia_entregada_y_criterio_superado,"Crea estructura por empresa, ejercicio y proceso || Localiza una versión concreta y explica su estado || Protege y respalda documentación sensible",Archivo administrativo ficticio organizado,no,revisar_automaticamente_antes_de_publicar,2026-08-04
af_camara_auxiliar_administrativo_2026__af-jur-002,af_camara_auxiliar_administrativo_2026,Auxiliar administrativo,curso_basico,AF,3,AF-JUR-002,Preparar trámites de constitución y documentación oficial,Organizar expediente de constitución y controlar versiones y firmas.,"Curso completo de Google Drive: organizar, compartir y colaborar",Carlos Cortés Academy,https://www.youtube.com/watch?v=xBaRjZUVSgc,https://www.youtube-nocookie.com/embed/xBaRjZUVSgc?rel=0&enablejsapi=1&cc_load_policy=1,0,0,si,si,si,si,evidencia_entregada_y_criterio_superado,Ordena trámites y responsables || Completa modelos simulados sin datos incoherentes || Mantiene registro de presentación y plazo,Expediente ficticio de constitución o modificación,no,revisar_automaticamente_antes_de_publicar,2026-08-04
af_camara_auxiliar_administrativo_2026__af-cli-001,af_camara_auxiliar_administrativo_2026,Auxiliar administrativo,curso_basico,AF,4,AF-CLI-001,"Atender y registrar consultas, quejas y reclamaciones","Registrar consulta o reclamación con responsable, estado y respuesta.",HubSpot CRM para principiantes,HubSpot Español,https://www.youtube.com/watch?v=RXbOwk1l2T8,https://www.youtube-nocookie.com/embed/RXbOwk1l2T8?rel=0&enablejsapi=1&cc_load_policy=1,0,0,si,si,si,si,evidencia_entregada_y_criterio_superado,"Recoge hechos y necesidad || Explica plazo, responsable y siguiente paso || Registra y cierra la incidencia",Role-play y ficha de tres casos,no,revisar_automaticamente_antes_de_publicar,2026-08-04
af_camara_auxiliar_administrativo_2026__af-cli-002,af_camara_auxiliar_administrativo_2026,Auxiliar administrativo,curso_basico,AF,5,AF-CLI-002,Gestionar comunicaciones y archivo multicanal,"Archivar comunicaciones por expediente, canal, fecha y estado.","Curso completo de Google Drive: organizar, compartir y colaborar",Carlos Cortés Academy,https://www.youtube.com/watch?v=xBaRjZUVSgc,https://www.youtube-nocookie.com/embed/xBaRjZUVSgc?rel=0&enablejsapi=1&cc_load_policy=1,0,0,si,si,si,si,evidencia_entregada_y_criterio_superado,Clasifica cada comunicación || Mantiene plazos y responsables || Controla acceso y conservación,Registro de comunicaciones ficticio,no,revisar_automaticamente_antes_de_publicar,2026-08-04
af_aula_mentor_nominas_seguros_sociales__af-lab-002,af_aula_mentor_nominas_seguros_sociales,Nóminas y seguros sociales,curso_complementario,AF,1,AF-LAB-002,Calcular y revisar una nómina,Construir y revisar una plantilla de nómina con fórmulas y comprobaciones.,Curso completo de Excel,A2 Capacitación: Excel,https://www.youtube.com/watch?v=m8i4fMUCpK0,https://www.youtube-nocookie.com/embed/m8i4fMUCpK0?rel=0&enablejsapi=1&cc_load_policy=1,0,0,si,si,si,si,evidencia_entregada_y_criterio_superado,Identifica conceptos salariales y extrasalariales || Calcula bases y deducciones del caso || Comprueba líquido y coste empresarial,Tres nóminas ficticias con hoja de cálculo,no,revisar_automaticamente_antes_de_publicar,2026-08-04
af_aula_mentor_nominas_seguros_sociales__af-lab-001,af_aula_mentor_nominas_seguros_sociales,Nóminas y seguros sociales,curso_complementario,AF,2,AF-LAB-001,"Interpretar contratos, jornada y documentación laboral","Organizar contratos, anexos, jornada y documentación laboral.","Curso completo de Google Drive: organizar, compartir y colaborar",Carlos Cortés Academy,https://www.youtube.com/watch?v=xBaRjZUVSgc,https://www.youtube-nocookie.com/embed/xBaRjZUVSgc?rel=0&enablejsapi=1&cc_load_policy=1,0,0,si,si,si,si,evidencia_entregada_y_criterio_superado,Selecciona modalidad coherente con caso || Identifica documentación y plazos || Mantiene expediente completo y confidencial,Expediente laboral ficticio,no,revisar_automaticamente_antes_de_publicar,2026-08-04
af_aula_mentor_nominas_seguros_sociales__af-bas-005,af_aula_mentor_nominas_seguros_sociales,Nóminas y seguros sociales,curso_complementario,AF,3,AF-BAS-005,"Proteger datos, credenciales y documentación",Configurar permisos y evitar exposición innecesaria de documentos.,"Curso completo de Google Drive: organizar, compartir y colaborar",Carlos Cortés Academy,https://www.youtube.com/watch?v=xBaRjZUVSgc,https://www.youtube-nocookie.com/embed/xBaRjZUVSgc?rel=0&enablejsapi=1&cc_load_policy=1,0,0,si,si,si,si,evidencia_entregada_y_criterio_superado,Detecta señales de fraude en dos correos || Aplica principio de mínimo acceso || Define procedimiento de envío y destrucción segura,Checklist de seguridad administrativa,no,revisar_automaticamente_antes_de_publicar,2026-08-04
af_aula_mentor_iniciacion_office__af-bas-002,af_aula_mentor_iniciacion_office,Iniciación a Office,curso_basico,AF,1,AF-BAS-002,Escribir con precisión y usar funciones básicas de Office,"Crear, nombrar, compartir y controlar documentos de oficina.","Curso completo de Google Drive: organizar, compartir y colaborar",Carlos Cortés Academy,https://www.youtube.com/watch?v=xBaRjZUVSgc,https://www.youtube-nocookie.com/embed/xBaRjZUVSgc?rel=0&enablejsapi=1&cc_load_policy=1,0,0,si,si,si,si,evidencia_entregada_y_criterio_superado,Redacta un documento con estilos y tabla || Crea una hoja con fórmulas simples || Exporta correctamente a PDF,"Pack de documento, hoja y presentación",no,revisar_automaticamente_antes_de_publicar,2026-08-04
af_aula_mentor_iniciacion_office__af-bas-003,af_aula_mentor_iniciacion_office,Iniciación a Office,curso_basico,AF,2,AF-BAS-003,"Operar con porcentajes, reglas de tres e importes","Resolver porcentajes, descuentos, impuestos e importes con fórmulas.",Curso completo de Excel,A2 Capacitación: Excel,https://www.youtube.com/watch?v=m8i4fMUCpK0,https://www.youtube-nocookie.com/embed/m8i4fMUCpK0?rel=0&enablejsapi=1&cc_load_policy=1&start=980&end=1657,980,1657,si,si,si,si,evidencia_entregada_y_criterio_superado,"Calcula porcentajes directos e inversos || Separa base, cuota y total || Comprueba resultado mediante estimación",Hoja con 20 ejercicios,no,revisar_automaticamente_antes_de_publicar,2026-08-04
af_aula_mentor_iniciacion_office__af-ofi-001,af_aula_mentor_iniciacion_office,Iniciación a Office,curso_basico,AF,3,AF-OFI-001,Crear documentos administrativos mediante estilos y plantillas,"Crear plantillas, documentos consistentes y flujo de revisión.","Curso completo de Google Drive: organizar, compartir y colaborar",Carlos Cortés Academy,https://www.youtube.com/watch?v=xBaRjZUVSgc,https://www.youtube-nocookie.com/embed/xBaRjZUVSgc?rel=0&enablejsapi=1&cc_load_policy=1,0,0,si,si,si,si,evidencia_entregada_y_criterio_superado,"Usa estilos, secciones y numeración || Crea plantilla reutilizable || Genera combinación de correspondencia con datos ficticios",Plantilla y lote de documentos,no,revisar_automaticamente_antes_de_publicar,2026-08-04
af_aula_mentor_iniciacion_office__af-ofi-002,af_aula_mentor_iniciacion_office,Iniciación a Office,curso_basico,AF,4,AF-OFI-002,Usar Excel para gestión administrativa,"Construir hojas de gestión con fórmulas, tablas y validaciones.",Curso completo de Excel,A2 Capacitación: Excel,https://www.youtube.com/watch?v=m8i4fMUCpK0,https://www.youtube-nocookie.com/embed/m8i4fMUCpK0?rel=0&enablejsapi=1&cc_load_policy=1,0,0,si,si,si,si,evidencia_entregada_y_criterio_superado,Usa referencias absolutas y relativas || Aplica funciones de búsqueda y lógicas || Valida entradas y resume datos con tabla dinámica o equivalente,Libro de control administrativo,no,revisar_automaticamente_antes_de_publicar,2026-08-04
af_aula_mentor_iniciacion_office__af-ofi-003,af_aula_mentor_iniciacion_office,Iniciación a Office,curso_basico,AF,5,AF-OFI-003,Automatizar limpieza y consolidación de datos,"Consolidar, buscar y transformar datos sin repetir tareas manuales.",Curso completo de Excel,A2 Capacitación: Excel,https://www.youtube.com/watch?v=m8i4fMUCpK0,https://www.youtube-nocookie.com/embed/m8i4fMUCpK0?rel=0&enablejsapi=1&cc_load_policy=1&start=5612&end=6700,5612,6700,si,si,si,si,evidencia_entregada_y_criterio_superado,Importa dos fuentes sin copiar manualmente || Documenta transformaciones || Actualiza resultados al sustituir archivos de origen,Modelo con Power Query o proceso equivalente,no,revisar_automaticamente_antes_de_publicar,2026-08-04
af_excel_formacion_oficial__af-ofi-002,af_excel_formacion_oficial,Formación oficial de Microsoft Excel,curso_basico,AF,1,AF-OFI-002,Usar Excel para gestión administrativa,"Construir hojas de gestión con fórmulas, tablas y validaciones.",Curso completo de Excel,A2 Capacitación: Excel,https://www.youtube.com/watch?v=m8i4fMUCpK0,https://www.youtube-nocookie.com/embed/m8i4fMUCpK0?rel=0&enablejsapi=1&cc_load_policy=1,0,0,si,si,si,si,evidencia_entregada_y_criterio_superado,Usa referencias absolutas y relativas || Aplica funciones de búsqueda y lógicas || Valida entradas y resume datos con tabla dinámica o equivalente,Libro de control administrativo,no,revisar_automaticamente_antes_de_publicar,2026-08-04
af_excel_formacion_oficial__af-bas-002,af_excel_formacion_oficial,Formación oficial de Microsoft Excel,curso_basico,AF,2,AF-BAS-002,Escribir con precisión y usar funciones básicas de Office,"Crear, nombrar, compartir y controlar documentos de oficina.","Curso completo de Google Drive: organizar, compartir y colaborar",Carlos Cortés Academy,https://www.youtube.com/watch?v=xBaRjZUVSgc,https://www.youtube-nocookie.com/embed/xBaRjZUVSgc?rel=0&enablejsapi=1&cc_load_policy=1,0,0,si,si,si,si,evidencia_entregada_y_criterio_superado,Redacta un documento con estilos y tabla || Crea una hoja con fórmulas simples || Exporta correctamente a PDF,"Pack de documento, hoja y presentación",no,revisar_automaticamente_antes_de_publicar,2026-08-04
af_excel_formacion_oficial__af-bas-003,af_excel_formacion_oficial,Formación oficial de Microsoft Excel,curso_basico,AF,3,AF-BAS-003,"Operar con porcentajes, reglas de tres e importes","Resolver porcentajes, descuentos, impuestos e importes con fórmulas.",Curso completo de Excel,A2 Capacitación: Excel,https://www.youtube.com/watch?v=m8i4fMUCpK0,https://www.youtube-nocookie.com/embed/m8i4fMUCpK0?rel=0&enablejsapi=1&cc_load_policy=1&start=980&end=1657,980,1657,si,si,si,si,evidencia_entregada_y_criterio_superado,"Calcula porcentajes directos e inversos || Separa base, cuota y total || Comprueba resultado mediante estimación",Hoja con 20 ejercicios,no,revisar_automaticamente_antes_de_publicar,2026-08-04
af_excel_formacion_oficial__af-ofi-003,af_excel_formacion_oficial,Formación oficial de Microsoft Excel,curso_basico,AF,4,AF-OFI-003,Automatizar limpieza y consolidación de datos,"Consolidar, buscar y transformar datos sin repetir tareas manuales.",Curso completo de Excel,A2 Capacitación: Excel,https://www.youtube.com/watch?v=m8i4fMUCpK0,https://www.youtube-nocookie.com/embed/m8i4fMUCpK0?rel=0&enablejsapi=1&cc_load_policy=1&start=5612&end=6700,5612,6700,si,si,si,si,evidencia_entregada_y_criterio_superado,Importa dos fuentes sin copiar manualmente || Documenta transformaciones || Actualiza resultados al sustituir archivos de origen,Modelo con Power Query o proceso equivalente,no,revisar_automaticamente_antes_de_publicar,2026-08-04
af_excel_formacion_oficial__af-bi-001,af_excel_formacion_oficial,Formación oficial de Microsoft Excel,curso_basico,AF,5,AF-BI-001,Crear cuadros de mando administrativos y financieros,"Crear tabla dinámica, KPI y gráficos administrativos/financieros.",Curso completo de Excel,A2 Capacitación: Excel,https://www.youtube.com/watch?v=m8i4fMUCpK0,https://www.youtube-nocookie.com/embed/m8i4fMUCpK0?rel=0&enablejsapi=1&cc_load_policy=1&start=2107&end=3398,2107,3398,si,si,si,si,evidencia_entregada_y_criterio_superado,KPI tiene definición y fuente || Datos se actualizan de forma reproducible || El panel permite detectar una acción necesaria,"Dashboard de ingresos, gastos, tesorería y cobros",no,revisar_automaticamente_antes_de_publicar,2026-08-04
af_excel_power_query_power_pivot__af-ofi-003,af_excel_power_query_power_pivot,Power Query y Power Pivot en Excel,curso_complementario,AF,1,AF-OFI-003,Automatizar limpieza y consolidación de datos,"Consolidar, buscar y transformar datos sin repetir tareas manuales.",Curso completo de Excel,A2 Capacitación: Excel,https://www.youtube.com/watch?v=m8i4fMUCpK0,https://www.youtube-nocookie.com/embed/m8i4fMUCpK0?rel=0&enablejsapi=1&cc_load_policy=1&start=5612&end=6700,5612,6700,si,si,si,si,evidencia_entregada_y_criterio_superado,Importa dos fuentes sin copiar manualmente || Documenta transformaciones || Actualiza resultados al sustituir archivos de origen,Modelo con Power Query o proceso equivalente,no,revisar_automaticamente_antes_de_publicar,2026-08-04
af_excel_power_query_power_pivot__af-com-001,af_excel_power_query_power_pivot,Power Query y Power Pivot en Excel,curso_complementario,AF,2,AF-COM-001,"Gestionar compras, ventas, facturas y cobros",Crear y revisar facturas de compra/venta y su trazabilidad.,Cómo crear una factura en Sage,Sage Customer Support,https://www.youtube.com/watch?v=HgbxbpwhKXs,https://www.youtube-nocookie.com/embed/HgbxbpwhKXs?rel=0&enablejsapi=1&cc_load_policy=1,0,0,si,si,si,si,evidencia_entregada_y_criterio_superado,"Documentos mantienen trazabilidad || Calcula bases, descuentos e impuestos || Registra vencimiento y forma de pago",Expediente completo de compra y venta,no,revisar_automaticamente_antes_de_publicar,2026-08-04
af_excel_power_query_power_pivot__af-bas-002,af_excel_power_query_power_pivot,Power Query y Power Pivot en Excel,curso_complementario,AF,3,AF-BAS-002,Escribir con precisión y usar funciones básicas de Office,"Crear, nombrar, compartir y controlar documentos de oficina.","Curso completo de Google Drive: organizar, compartir y colaborar",Carlos Cortés Academy,https://www.youtube.com/watch?v=xBaRjZUVSgc,https://www.youtube-nocookie.com/embed/xBaRjZUVSgc?rel=0&enablejsapi=1&cc_load_policy=1,0,0,si,si,si,si,evidencia_entregada_y_criterio_superado,Redacta un documento con estilos y tabla || Crea una hoja con fórmulas simples || Exporta correctamente a PDF,"Pack de documento, hoja y presentación",no,revisar_automaticamente_antes_de_publicar,2026-08-04
af_excel_power_query_power_pivot__af-bas-003,af_excel_power_query_power_pivot,Power Query y Power Pivot en Excel,curso_complementario,AF,4,AF-BAS-003,"Operar con porcentajes, reglas de tres e importes","Resolver porcentajes, descuentos, impuestos e importes con fórmulas.",Curso completo de Excel,A2 Capacitación: Excel,https://www.youtube.com/watch?v=m8i4fMUCpK0,https://www.youtube-nocookie.com/embed/m8i4fMUCpK0?rel=0&enablejsapi=1&cc_load_policy=1&start=980&end=1657,980,1657,si,si,si,si,evidencia_entregada_y_criterio_superado,"Calcula porcentajes directos e inversos || Separa base, cuota y total || Comprueba resultado mediante estimación",Hoja con 20 ejercicios,no,revisar_automaticamente_antes_de_publicar,2026-08-04
af_excel_power_query_power_pivot__af-ofi-002,af_excel_power_query_power_pivot,Power Query y Power Pivot en Excel,curso_complementario,AF,5,AF-OFI-002,Usar Excel para gestión administrativa,"Construir hojas de gestión con fórmulas, tablas y validaciones.",Curso completo de Excel,A2 Capacitación: Excel,https://www.youtube.com/watch?v=m8i4fMUCpK0,https://www.youtube-nocookie.com/embed/m8i4fMUCpK0?rel=0&enablejsapi=1&cc_load_policy=1,0,0,si,si,si,si,evidencia_entregada_y_criterio_superado,Usa referencias absolutas y relativas || Aplica funciones de búsqueda y lógicas || Valida entradas y resume datos con tabla dinámica o equivalente,Libro de control administrativo,no,revisar_automaticamente_antes_de_publicar,2026-08-04
af_power_bi_ruta_aprendizaje__af-bi-001,af_power_bi_ruta_aprendizaje,Ruta de aprendizaje de Power BI,curso_complementario,AF,1,AF-BI-001,Crear cuadros de mando administrativos y financieros,"Crear tabla dinámica, KPI y gráficos administrativos/financieros.",Curso completo de Excel,A2 Capacitación: Excel,https://www.youtube.com/watch?v=m8i4fMUCpK0,https://www.youtube-nocookie.com/embed/m8i4fMUCpK0?rel=0&enablejsapi=1&cc_load_policy=1&start=2107&end=3398,2107,3398,si,si,si,si,evidencia_entregada_y_criterio_superado,KPI tiene definición y fuente || Datos se actualizan de forma reproducible || El panel permite detectar una acción necesaria,"Dashboard de ingresos, gastos, tesorería y cobros",no,revisar_automaticamente_antes_de_publicar,2026-08-04
af_power_bi_ruta_aprendizaje__af-con-002,af_power_bi_ruta_aprendizaje,Ruta de aprendizaje de Power BI,curso_complementario,AF,2,AF-CON-002,Gestionar obligaciones fiscales básicas,"Comprender la trazabilidad fiscal de la facturación y preparar la revisión de bases, cuotas y periodos.",Así es VERI*FACTU,Agencia Tributaria,https://www.youtube.com/watch?v=jjwGyYH5ZSM,https://www.youtube-nocookie.com/embed/jjwGyYH5ZSM?rel=0&enablejsapi=1&cc_load_policy=1,0,0,si,si,si,si,evidencia_entregada_y_criterio_superado,"Clasifica operaciones y tipos del caso || Calcula liquidación simulada || Identifica modelo, periodo y documentación soporte",Liquidación fiscal ficticia y expediente,no,revisar_automaticamente_antes_de_publicar,2026-08-04
af_power_bi_ruta_aprendizaje__af-sim-001,af_power_bi_ruta_aprendizaje,Ruta de aprendizaje de Power BI,curso_complementario,AF,3,AF-SIM-001,Gestionar una empresa simulada de forma integrada,Simular facturación y operaciones de una empresa con trazabilidad.,Cómo crear una factura en Sage,Sage Customer Support,https://www.youtube.com/watch?v=HgbxbpwhKXs,https://www.youtube-nocookie.com/embed/HgbxbpwhKXs?rel=0&enablejsapi=1&cc_load_policy=1,0,0,si,si,si,si,evidencia_entregada_y_criterio_superado,Procesos mantienen trazabilidad entre departamentos || Documentación e importes cuadran || Se revisan resultados y se corrigen incidencias,Expediente anual de empresa simulada,no,revisar_automaticamente_antes_de_publicar,2026-08-04
af_power_bi_ruta_aprendizaje__af-ofi-003,af_power_bi_ruta_aprendizaje,Ruta de aprendizaje de Power BI,curso_complementario,AF,4,AF-OFI-003,Automatizar limpieza y consolidación de datos,"Consolidar, buscar y transformar datos sin repetir tareas manuales.",Curso completo de Excel,A2 Capacitación: Excel,https://www.youtube.com/watch?v=m8i4fMUCpK0,https://www.youtube-nocookie.com/embed/m8i4fMUCpK0?rel=0&enablejsapi=1&cc_load_policy=1&start=5612&end=6700,5612,6700,si,si,si,si,evidencia_entregada_y_criterio_superado,Importa dos fuentes sin copiar manualmente || Documenta transformaciones || Actualiza resultados al sustituir archivos de origen,Modelo con Power Query o proceso equivalente,no,revisar_automaticamente_antes_de_publicar,2026-08-04
af_power_bi_ruta_aprendizaje__af-bas-005,af_power_bi_ruta_aprendizaje,Ruta de aprendizaje de Power BI,curso_complementario,AF,5,AF-BAS-005,"Proteger datos, credenciales y documentación",Configurar permisos y evitar exposición innecesaria de documentos.,"Curso completo de Google Drive: organizar, compartir y colaborar",Carlos Cortés Academy,https://www.youtube.com/watch?v=xBaRjZUVSgc,https://www.youtube-nocookie.com/embed/xBaRjZUVSgc?rel=0&enablejsapi=1&cc_load_policy=1,0,0,si,si,si,si,evidencia_entregada_y_criterio_superado,Detecta señales de fraude en dos correos || Aplica principio de mínimo acceso || Define procedimiento de envío y destrucción segura,Checklist de seguridad administrativa,no,revisar_automaticamente_antes_de_publicar,2026-08-04
af_incibe_kit_concienciacion__af-bas-005,af_incibe_kit_concienciacion,Kit de concienciación en ciberseguridad para empresas,recurso,AF,1,AF-BAS-005,"Proteger datos, credenciales y documentación",Configurar permisos y evitar exposición innecesaria de documentos.,"Curso completo de Google Drive: organizar, compartir y colaborar",Carlos Cortés Academy,https://www.youtube.com/watch?v=xBaRjZUVSgc,https://www.youtube-nocookie.com/embed/xBaRjZUVSgc?rel=0&enablejsapi=1&cc_load_policy=1,0,0,si,si,si,si,evidencia_entregada_y_criterio_superado,Detecta señales de fraude en dos correos || Aplica principio de mínimo acceso || Define procedimiento de envío y destrucción segura,Checklist de seguridad administrativa,no,revisar_automaticamente_antes_de_publicar,2026-08-04
af_incibe_kit_concienciacion__af-rrhh-002,af_incibe_kit_concienciacion,Kit de concienciación en ciberseguridad para empresas,recurso,AF,2,AF-RRHH-002,"Aplicar responsabilidad social, igualdad y protección","Limitar datos, permisos y trazabilidad en información de personas.",HubSpot CRM para principiantes,HubSpot Español,https://www.youtube.com/watch?v=RXbOwk1l2T8,https://www.youtube-nocookie.com/embed/RXbOwk1l2T8?rel=0&enablejsapi=1&cc_load_policy=1,0,0,si,si,si,si,evidencia_entregada_y_criterio_superado,Identifica grupos afectados || Define medidas e indicadores || Evita recopilar o divulgar datos innecesarios,Política interna breve con indicadores,no,revisar_automaticamente_antes_de_publicar,2026-08-04
af_incibe_kit_concienciacion__af-sim-001,af_incibe_kit_concienciacion,Kit de concienciación en ciberseguridad para empresas,recurso,AF,3,AF-SIM-001,Gestionar una empresa simulada de forma integrada,Simular facturación y operaciones de una empresa con trazabilidad.,Cómo crear una factura en Sage,Sage Customer Support,https://www.youtube.com/watch?v=HgbxbpwhKXs,https://www.youtube-nocookie.com/embed/HgbxbpwhKXs?rel=0&enablejsapi=1&cc_load_policy=1,0,0,si,si,si,si,evidencia_entregada_y_criterio_superado,Procesos mantienen trazabilidad entre departamentos || Documentación e importes cuadran || Se revisan resultados y se corrigen incidencias,Expediente anual de empresa simulada,no,revisar_automaticamente_antes_de_publicar,2026-08-04
af_incibe_kit_concienciacion__af-jur-001,af_incibe_kit_concienciacion,Kit de concienciación en ciberseguridad para empresas,recurso,AF,4,AF-JUR-001,Distinguir formas jurídicas y órganos de la empresa,"Relacionar estructura de empresa, roles y responsabilidades en un sistema de gestión.",HubSpot CRM para principiantes,HubSpot Español,https://www.youtube.com/watch?v=RXbOwk1l2T8,https://www.youtube-nocookie.com/embed/RXbOwk1l2T8?rel=0&enablejsapi=1&cc_load_policy=1,0,0,si,si,si,si,evidencia_entregada_y_criterio_superado,Compara autónomo y sociedades habituales || Identifica órganos y responsabilidades || Justifica una forma para un caso sencillo,Tabla comparativa y recomendación,no,revisar_automaticamente_antes_de_publicar,2026-08-04
af_incibe_kit_concienciacion__af-jur-002,af_incibe_kit_concienciacion,Kit de concienciación en ciberseguridad para empresas,recurso,AF,5,AF-JUR-002,Preparar trámites de constitución y documentación oficial,Organizar expediente de constitución y controlar versiones y firmas.,"Curso completo de Google Drive: organizar, compartir y colaborar",Carlos Cortés Academy,https://www.youtube.com/watch?v=xBaRjZUVSgc,https://www.youtube-nocookie.com/embed/xBaRjZUVSgc?rel=0&enablejsapi=1&cc_load_policy=1,0,0,si,si,si,si,evidencia_entregada_y_criterio_superado,Ordena trámites y responsables || Completa modelos simulados sin datos incoherentes || Mantiene registro de presentación y plazo,Expediente ficticio de constitución o modificación,no,revisar_automaticamente_antes_de_publicar,2026-08-04
af_junta_buscador_fpe_administracion__af-cli-001,af_junta_buscador_fpe_administracion,Buscador de Formación Profesional para el Empleo,recurso,AF,1,AF-CLI-001,"Atender y registrar consultas, quejas y reclamaciones","Registrar consulta o reclamación con responsable, estado y respuesta.",HubSpot CRM para principiantes,HubSpot Español,https://www.youtube.com/watch?v=RXbOwk1l2T8,https://www.youtube-nocookie.com/embed/RXbOwk1l2T8?rel=0&enablejsapi=1&cc_load_policy=1,0,0,si,si,si,si,evidencia_entregada_y_criterio_superado,"Recoge hechos y necesidad || Explica plazo, responsable y siguiente paso || Registra y cierra la incidencia",Role-play y ficha de tres casos,no,revisar_automaticamente_antes_de_publicar,2026-08-04
af_junta_buscador_fpe_administracion__af-sim-001,af_junta_buscador_fpe_administracion,Buscador de Formación Profesional para el Empleo,recurso,AF,2,AF-SIM-001,Gestionar una empresa simulada de forma integrada,Simular facturación y operaciones de una empresa con trazabilidad.,Cómo crear una factura en Sage,Sage Customer Support,https://www.youtube.com/watch?v=HgbxbpwhKXs,https://www.youtube-nocookie.com/embed/HgbxbpwhKXs?rel=0&enablejsapi=1&cc_load_policy=1,0,0,si,si,si,si,evidencia_entregada_y_criterio_superado,Procesos mantienen trazabilidad entre departamentos || Documentación e importes cuadran || Se revisan resultados y se corrigen incidencias,Expediente anual de empresa simulada,no,revisar_automaticamente_antes_de_publicar,2026-08-04
af_junta_buscador_fpe_administracion__af-bas-002,af_junta_buscador_fpe_administracion,Buscador de Formación Profesional para el Empleo,recurso,AF,3,AF-BAS-002,Escribir con precisión y usar funciones básicas de Office,"Crear, nombrar, compartir y controlar documentos de oficina.","Curso completo de Google Drive: organizar, compartir y colaborar",Carlos Cortés Academy,https://www.youtube.com/watch?v=xBaRjZUVSgc,https://www.youtube-nocookie.com/embed/xBaRjZUVSgc?rel=0&enablejsapi=1&cc_load_policy=1,0,0,si,si,si,si,evidencia_entregada_y_criterio_superado,Redacta un documento con estilos y tabla || Crea una hoja con fórmulas simples || Exporta correctamente a PDF,"Pack de documento, hoja y presentación",no,revisar_automaticamente_antes_de_publicar,2026-08-04
af_junta_buscador_fpe_administracion__af-com-002,af_junta_buscador_fpe_administracion,Buscador de Formación Profesional para el Empleo,recurso,AF,4,AF-COM-002,Registrar el ciclo contable básico,"Relacionar documento comercial, asiento y estado de cobro/pago.",Cómo crear una factura en Sage,Sage Customer Support,https://www.youtube.com/watch?v=HgbxbpwhKXs,https://www.youtube-nocookie.com/embed/HgbxbpwhKXs?rel=0&enablejsapi=1&cc_load_policy=1,0,0,si,si,si,si,evidencia_entregada_y_criterio_superado,"Distingue activo, pasivo, patrimonio, gasto e ingreso || Registra operaciones con partida doble || Comprueba sumas y saldos",Libro diario y balance de comprobación de caso ficticio,no,revisar_automaticamente_antes_de_publicar,2026-08-04
af_junta_buscador_fpe_administracion__af-lab-001,af_junta_buscador_fpe_administracion,Buscador de Formación Profesional para el Empleo,recurso,AF,5,AF-LAB-001,"Interpretar contratos, jornada y documentación laboral","Organizar contratos, anexos, jornada y documentación laboral.","Curso completo de Google Drive: organizar, compartir y colaborar",Carlos Cortés Academy,https://www.youtube.com/watch?v=xBaRjZUVSgc,https://www.youtube-nocookie.com/embed/xBaRjZUVSgc?rel=0&enablejsapi=1&cc_load_policy=1,0,0,si,si,si,si,evidencia_entregada_y_criterio_superado,Selecciona modalidad coherente con caso || Identifica documentación y plazos || Mantiene expediente completo y confidencial,Expediente laboral ficticio,no,revisar_automaticamente_antes_de_publicar,2026-08-04
af_titulo_oficial_andalucia__af-prj-001,af_titulo_oficial_andalucia,Ficha oficial de Administración y Finanzas en Andalucía,recurso,AF,1,AF-PRJ-001,Diseñar una solución administrativa integral,"Diseñar una solución integrada de documentos, datos, control y reporting.",Curso completo de Excel,A2 Capacitación: Excel,https://www.youtube.com/watch?v=m8i4fMUCpK0,https://www.youtube-nocookie.com/embed/m8i4fMUCpK0?rel=0&enablejsapi=1&cc_load_policy=1,0,0,si,si,si,si,evidencia_entregada_y_criterio_superado,"Problema y alcance definidos || Proceso y documentación son completos || Incluye indicadores, seguridad y viabilidad","Memoria, plantillas, dashboard y presentación",no,revisar_automaticamente_antes_de_publicar,2026-08-04
af_titulo_oficial_andalucia__af-fin-001,af_titulo_oficial_andalucia,Ficha oficial de Administración y Finanzas en Andalucía,recurso,AF,2,AF-FIN-001,Aplicar cálculo financiero,"Aplicar interés, descuento, cuotas y comparación de alternativas.",Curso completo de Excel,A2 Capacitación: Excel,https://www.youtube.com/watch?v=m8i4fMUCpK0,https://www.youtube-nocookie.com/embed/m8i4fMUCpK0?rel=0&enablejsapi=1&cc_load_policy=1&start=980&end=1657,980,1657,si,si,si,si,evidencia_entregada_y_criterio_superado,Distingue tipo nominal y efectivo || Calcula cuotas o valor temporal || Explica supuestos y verifica resultados,Hoja de cálculo financiera,no,revisar_automaticamente_antes_de_publicar,2026-08-04
af_titulo_oficial_andalucia__af-jur-002,af_titulo_oficial_andalucia,Ficha oficial de Administración y Finanzas en Andalucía,recurso,AF,3,AF-JUR-002,Preparar trámites de constitución y documentación oficial,Organizar expediente de constitución y controlar versiones y firmas.,"Curso completo de Google Drive: organizar, compartir y colaborar",Carlos Cortés Academy,https://www.youtube.com/watch?v=xBaRjZUVSgc,https://www.youtube-nocookie.com/embed/xBaRjZUVSgc?rel=0&enablejsapi=1&cc_load_policy=1,0,0,si,si,si,si,evidencia_entregada_y_criterio_superado,Ordena trámites y responsables || Completa modelos simulados sin datos incoherentes || Mantiene registro de presentación y plazo,Expediente ficticio de constitución o modificación,no,revisar_automaticamente_antes_de_publicar,2026-08-04
af_titulo_oficial_andalucia__af-bas-005,af_titulo_oficial_andalucia,Ficha oficial de Administración y Finanzas en Andalucía,recurso,AF,4,AF-BAS-005,"Proteger datos, credenciales y documentación",Configurar permisos y evitar exposición innecesaria de documentos.,"Curso completo de Google Drive: organizar, compartir y colaborar",Carlos Cortés Academy,https://www.youtube.com/watch?v=xBaRjZUVSgc,https://www.youtube-nocookie.com/embed/xBaRjZUVSgc?rel=0&enablejsapi=1&cc_load_policy=1,0,0,si,si,si,si,evidencia_entregada_y_criterio_superado,Detecta señales de fraude en dos correos || Aplica principio de mínimo acceso || Define procedimiento de envío y destrucción segura,Checklist de seguridad administrativa,no,revisar_automaticamente_antes_de_publicar,2026-08-04
af_herramienta_excel__af-bas-003,af_herramienta_excel,Microsoft Excel,herramienta,AF,1,AF-BAS-003,"Operar con porcentajes, reglas de tres e importes","Resolver porcentajes, descuentos, impuestos e importes con fórmulas.",Curso completo de Excel,A2 Capacitación: Excel,https://www.youtube.com/watch?v=m8i4fMUCpK0,https://www.youtube-nocookie.com/embed/m8i4fMUCpK0?rel=0&enablejsapi=1&cc_load_policy=1&start=980&end=1657,980,1657,si,si,si,si,evidencia_entregada_y_criterio_superado,"Calcula porcentajes directos e inversos || Separa base, cuota y total || Comprueba resultado mediante estimación",Hoja con 20 ejercicios,no,revisar_automaticamente_antes_de_publicar,2026-08-04
af_herramienta_excel__af-ofi-002,af_herramienta_excel,Microsoft Excel,herramienta,AF,2,AF-OFI-002,Usar Excel para gestión administrativa,"Construir hojas de gestión con fórmulas, tablas y validaciones.",Curso completo de Excel,A2 Capacitación: Excel,https://www.youtube.com/watch?v=m8i4fMUCpK0,https://www.youtube-nocookie.com/embed/m8i4fMUCpK0?rel=0&enablejsapi=1&cc_load_policy=1,0,0,si,si,si,si,evidencia_entregada_y_criterio_superado,Usa referencias absolutas y relativas || Aplica funciones de búsqueda y lógicas || Valida entradas y resume datos con tabla dinámica o equivalente,Libro de control administrativo,no,revisar_automaticamente_antes_de_publicar,2026-08-04
af_herramienta_excel__af-bas-002,af_herramienta_excel,Microsoft Excel,herramienta,AF,3,AF-BAS-002,Escribir con precisión y usar funciones básicas de Office,"Crear, nombrar, compartir y controlar documentos de oficina.","Curso completo de Google Drive: organizar, compartir y colaborar",Carlos Cortés Academy,https://www.youtube.com/watch?v=xBaRjZUVSgc,https://www.youtube-nocookie.com/embed/xBaRjZUVSgc?rel=0&enablejsapi=1&cc_load_policy=1,0,0,si,si,si,si,evidencia_entregada_y_criterio_superado,Redacta un documento con estilos y tabla || Crea una hoja con fórmulas simples || Exporta correctamente a PDF,"Pack de documento, hoja y presentación",no,revisar_automaticamente_antes_de_publicar,2026-08-04
af_herramienta_excel__af-ofi-003,af_herramienta_excel,Microsoft Excel,herramienta,AF,4,AF-OFI-003,Automatizar limpieza y consolidación de datos,"Consolidar, buscar y transformar datos sin repetir tareas manuales.",Curso completo de Excel,A2 Capacitación: Excel,https://www.youtube.com/watch?v=m8i4fMUCpK0,https://www.youtube-nocookie.com/embed/m8i4fMUCpK0?rel=0&enablejsapi=1&cc_load_policy=1&start=5612&end=6700,5612,6700,si,si,si,si,evidencia_entregada_y_criterio_superado,Importa dos fuentes sin copiar manualmente || Documenta transformaciones || Actualiza resultados al sustituir archivos de origen,Modelo con Power Query o proceso equivalente,no,revisar_automaticamente_antes_de_publicar,2026-08-04
af_herramienta_excel__af-com-001,af_herramienta_excel,Microsoft Excel,herramienta,AF,5,AF-COM-001,"Gestionar compras, ventas, facturas y cobros",Crear y revisar facturas de compra/venta y su trazabilidad.,Cómo crear una factura en Sage,Sage Customer Support,https://www.youtube.com/watch?v=HgbxbpwhKXs,https://www.youtube-nocookie.com/embed/HgbxbpwhKXs?rel=0&enablejsapi=1&cc_load_policy=1,0,0,si,si,si,si,evidencia_entregada_y_criterio_superado,"Documentos mantienen trazabilidad || Calcula bases, descuentos e impuestos || Registra vencimiento y forma de pago",Expediente completo de compra y venta,no,revisar_automaticamente_antes_de_publicar,2026-08-04
af_herramienta_power_bi_desktop__af-bi-001,af_herramienta_power_bi_desktop,Power BI Desktop,herramienta,AF,1,AF-BI-001,Crear cuadros de mando administrativos y financieros,"Crear tabla dinámica, KPI y gráficos administrativos/financieros.",Curso completo de Excel,A2 Capacitación: Excel,https://www.youtube.com/watch?v=m8i4fMUCpK0,https://www.youtube-nocookie.com/embed/m8i4fMUCpK0?rel=0&enablejsapi=1&cc_load_policy=1&start=2107&end=3398,2107,3398,si,si,si,si,evidencia_entregada_y_criterio_superado,KPI tiene definición y fuente || Datos se actualizan de forma reproducible || El panel permite detectar una acción necesaria,"Dashboard de ingresos, gastos, tesorería y cobros",no,revisar_automaticamente_antes_de_publicar,2026-08-04
af_herramienta_power_bi_desktop__af-ofi-003,af_herramienta_power_bi_desktop,Power BI Desktop,herramienta,AF,2,AF-OFI-003,Automatizar limpieza y consolidación de datos,"Consolidar, buscar y transformar datos sin repetir tareas manuales.",Curso completo de Excel,A2 Capacitación: Excel,https://www.youtube.com/watch?v=m8i4fMUCpK0,https://www.youtube-nocookie.com/embed/m8i4fMUCpK0?rel=0&enablejsapi=1&cc_load_policy=1&start=5612&end=6700,5612,6700,si,si,si,si,evidencia_entregada_y_criterio_superado,Importa dos fuentes sin copiar manualmente || Documenta transformaciones || Actualiza resultados al sustituir archivos de origen,Modelo con Power Query o proceso equivalente,no,revisar_automaticamente_antes_de_publicar,2026-08-04
af_herramienta_power_bi_desktop__af-bas-005,af_herramienta_power_bi_desktop,Power BI Desktop,herramienta,AF,3,AF-BAS-005,"Proteger datos, credenciales y documentación",Configurar permisos y evitar exposición innecesaria de documentos.,"Curso completo de Google Drive: organizar, compartir y colaborar",Carlos Cortés Academy,https://www.youtube.com/watch?v=xBaRjZUVSgc,https://www.youtube-nocookie.com/embed/xBaRjZUVSgc?rel=0&enablejsapi=1&cc_load_policy=1,0,0,si,si,si,si,evidencia_entregada_y_criterio_superado,Detecta señales de fraude en dos correos || Aplica principio de mínimo acceso || Define procedimiento de envío y destrucción segura,Checklist de seguridad administrativa,no,revisar_automaticamente_antes_de_publicar,2026-08-04
af_herramienta_power_bi_desktop__af-rrhh-002,af_herramienta_power_bi_desktop,Power BI Desktop,herramienta,AF,4,AF-RRHH-002,"Aplicar responsabilidad social, igualdad y protección","Limitar datos, permisos y trazabilidad en información de personas.",HubSpot CRM para principiantes,HubSpot Español,https://www.youtube.com/watch?v=RXbOwk1l2T8,https://www.youtube-nocookie.com/embed/RXbOwk1l2T8?rel=0&enablejsapi=1&cc_load_policy=1,0,0,si,si,si,si,evidencia_entregada_y_criterio_superado,Identifica grupos afectados || Define medidas e indicadores || Evita recopilar o divulgar datos innecesarios,Política interna breve con indicadores,no,revisar_automaticamente_antes_de_publicar,2026-08-04
af_herramienta_facturae__af-jur-002,af_herramienta_facturae,Aplicación de escritorio Facturae,herramienta,AF,1,AF-JUR-002,Preparar trámites de constitución y documentación oficial,Organizar expediente de constitución y controlar versiones y firmas.,"Curso completo de Google Drive: organizar, compartir y colaborar",Carlos Cortés Academy,https://www.youtube.com/watch?v=xBaRjZUVSgc,https://www.youtube-nocookie.com/embed/xBaRjZUVSgc?rel=0&enablejsapi=1&cc_load_policy=1,0,0,si,si,si,si,evidencia_entregada_y_criterio_superado,Ordena trámites y responsables || Completa modelos simulados sin datos incoherentes || Mantiene registro de presentación y plazo,Expediente ficticio de constitución o modificación,no,revisar_automaticamente_antes_de_publicar,2026-08-04
af_herramienta_facturae__af-prj-001,af_herramienta_facturae,Aplicación de escritorio Facturae,herramienta,AF,2,AF-PRJ-001,Diseñar una solución administrativa integral,"Diseñar una solución integrada de documentos, datos, control y reporting.",Curso completo de Excel,A2 Capacitación: Excel,https://www.youtube.com/watch?v=m8i4fMUCpK0,https://www.youtube-nocookie.com/embed/m8i4fMUCpK0?rel=0&enablejsapi=1&cc_load_policy=1,0,0,si,si,si,si,evidencia_entregada_y_criterio_superado,"Problema y alcance definidos || Proceso y documentación son completos || Incluye indicadores, seguridad y viabilidad","Memoria, plantillas, dashboard y presentación",no,revisar_automaticamente_antes_de_publicar,2026-08-04
af_herramienta_facturae__af-bas-005,af_herramienta_facturae,Aplicación de escritorio Facturae,herramienta,AF,3,AF-BAS-005,"Proteger datos, credenciales y documentación",Configurar permisos y evitar exposición innecesaria de documentos.,"Curso completo de Google Drive: organizar, compartir y colaborar",Carlos Cortés Academy,https://www.youtube.com/watch?v=xBaRjZUVSgc,https://www.youtube-nocookie.com/embed/xBaRjZUVSgc?rel=0&enablejsapi=1&cc_load_policy=1,0,0,si,si,si,si,evidencia_entregada_y_criterio_superado,Detecta señales de fraude en dos correos || Aplica principio de mínimo acceso || Define procedimiento de envío y destrucción segura,Checklist de seguridad administrativa,no,revisar_automaticamente_antes_de_publicar,2026-08-04
af_herramienta_circe__af-jur-001,af_herramienta_circe,CIRCE y Documento Único Electrónico,herramienta,AF,1,AF-JUR-001,Distinguir formas jurídicas y órganos de la empresa,"Relacionar estructura de empresa, roles y responsabilidades en un sistema de gestión.",HubSpot CRM para principiantes,HubSpot Español,https://www.youtube.com/watch?v=RXbOwk1l2T8,https://www.youtube-nocookie.com/embed/RXbOwk1l2T8?rel=0&enablejsapi=1&cc_load_policy=1,0,0,si,si,si,si,evidencia_entregada_y_criterio_superado,Compara autónomo y sociedades habituales || Identifica órganos y responsabilidades || Justifica una forma para un caso sencillo,Tabla comparativa y recomendación,no,revisar_automaticamente_antes_de_publicar,2026-08-04
af_herramienta_circe__af-jur-002,af_herramienta_circe,CIRCE y Documento Único Electrónico,herramienta,AF,2,AF-JUR-002,Preparar trámites de constitución y documentación oficial,Organizar expediente de constitución y controlar versiones y firmas.,"Curso completo de Google Drive: organizar, compartir y colaborar",Carlos Cortés Academy,https://www.youtube.com/watch?v=xBaRjZUVSgc,https://www.youtube-nocookie.com/embed/xBaRjZUVSgc?rel=0&enablejsapi=1&cc_load_policy=1,0,0,si,si,si,si,evidencia_entregada_y_criterio_superado,Ordena trámites y responsables || Completa modelos simulados sin datos incoherentes || Mantiene registro de presentación y plazo,Expediente ficticio de constitución o modificación,no,revisar_automaticamente_antes_de_publicar,2026-08-04
af_herramienta_circe__af-rrhh-002,af_herramienta_circe,CIRCE y Documento Único Electrónico,herramienta,AF,3,AF-RRHH-002,"Aplicar responsabilidad social, igualdad y protección","Limitar datos, permisos y trazabilidad en información de personas.",HubSpot CRM para principiantes,HubSpot Español,https://www.youtube.com/watch?v=RXbOwk1l2T8,https://www.youtube-nocookie.com/embed/RXbOwk1l2T8?rel=0&enablejsapi=1&cc_load_policy=1,0,0,si,si,si,si,evidencia_entregada_y_criterio_superado,Identifica grupos afectados || Define medidas e indicadores || Evita recopilar o divulgar datos innecesarios,Política interna breve con indicadores,no,revisar_automaticamente_antes_de_publicar,2026-08-04
af_herramienta_circe__af-sim-001,af_herramienta_circe,CIRCE y Documento Único Electrónico,herramienta,AF,4,AF-SIM-001,Gestionar una empresa simulada de forma integrada,Simular facturación y operaciones de una empresa con trazabilidad.,Cómo crear una factura en Sage,Sage Customer Support,https://www.youtube.com/watch?v=HgbxbpwhKXs,https://www.youtube-nocookie.com/embed/HgbxbpwhKXs?rel=0&enablejsapi=1&cc_load_policy=1,0,0,si,si,si,si,evidencia_entregada_y_criterio_superado,Procesos mantienen trazabilidad entre departamentos || Documentación e importes cuadran || Se revisan resultados y se corrigen incidencias,Expediente anual de empresa simulada,no,revisar_automaticamente_antes_de_publicar,2026-08-04
af_herramienta_circe__af-prj-001,af_herramienta_circe,CIRCE y Documento Único Electrónico,herramienta,AF,5,AF-PRJ-001,Diseñar una solución administrativa integral,"Diseñar una solución integrada de documentos, datos, control y reporting.",Curso completo de Excel,A2 Capacitación: Excel,https://www.youtube.com/watch?v=m8i4fMUCpK0,https://www.youtube-nocookie.com/embed/m8i4fMUCpK0?rel=0&enablejsapi=1&cc_load_policy=1,0,0,si,si,si,si,evidencia_entregada_y_criterio_superado,"Problema y alcance definidos || Proceso y documentación son completos || Incluye indicadores, seguridad y viabilidad","Memoria, plantillas, dashboard y presentación",no,revisar_automaticamente_antes_de_publicar,2026-08-04
af_herramienta_sede_aeat__af-con-002,af_herramienta_sede_aeat,Sede electrónica de la Agencia Tributaria,herramienta,AF,1,AF-CON-002,Gestionar obligaciones fiscales básicas,"Comprender la trazabilidad fiscal de la facturación y preparar la revisión de bases, cuotas y periodos.",Así es VERI*FACTU,Agencia Tributaria,https://www.youtube.com/watch?v=jjwGyYH5ZSM,https://www.youtube-nocookie.com/embed/jjwGyYH5ZSM?rel=0&enablejsapi=1&cc_load_policy=1,0,0,si,si,si,si,evidencia_entregada_y_criterio_superado,"Clasifica operaciones y tipos del caso || Calcula liquidación simulada || Identifica modelo, periodo y documentación soporte",Liquidación fiscal ficticia y expediente,no,revisar_automaticamente_antes_de_publicar,2026-08-04
af_herramienta_sede_aeat__af-jur-002,af_herramienta_sede_aeat,Sede electrónica de la Agencia Tributaria,herramienta,AF,2,AF-JUR-002,Preparar trámites de constitución y documentación oficial,Organizar expediente de constitución y controlar versiones y firmas.,"Curso completo de Google Drive: organizar, compartir y colaborar",Carlos Cortés Academy,https://www.youtube.com/watch?v=xBaRjZUVSgc,https://www.youtube-nocookie.com/embed/xBaRjZUVSgc?rel=0&enablejsapi=1&cc_load_policy=1,0,0,si,si,si,si,evidencia_entregada_y_criterio_superado,Ordena trámites y responsables || Completa modelos simulados sin datos incoherentes || Mantiene registro de presentación y plazo,Expediente ficticio de constitución o modificación,no,revisar_automaticamente_antes_de_publicar,2026-08-04
af_herramienta_sede_aeat__af-con-001,af_herramienta_sede_aeat,Sede electrónica de la Agencia Tributaria,herramienta,AF,3,AF-CON-001,Completar el ciclo contable,"Recorrer documento, registro, mayor, cierre y comprobación.",Cómo crear una factura en Sage,Sage Customer Support,https://www.youtube.com/watch?v=HgbxbpwhKXs,https://www.youtube-nocookie.com/embed/HgbxbpwhKXs?rel=0&enablejsapi=1&cc_load_policy=1,0,0,si,si,si,si,evidencia_entregada_y_criterio_superado,Registra ajustes de fin de ejercicio || Calcula resultado y cierre || Prepara balance y cuenta de resultados coherentes,Caso contable completo,no,revisar_automaticamente_antes_de_publicar,2026-08-04
af_herramienta_sede_aeat__af-bas-005,af_herramienta_sede_aeat,Sede electrónica de la Agencia Tributaria,herramienta,AF,4,AF-BAS-005,"Proteger datos, credenciales y documentación",Configurar permisos y evitar exposición innecesaria de documentos.,"Curso completo de Google Drive: organizar, compartir y colaborar",Carlos Cortés Academy,https://www.youtube.com/watch?v=xBaRjZUVSgc,https://www.youtube-nocookie.com/embed/xBaRjZUVSgc?rel=0&enablejsapi=1&cc_load_policy=1,0,0,si,si,si,si,evidencia_entregada_y_criterio_superado,Detecta señales de fraude en dos correos || Aplica principio de mínimo acceso || Define procedimiento de envío y destrucción segura,Checklist de seguridad administrativa,no,revisar_automaticamente_antes_de_publicar,2026-08-04
af_herramienta_importass__af-lab-001,af_herramienta_importass,Importass,herramienta,AF,1,AF-LAB-001,"Interpretar contratos, jornada y documentación laboral","Organizar contratos, anexos, jornada y documentación laboral.","Curso completo de Google Drive: organizar, compartir y colaborar",Carlos Cortés Academy,https://www.youtube.com/watch?v=xBaRjZUVSgc,https://www.youtube-nocookie.com/embed/xBaRjZUVSgc?rel=0&enablejsapi=1&cc_load_policy=1,0,0,si,si,si,si,evidencia_entregada_y_criterio_superado,Selecciona modalidad coherente con caso || Identifica documentación y plazos || Mantiene expediente completo y confidencial,Expediente laboral ficticio,no,revisar_automaticamente_antes_de_publicar,2026-08-04
af_herramienta_importass__af-jur-001,af_herramienta_importass,Importass,herramienta,AF,2,AF-JUR-001,Distinguir formas jurídicas y órganos de la empresa,"Relacionar estructura de empresa, roles y responsabilidades en un sistema de gestión.",HubSpot CRM para principiantes,HubSpot Español,https://www.youtube.com/watch?v=RXbOwk1l2T8,https://www.youtube-nocookie.com/embed/RXbOwk1l2T8?rel=0&enablejsapi=1&cc_load_policy=1,0,0,si,si,si,si,evidencia_entregada_y_criterio_superado,Compara autónomo y sociedades habituales || Identifica órganos y responsabilidades || Justifica una forma para un caso sencillo,Tabla comparativa y recomendación,no,revisar_automaticamente_antes_de_publicar,2026-08-04
af_herramienta_importass__af-jur-002,af_herramienta_importass,Importass,herramienta,AF,3,AF-JUR-002,Preparar trámites de constitución y documentación oficial,Organizar expediente de constitución y controlar versiones y firmas.,"Curso completo de Google Drive: organizar, compartir y colaborar",Carlos Cortés Academy,https://www.youtube.com/watch?v=xBaRjZUVSgc,https://www.youtube-nocookie.com/embed/xBaRjZUVSgc?rel=0&enablejsapi=1&cc_load_policy=1,0,0,si,si,si,si,evidencia_entregada_y_criterio_superado,Ordena trámites y responsables || Completa modelos simulados sin datos incoherentes || Mantiene registro de presentación y plazo,Expediente ficticio de constitución o modificación,no,revisar_automaticamente_antes_de_publicar,2026-08-04
af_herramienta_importass__af-lab-002,af_herramienta_importass,Importass,herramienta,AF,4,AF-LAB-002,Calcular y revisar una nómina,Construir y revisar una plantilla de nómina con fórmulas y comprobaciones.,Curso completo de Excel,A2 Capacitación: Excel,https://www.youtube.com/watch?v=m8i4fMUCpK0,https://www.youtube-nocookie.com/embed/m8i4fMUCpK0?rel=0&enablejsapi=1&cc_load_policy=1,0,0,si,si,si,si,evidencia_entregada_y_criterio_superado,Identifica conceptos salariales y extrasalariales || Calcula bases y deducciones del caso || Comprueba líquido y coste empresarial,Tres nóminas ficticias con hoja de cálculo,no,revisar_automaticamente_antes_de_publicar,2026-08-04
af_herramienta_importass__af-fin-002,af_herramienta_importass,Importass,herramienta,AF,5,AF-FIN-002,"Gestionar tesorería, financiación y riesgo","Registrar bancos, conciliar movimientos y controlar tesorería.",Conexión bancaria y conciliación en Sage,Sage Customer Support,https://www.youtube.com/watch?v=EzTd4WfrDGE,https://www.youtube-nocookie.com/embed/EzTd4WfrDGE?rel=0&enablejsapi=1&cc_load_policy=1,0,0,si,si,si,si,evidencia_entregada_y_criterio_superado,"Elabora previsión de tesorería || Detecta déficit o excedente || Compara financiación por coste, plazo y riesgo",Presupuesto de tesorería y recomendación,no,revisar_automaticamente_antes_de_publicar,2026-08-04
af_herramienta_autofirma__af-bas-001,af_herramienta_autofirma,AutoFirma,herramienta,AF,1,AF-BAS-001,Organizar archivos y documentación administrativa,"Crear archivo lógico por empresa, periodo, proceso y estado.",Cómo organizar archivos en la computadora | Computación básica,Ronal Mañuico - Computación y Tecnología,https://www.youtube.com/watch?v=mrN082rtsL0,https://www.youtube-nocookie.com/embed/mrN082rtsL0?rel=0&enablejsapi=1&cc_load_policy=1,0,0,si,si,si,si,evidencia_entregada_y_criterio_superado,"Crea estructura por empresa, ejercicio y proceso || Localiza una versión concreta y explica su estado || Protege y respalda documentación sensible",Archivo administrativo ficticio organizado,no,revisar_automaticamente_antes_de_publicar,2026-08-04
af_herramienta_autofirma__af-jur-002,af_herramienta_autofirma,AutoFirma,herramienta,AF,2,AF-JUR-002,Preparar trámites de constitución y documentación oficial,Organizar expediente de constitución y controlar versiones y firmas.,"Curso completo de Google Drive: organizar, compartir y colaborar",Carlos Cortés Academy,https://www.youtube.com/watch?v=xBaRjZUVSgc,https://www.youtube-nocookie.com/embed/xBaRjZUVSgc?rel=0&enablejsapi=1&cc_load_policy=1,0,0,si,si,si,si,evidencia_entregada_y_criterio_superado,Ordena trámites y responsables || Completa modelos simulados sin datos incoherentes || Mantiene registro de presentación y plazo,Expediente ficticio de constitución o modificación,no,revisar_automaticamente_antes_de_publicar,2026-08-04
af_herramienta_autofirma__af-ofi-001,af_herramienta_autofirma,AutoFirma,herramienta,AF,3,AF-OFI-001,Crear documentos administrativos mediante estilos y plantillas,"Crear plantillas, documentos consistentes y flujo de revisión.","Curso completo de Google Drive: organizar, compartir y colaborar",Carlos Cortés Academy,https://www.youtube.com/watch?v=xBaRjZUVSgc,https://www.youtube-nocookie.com/embed/xBaRjZUVSgc?rel=0&enablejsapi=1&cc_load_policy=1,0,0,si,si,si,si,evidencia_entregada_y_criterio_superado,"Usa estilos, secciones y numeración || Crea plantilla reutilizable || Genera combinación de correspondencia con datos ficticios",Plantilla y lote de documentos,no,revisar_automaticamente_antes_de_publicar,2026-08-04
af_herramienta_autofirma__af-bas-005,af_herramienta_autofirma,AutoFirma,herramienta,AF,4,AF-BAS-005,"Proteger datos, credenciales y documentación",Configurar permisos y evitar exposición innecesaria de documentos.,"Curso completo de Google Drive: organizar, compartir y colaborar",Carlos Cortés Academy,https://www.youtube.com/watch?v=xBaRjZUVSgc,https://www.youtube-nocookie.com/embed/xBaRjZUVSgc?rel=0&enablejsapi=1&cc_load_policy=1,0,0,si,si,si,si,evidencia_entregada_y_criterio_superado,Detecta señales de fraude en dos correos || Aplica principio de mínimo acceso || Define procedimiento de envío y destrucción segura,Checklist de seguridad administrativa,no,revisar_automaticamente_antes_de_publicar,2026-08-04
af_herramienta_contasol__af-com-002,af_herramienta_contasol,CONTASOL,herramienta,AF,1,AF-COM-002,Registrar el ciclo contable básico,"Relacionar documento comercial, asiento y estado de cobro/pago.",Cómo crear una factura en Sage,Sage Customer Support,https://www.youtube.com/watch?v=HgbxbpwhKXs,https://www.youtube-nocookie.com/embed/HgbxbpwhKXs?rel=0&enablejsapi=1&cc_load_policy=1,0,0,si,si,si,si,evidencia_entregada_y_criterio_superado,"Distingue activo, pasivo, patrimonio, gasto e ingreso || Registra operaciones con partida doble || Comprueba sumas y saldos",Libro diario y balance de comprobación de caso ficticio,no,revisar_automaticamente_antes_de_publicar,2026-08-04
af_herramienta_contasol__af-con-001,af_herramienta_contasol,CONTASOL,herramienta,AF,2,AF-CON-001,Completar el ciclo contable,"Recorrer documento, registro, mayor, cierre y comprobación.",Cómo crear una factura en Sage,Sage Customer Support,https://www.youtube.com/watch?v=HgbxbpwhKXs,https://www.youtube-nocookie.com/embed/HgbxbpwhKXs?rel=0&enablejsapi=1&cc_load_policy=1,0,0,si,si,si,si,evidencia_entregada_y_criterio_superado,Registra ajustes de fin de ejercicio || Calcula resultado y cierre || Prepara balance y cuenta de resultados coherentes,Caso contable completo,no,revisar_automaticamente_antes_de_publicar,2026-08-04
af_herramienta_contasol__af-sim-001,af_herramienta_contasol,CONTASOL,herramienta,AF,3,AF-SIM-001,Gestionar una empresa simulada de forma integrada,Simular facturación y operaciones de una empresa con trazabilidad.,Cómo crear una factura en Sage,Sage Customer Support,https://www.youtube.com/watch?v=HgbxbpwhKXs,https://www.youtube-nocookie.com/embed/HgbxbpwhKXs?rel=0&enablejsapi=1&cc_load_policy=1,0,0,si,si,si,si,evidencia_entregada_y_criterio_superado,Procesos mantienen trazabilidad entre departamentos || Documentación e importes cuadran || Se revisan resultados y se corrigen incidencias,Expediente anual de empresa simulada,no,revisar_automaticamente_antes_de_publicar,2026-08-04
af_herramienta_contasol__af-bas-005,af_herramienta_contasol,CONTASOL,herramienta,AF,4,AF-BAS-005,"Proteger datos, credenciales y documentación",Configurar permisos y evitar exposición innecesaria de documentos.,"Curso completo de Google Drive: organizar, compartir y colaborar",Carlos Cortés Academy,https://www.youtube.com/watch?v=xBaRjZUVSgc,https://www.youtube-nocookie.com/embed/xBaRjZUVSgc?rel=0&enablejsapi=1&cc_load_policy=1,0,0,si,si,si,si,evidencia_entregada_y_criterio_superado,Detecta señales de fraude en dos correos || Aplica principio de mínimo acceso || Define procedimiento de envío y destrucción segura,Checklist de seguridad administrativa,no,revisar_automaticamente_antes_de_publicar,2026-08-04
af_herramienta_nominasol__af-lab-001,af_herramienta_nominasol,NOMINASOL,herramienta,AF,1,AF-LAB-001,"Interpretar contratos, jornada y documentación laboral","Organizar contratos, anexos, jornada y documentación laboral.","Curso completo de Google Drive: organizar, compartir y colaborar",Carlos Cortés Academy,https://www.youtube.com/watch?v=xBaRjZUVSgc,https://www.youtube-nocookie.com/embed/xBaRjZUVSgc?rel=0&enablejsapi=1&cc_load_policy=1,0,0,si,si,si,si,evidencia_entregada_y_criterio_superado,Selecciona modalidad coherente con caso || Identifica documentación y plazos || Mantiene expediente completo y confidencial,Expediente laboral ficticio,no,revisar_automaticamente_antes_de_publicar,2026-08-04
af_herramienta_nominasol__af-lab-002,af_herramienta_nominasol,NOMINASOL,herramienta,AF,2,AF-LAB-002,Calcular y revisar una nómina,Construir y revisar una plantilla de nómina con fórmulas y comprobaciones.,Curso completo de Excel,A2 Capacitación: Excel,https://www.youtube.com/watch?v=m8i4fMUCpK0,https://www.youtube-nocookie.com/embed/m8i4fMUCpK0?rel=0&enablejsapi=1&cc_load_policy=1,0,0,si,si,si,si,evidencia_entregada_y_criterio_superado,Identifica conceptos salariales y extrasalariales || Calcula bases y deducciones del caso || Comprueba líquido y coste empresarial,Tres nóminas ficticias con hoja de cálculo,no,revisar_automaticamente_antes_de_publicar,2026-08-04
af_herramienta_nominasol__af-con-002,af_herramienta_nominasol,NOMINASOL,herramienta,AF,3,AF-CON-002,Gestionar obligaciones fiscales básicas,"Comprender la trazabilidad fiscal de la facturación y preparar la revisión de bases, cuotas y periodos.",Así es VERI*FACTU,Agencia Tributaria,https://www.youtube.com/watch?v=jjwGyYH5ZSM,https://www.youtube-nocookie.com/embed/jjwGyYH5ZSM?rel=0&enablejsapi=1&cc_load_policy=1,0,0,si,si,si,si,evidencia_entregada_y_criterio_superado,"Clasifica operaciones y tipos del caso || Calcula liquidación simulada || Identifica modelo, periodo y documentación soporte",Liquidación fiscal ficticia y expediente,no,revisar_automaticamente_antes_de_publicar,2026-08-04
af_herramienta_nominasol__af-sim-001,af_herramienta_nominasol,NOMINASOL,herramienta,AF,4,AF-SIM-001,Gestionar una empresa simulada de forma integrada,Simular facturación y operaciones de una empresa con trazabilidad.,Cómo crear una factura en Sage,Sage Customer Support,https://www.youtube.com/watch?v=HgbxbpwhKXs,https://www.youtube-nocookie.com/embed/HgbxbpwhKXs?rel=0&enablejsapi=1&cc_load_policy=1,0,0,si,si,si,si,evidencia_entregada_y_criterio_superado,Procesos mantienen trazabilidad entre departamentos || Documentación e importes cuadran || Se revisan resultados y se corrigen incidencias,Expediente anual de empresa simulada,no,revisar_automaticamente_antes_de_publicar,2026-08-04
af_herramienta_nominasol__af-bas-005,af_herramienta_nominasol,NOMINASOL,herramienta,AF,5,AF-BAS-005,"Proteger datos, credenciales y documentación",Configurar permisos y evitar exposición innecesaria de documentos.,"Curso completo de Google Drive: organizar, compartir y colaborar",Carlos Cortés Academy,https://www.youtube.com/watch?v=xBaRjZUVSgc,https://www.youtube-nocookie.com/embed/xBaRjZUVSgc?rel=0&enablejsapi=1&cc_load_policy=1,0,0,si,si,si,si,evidencia_entregada_y_criterio_superado,Detecta señales de fraude en dos correos || Aplica principio de mínimo acceso || Define procedimiento de envío y destrucción segura,Checklist de seguridad administrativa,no,revisar_automaticamente_antes_de_publicar,2026-08-04
af_sae_busqueda_empleo__af-emp-001,af_sae_busqueda_empleo,Servicio Andaluz de Empleo,empleo_busqueda,AF,1,AF-EMP-001,Preparar candidatura administrativa,"Organizar CV, títulos, certificados y evidencias administrativas.","Curso completo de Google Drive: organizar, compartir y colaborar",Carlos Cortés Academy,https://www.youtube.com/watch?v=xBaRjZUVSgc,https://www.youtube-nocookie.com/embed/xBaRjZUVSgc?rel=0&enablejsapi=1&cc_load_policy=1,0,0,si,si,si,si,evidencia_entregada_y_criterio_superado,"CV adaptado a un puesto || Portfolio con hoja, expediente y dashboard || Matriz de requisitos y documentación de tres ofertas","CV, portfolio y matriz de brechas",sí,revisar_automaticamente_antes_de_publicar,2026-08-04
af_sae_busqueda_empleo__af-ofi-002,af_sae_busqueda_empleo,Servicio Andaluz de Empleo,empleo_busqueda,AF,2,AF-OFI-002,Usar Excel para gestión administrativa,"Construir hojas de gestión con fórmulas, tablas y validaciones.",Curso completo de Excel,A2 Capacitación: Excel,https://www.youtube.com/watch?v=m8i4fMUCpK0,https://www.youtube-nocookie.com/embed/m8i4fMUCpK0?rel=0&enablejsapi=1&cc_load_policy=1,0,0,si,si,si,si,evidencia_entregada_y_criterio_superado,Usa referencias absolutas y relativas || Aplica funciones de búsqueda y lógicas || Valida entradas y resume datos con tabla dinámica o equivalente,Libro de control administrativo,sí,revisar_automaticamente_antes_de_publicar,2026-08-04
af_sae_busqueda_empleo__af-cli-001,af_sae_busqueda_empleo,Servicio Andaluz de Empleo,empleo_busqueda,AF,3,AF-CLI-001,"Atender y registrar consultas, quejas y reclamaciones","Registrar consulta o reclamación con responsable, estado y respuesta.",HubSpot CRM para principiantes,HubSpot Español,https://www.youtube.com/watch?v=RXbOwk1l2T8,https://www.youtube-nocookie.com/embed/RXbOwk1l2T8?rel=0&enablejsapi=1&cc_load_policy=1,0,0,si,si,si,si,evidencia_entregada_y_criterio_superado,"Recoge hechos y necesidad || Explica plazo, responsable y siguiente paso || Registra y cierra la incidencia",Role-play y ficha de tres casos,no,revisar_automaticamente_antes_de_publicar,2026-08-04
af_sepe_portal_empleate__af-com-002,af_sepe_portal_empleate,Portal Empléate,empleo_busqueda,AF,1,AF-COM-002,Registrar el ciclo contable básico,"Relacionar documento comercial, asiento y estado de cobro/pago.",Cómo crear una factura en Sage,Sage Customer Support,https://www.youtube.com/watch?v=HgbxbpwhKXs,https://www.youtube-nocookie.com/embed/HgbxbpwhKXs?rel=0&enablejsapi=1&cc_load_policy=1,0,0,si,si,si,si,evidencia_entregada_y_criterio_superado,"Distingue activo, pasivo, patrimonio, gasto e ingreso || Registra operaciones con partida doble || Comprueba sumas y saldos",Libro diario y balance de comprobación de caso ficticio,sí,revisar_automaticamente_antes_de_publicar,2026-08-04
af_sepe_portal_empleate__af-con-001,af_sepe_portal_empleate,Portal Empléate,empleo_busqueda,AF,2,AF-CON-001,Completar el ciclo contable,"Recorrer documento, registro, mayor, cierre y comprobación.",Cómo crear una factura en Sage,Sage Customer Support,https://www.youtube.com/watch?v=HgbxbpwhKXs,https://www.youtube-nocookie.com/embed/HgbxbpwhKXs?rel=0&enablejsapi=1&cc_load_policy=1,0,0,si,si,si,si,evidencia_entregada_y_criterio_superado,Registra ajustes de fin de ejercicio || Calcula resultado y cierre || Prepara balance y cuenta de resultados coherentes,Caso contable completo,sí,revisar_automaticamente_antes_de_publicar,2026-08-04
af_sepe_portal_empleate__af-emp-001,af_sepe_portal_empleate,Portal Empléate,empleo_busqueda,AF,3,AF-EMP-001,Preparar candidatura administrativa,"Organizar CV, títulos, certificados y evidencias administrativas.","Curso completo de Google Drive: organizar, compartir y colaborar",Carlos Cortés Academy,https://www.youtube.com/watch?v=xBaRjZUVSgc,https://www.youtube-nocookie.com/embed/xBaRjZUVSgc?rel=0&enablejsapi=1&cc_load_policy=1,0,0,si,si,si,si,evidencia_entregada_y_criterio_superado,"CV adaptado a un puesto || Portfolio con hoja, expediente y dashboard || Matriz de requisitos y documentación de tres ofertas","CV, portfolio y matriz de brechas",no,revisar_automaticamente_antes_de_publicar,2026-08-04
af_sepe_portal_empleate__af-sim-001,af_sepe_portal_empleate,Portal Empléate,empleo_busqueda,AF,4,AF-SIM-001,Gestionar una empresa simulada de forma integrada,Simular facturación y operaciones de una empresa con trazabilidad.,Cómo crear una factura en Sage,Sage Customer Support,https://www.youtube.com/watch?v=HgbxbpwhKXs,https://www.youtube-nocookie.com/embed/HgbxbpwhKXs?rel=0&enablejsapi=1&cc_load_policy=1,0,0,si,si,si,si,evidencia_entregada_y_criterio_superado,Procesos mantienen trazabilidad entre departamentos || Documentación e importes cuadran || Se revisan resultados y se corrigen incidencias,Expediente anual de empresa simulada,no,revisar_automaticamente_antes_de_publicar,2026-08-04
af_sepe_portal_empleate__af-prj-001,af_sepe_portal_empleate,Portal Empléate,empleo_busqueda,AF,5,AF-PRJ-001,Diseñar una solución administrativa integral,"Diseñar una solución integrada de documentos, datos, control y reporting.",Curso completo de Excel,A2 Capacitación: Excel,https://www.youtube.com/watch?v=m8i4fMUCpK0,https://www.youtube-nocookie.com/embed/m8i4fMUCpK0?rel=0&enablejsapi=1&cc_load_policy=1,0,0,si,si,si,si,evidencia_entregada_y_criterio_superado,"Problema y alcance definidos || Proceso y documentación son completos || Incluye indicadores, seguridad y viabilidad","Memoria, plantillas, dashboard y presentación",no,revisar_automaticamente_antes_de_publicar,2026-08-04
af_camara_granada_ofertas_empleo__af-prj-001,af_camara_granada_ofertas_empleo,Ofertas de empleo de Cámara Granada,empleo_busqueda,AF,1,AF-PRJ-001,Diseñar una solución administrativa integral,"Diseñar una solución integrada de documentos, datos, control y reporting.",Curso completo de Excel,A2 Capacitación: Excel,https://www.youtube.com/watch?v=m8i4fMUCpK0,https://www.youtube-nocookie.com/embed/m8i4fMUCpK0?rel=0&enablejsapi=1&cc_load_policy=1,0,0,si,si,si,si,evidencia_entregada_y_criterio_superado,"Problema y alcance definidos || Proceso y documentación son completos || Incluye indicadores, seguridad y viabilidad","Memoria, plantillas, dashboard y presentación",sí,revisar_automaticamente_antes_de_publicar,2026-08-04
af_camara_granada_ofertas_empleo__af-sim-001,af_camara_granada_ofertas_empleo,Ofertas de empleo de Cámara Granada,empleo_busqueda,AF,2,AF-SIM-001,Gestionar una empresa simulada de forma integrada,Simular facturación y operaciones de una empresa con trazabilidad.,Cómo crear una factura en Sage,Sage Customer Support,https://www.youtube.com/watch?v=HgbxbpwhKXs,https://www.youtube-nocookie.com/embed/HgbxbpwhKXs?rel=0&enablejsapi=1&cc_load_policy=1,0,0,si,si,si,si,evidencia_entregada_y_criterio_superado,Procesos mantienen trazabilidad entre departamentos || Documentación e importes cuadran || Se revisan resultados y se corrigen incidencias,Expediente anual de empresa simulada,sí,revisar_automaticamente_antes_de_publicar,2026-08-04
af_camara_granada_ofertas_empleo__af-jur-001,af_camara_granada_ofertas_empleo,Ofertas de empleo de Cámara Granada,empleo_busqueda,AF,3,AF-JUR-001,Distinguir formas jurídicas y órganos de la empresa,"Relacionar estructura de empresa, roles y responsabilidades en un sistema de gestión.",HubSpot CRM para principiantes,HubSpot Español,https://www.youtube.com/watch?v=RXbOwk1l2T8,https://www.youtube-nocookie.com/embed/RXbOwk1l2T8?rel=0&enablejsapi=1&cc_load_policy=1,0,0,si,si,si,si,evidencia_entregada_y_criterio_superado,Compara autónomo y sociedades habituales || Identifica órganos y responsabilidades || Justifica una forma para un caso sencillo,Tabla comparativa y recomendación,no,revisar_automaticamente_antes_de_publicar,2026-08-04
af_camara_granada_ofertas_empleo__af-rrhh-002,af_camara_granada_ofertas_empleo,Ofertas de empleo de Cámara Granada,empleo_busqueda,AF,4,AF-RRHH-002,"Aplicar responsabilidad social, igualdad y protección","Limitar datos, permisos y trazabilidad en información de personas.",HubSpot CRM para principiantes,HubSpot Español,https://www.youtube.com/watch?v=RXbOwk1l2T8,https://www.youtube-nocookie.com/embed/RXbOwk1l2T8?rel=0&enablejsapi=1&cc_load_policy=1,0,0,si,si,si,si,evidencia_entregada_y_criterio_superado,Identifica grupos afectados || Define medidas e indicadores || Evita recopilar o divulgar datos innecesarios,Política interna breve con indicadores,no,revisar_automaticamente_antes_de_publicar,2026-08-04
af_camara_granada_ofertas_empleo__af-emp-001,af_camara_granada_ofertas_empleo,Ofertas de empleo de Cámara Granada,empleo_busqueda,AF,5,AF-EMP-001,Preparar candidatura administrativa,"Organizar CV, títulos, certificados y evidencias administrativas.","Curso completo de Google Drive: organizar, compartir y colaborar",Carlos Cortés Academy,https://www.youtube.com/watch?v=xBaRjZUVSgc,https://www.youtube-nocookie.com/embed/xBaRjZUVSgc?rel=0&enablejsapi=1&cc_load_policy=1,0,0,si,si,si,si,evidencia_entregada_y_criterio_superado,"CV adaptado a un puesto || Portfolio con hoja, expediente y dashboard || Matriz de requisitos y documentación de tres ofertas","CV, portfolio y matriz de brechas",no,revisar_automaticamente_antes_de_publicar,2026-08-04
af_ayuntamiento_granada_bolsas_empleo__af-emp-001,af_ayuntamiento_granada_bolsas_empleo,Bolsas de empleo del Ayuntamiento de Granada,empleo_busqueda,AF,1,AF-EMP-001,Preparar candidatura administrativa,"Organizar CV, títulos, certificados y evidencias administrativas.","Curso completo de Google Drive: organizar, compartir y colaborar",Carlos Cortés Academy,https://www.youtube.com/watch?v=xBaRjZUVSgc,https://www.youtube-nocookie.com/embed/xBaRjZUVSgc?rel=0&enablejsapi=1&cc_load_policy=1,0,0,si,si,si,si,evidencia_entregada_y_criterio_superado,"CV adaptado a un puesto || Portfolio con hoja, expediente y dashboard || Matriz de requisitos y documentación de tres ofertas","CV, portfolio y matriz de brechas",sí,revisar_automaticamente_antes_de_publicar,2026-08-04
af_ayuntamiento_granada_bolsas_empleo__af-dig-001,af_ayuntamiento_granada_bolsas_empleo,Bolsas de empleo del Ayuntamiento de Granada,empleo_busqueda,AF,2,AF-DIG-001,Automatizar procesos administrativos con control,Automatizar consolidación y controles sin perder trazabilidad.,Curso completo de Excel,A2 Capacitación: Excel,https://www.youtube.com/watch?v=m8i4fMUCpK0,https://www.youtube-nocookie.com/embed/m8i4fMUCpK0?rel=0&enablejsapi=1&cc_load_policy=1&start=5612&end=6700,5612,6700,si,si,si,si,evidencia_entregada_y_criterio_superado,"Proceso actual y futuro documentados || Automatización conserva trazabilidad || Excepciones, errores y permisos están definidos",Flujo automatizado ficticio,sí,revisar_automaticamente_antes_de_publicar,2026-08-04
af_ayuntamiento_granada_bolsas_empleo__af-sus-001,af_ayuntamiento_granada_bolsas_empleo,Bolsas de empleo del Ayuntamiento de Granada,empleo_busqueda,AF,3,AF-SUS-001,Aplicar sostenibilidad y calidad a procesos administrativos,"Digitalizar archivo, reducir duplicados y medir mejoras de proceso.","Curso completo de Google Drive: organizar, compartir y colaborar",Carlos Cortés Academy,https://www.youtube.com/watch?v=xBaRjZUVSgc,https://www.youtube-nocookie.com/embed/xBaRjZUVSgc?rel=0&enablejsapi=1&cc_load_policy=1,0,0,si,si,si,si,evidencia_entregada_y_criterio_superado,Identifica impactos de un proceso || Propone tres mejoras con indicador || Incluye accesibilidad y cumplimiento,Plan de mejora,no,revisar_automaticamente_antes_de_publicar,2026-08-04
af_ayuntamiento_granada_bolsas_empleo__af-ofi-002,af_ayuntamiento_granada_bolsas_empleo,Bolsas de empleo del Ayuntamiento de Granada,empleo_busqueda,AF,4,AF-OFI-002,Usar Excel para gestión administrativa,"Construir hojas de gestión con fórmulas, tablas y validaciones.",Curso completo de Excel,A2 Capacitación: Excel,https://www.youtube.com/watch?v=m8i4fMUCpK0,https://www.youtube-nocookie.com/embed/m8i4fMUCpK0?rel=0&enablejsapi=1&cc_load_policy=1,0,0,si,si,si,si,evidencia_entregada_y_criterio_superado,Usa referencias absolutas y relativas || Aplica funciones de búsqueda y lógicas || Valida entradas y resume datos con tabla dinámica o equivalente,Libro de control administrativo,no,revisar_automaticamente_antes_de_publicar,2026-08-04
af_ayuntamiento_granada_bolsas_empleo__af-cli-001,af_ayuntamiento_granada_bolsas_empleo,Bolsas de empleo del Ayuntamiento de Granada,empleo_busqueda,AF,5,AF-CLI-001,"Atender y registrar consultas, quejas y reclamaciones","Registrar consulta o reclamación con responsable, estado y respuesta.",HubSpot CRM para principiantes,HubSpot Español,https://www.youtube.com/watch?v=RXbOwk1l2T8,https://www.youtube-nocookie.com/embed/RXbOwk1l2T8?rel=0&enablejsapi=1&cc_load_policy=1,0,0,si,si,si,si,evidencia_entregada_y_criterio_superado,"Recoge hechos y necesidad || Explica plazo, responsable y siguiente paso || Registra y cierra la incidencia",Role-play y ficha de tres casos,no,revisar_automaticamente_antes_de_publicar,2026-08-04
af_talento_joven_camara_granada__af-emp-001,af_talento_joven_camara_granada,Programa Talento Joven,convocatoria_practicas,AF,1,AF-EMP-001,Preparar candidatura administrativa,"Organizar CV, títulos, certificados y evidencias administrativas.","Curso completo de Google Drive: organizar, compartir y colaborar",Carlos Cortés Academy,https://www.youtube.com/watch?v=xBaRjZUVSgc,https://www.youtube-nocookie.com/embed/xBaRjZUVSgc?rel=0&enablejsapi=1&cc_load_policy=1,0,0,si,si,si,si,evidencia_entregada_y_criterio_superado,"CV adaptado a un puesto || Portfolio con hoja, expediente y dashboard || Matriz de requisitos y documentación de tres ofertas","CV, portfolio y matriz de brechas",sí,revisar_automaticamente_antes_de_publicar,2026-08-04
af_talento_joven_camara_granada__af-ofi-002,af_talento_joven_camara_granada,Programa Talento Joven,convocatoria_practicas,AF,2,AF-OFI-002,Usar Excel para gestión administrativa,"Construir hojas de gestión con fórmulas, tablas y validaciones.",Curso completo de Excel,A2 Capacitación: Excel,https://www.youtube.com/watch?v=m8i4fMUCpK0,https://www.youtube-nocookie.com/embed/m8i4fMUCpK0?rel=0&enablejsapi=1&cc_load_policy=1,0,0,si,si,si,si,evidencia_entregada_y_criterio_superado,Usa referencias absolutas y relativas || Aplica funciones de búsqueda y lógicas || Valida entradas y resume datos con tabla dinámica o equivalente,Libro de control administrativo,sí,revisar_automaticamente_antes_de_publicar,2026-08-04
af_talento_joven_camara_granada__af-cli-001,af_talento_joven_camara_granada,Programa Talento Joven,convocatoria_practicas,AF,3,AF-CLI-001,"Atender y registrar consultas, quejas y reclamaciones","Registrar consulta o reclamación con responsable, estado y respuesta.",HubSpot CRM para principiantes,HubSpot Español,https://www.youtube.com/watch?v=RXbOwk1l2T8,https://www.youtube-nocookie.com/embed/RXbOwk1l2T8?rel=0&enablejsapi=1&cc_load_policy=1,0,0,si,si,si,si,evidencia_entregada_y_criterio_superado,"Recoge hechos y necesidad || Explica plazo, responsable y siguiente paso || Registra y cierra la incidencia",Role-play y ficha de tres casos,no,revisar_automaticamente_antes_de_publicar,2026-08-04
af_fundacion_sepi_futuras_becas__af-fin-001,af_fundacion_sepi_futuras_becas,Avisos de futuras becas Fundación SEPI,beca,AF,1,AF-FIN-001,Aplicar cálculo financiero,"Aplicar interés, descuento, cuotas y comparación de alternativas.",Curso completo de Excel,A2 Capacitación: Excel,https://www.youtube.com/watch?v=m8i4fMUCpK0,https://www.youtube-nocookie.com/embed/m8i4fMUCpK0?rel=0&enablejsapi=1&cc_load_policy=1&start=980&end=1657,980,1657,si,si,si,si,evidencia_entregada_y_criterio_superado,Distingue tipo nominal y efectivo || Calcula cuotas o valor temporal || Explica supuestos y verifica resultados,Hoja de cálculo financiera,sí,revisar_automaticamente_antes_de_publicar,2026-08-04
af_fundacion_sepi_futuras_becas__af-prj-001,af_fundacion_sepi_futuras_becas,Avisos de futuras becas Fundación SEPI,beca,AF,2,AF-PRJ-001,Diseñar una solución administrativa integral,"Diseñar una solución integrada de documentos, datos, control y reporting.",Curso completo de Excel,A2 Capacitación: Excel,https://www.youtube.com/watch?v=m8i4fMUCpK0,https://www.youtube-nocookie.com/embed/m8i4fMUCpK0?rel=0&enablejsapi=1&cc_load_policy=1,0,0,si,si,si,si,evidencia_entregada_y_criterio_superado,"Problema y alcance definidos || Proceso y documentación son completos || Incluye indicadores, seguridad y viabilidad","Memoria, plantillas, dashboard y presentación",sí,revisar_automaticamente_antes_de_publicar,2026-08-04
af_fundacion_sepi_futuras_becas__af-jur-002,af_fundacion_sepi_futuras_becas,Avisos de futuras becas Fundación SEPI,beca,AF,3,AF-JUR-002,Preparar trámites de constitución y documentación oficial,Organizar expediente de constitución y controlar versiones y firmas.,"Curso completo de Google Drive: organizar, compartir y colaborar",Carlos Cortés Academy,https://www.youtube.com/watch?v=xBaRjZUVSgc,https://www.youtube-nocookie.com/embed/xBaRjZUVSgc?rel=0&enablejsapi=1&cc_load_policy=1,0,0,si,si,si,si,evidencia_entregada_y_criterio_superado,Ordena trámites y responsables || Completa modelos simulados sin datos incoherentes || Mantiene registro de presentación y plazo,Expediente ficticio de constitución o modificación,no,revisar_automaticamente_antes_de_publicar,2026-08-04
af_fundacion_sepi_futuras_becas__af-cli-002,af_fundacion_sepi_futuras_becas,Avisos de futuras becas Fundación SEPI,beca,AF,4,AF-CLI-002,Gestionar comunicaciones y archivo multicanal,"Archivar comunicaciones por expediente, canal, fecha y estado.","Curso completo de Google Drive: organizar, compartir y colaborar",Carlos Cortés Academy,https://www.youtube.com/watch?v=xBaRjZUVSgc,https://www.youtube-nocookie.com/embed/xBaRjZUVSgc?rel=0&enablejsapi=1&cc_load_policy=1,0,0,si,si,si,si,evidencia_entregada_y_criterio_superado,Clasifica cada comunicación || Mantiene plazos y responsables || Controla acceso y conservación,Registro de comunicaciones ficticio,no,revisar_automaticamente_antes_de_publicar,2026-08-04
af_fundacion_sepi_futuras_becas__af-emp-001,af_fundacion_sepi_futuras_becas,Avisos de futuras becas Fundación SEPI,beca,AF,5,AF-EMP-001,Preparar candidatura administrativa,"Organizar CV, títulos, certificados y evidencias administrativas.","Curso completo de Google Drive: organizar, compartir y colaborar",Carlos Cortés Academy,https://www.youtube.com/watch?v=xBaRjZUVSgc,https://www.youtube-nocookie.com/embed/xBaRjZUVSgc?rel=0&enablejsapi=1&cc_load_policy=1,0,0,si,si,si,si,evidencia_entregada_y_criterio_superado,"CV adaptado a un puesto || Portfolio con hoja, expediente y dashboard || Matriz de requisitos y documentación de tres ofertas","CV, portfolio y matriz de brechas",no,revisar_automaticamente_antes_de_publicar,2026-08-04
af_programa_emplea_t_granada__af-lab-001,af_programa_emplea_t_granada,Programa Emplea-T Granada,convocatoria_practicas,AF,1,AF-LAB-001,"Interpretar contratos, jornada y documentación laboral","Organizar contratos, anexos, jornada y documentación laboral.","Curso completo de Google Drive: organizar, compartir y colaborar",Carlos Cortés Academy,https://www.youtube.com/watch?v=xBaRjZUVSgc,https://www.youtube-nocookie.com/embed/xBaRjZUVSgc?rel=0&enablejsapi=1&cc_load_policy=1,0,0,si,si,si,si,evidencia_entregada_y_criterio_superado,Selecciona modalidad coherente con caso || Identifica documentación y plazos || Mantiene expediente completo y confidencial,Expediente laboral ficticio,sí,revisar_automaticamente_antes_de_publicar,2026-08-04
af_programa_emplea_t_granada__af-emp-001,af_programa_emplea_t_granada,Programa Emplea-T Granada,convocatoria_practicas,AF,2,AF-EMP-001,Preparar candidatura administrativa,"Organizar CV, títulos, certificados y evidencias administrativas.","Curso completo de Google Drive: organizar, compartir y colaborar",Carlos Cortés Academy,https://www.youtube.com/watch?v=xBaRjZUVSgc,https://www.youtube-nocookie.com/embed/xBaRjZUVSgc?rel=0&enablejsapi=1&cc_load_policy=1,0,0,si,si,si,si,evidencia_entregada_y_criterio_superado,"CV adaptado a un puesto || Portfolio con hoja, expediente y dashboard || Matriz de requisitos y documentación de tres ofertas","CV, portfolio y matriz de brechas",sí,revisar_automaticamente_antes_de_publicar,2026-08-04
af_programa_emplea_t_granada__af-ofi-002,af_programa_emplea_t_granada,Programa Emplea-T Granada,convocatoria_practicas,AF,3,AF-OFI-002,Usar Excel para gestión administrativa,"Construir hojas de gestión con fórmulas, tablas y validaciones.",Curso completo de Excel,A2 Capacitación: Excel,https://www.youtube.com/watch?v=m8i4fMUCpK0,https://www.youtube-nocookie.com/embed/m8i4fMUCpK0?rel=0&enablejsapi=1&cc_load_policy=1,0,0,si,si,si,si,evidencia_entregada_y_criterio_superado,Usa referencias absolutas y relativas || Aplica funciones de búsqueda y lógicas || Valida entradas y resume datos con tabla dinámica o equivalente,Libro de control administrativo,no,revisar_automaticamente_antes_de_publicar,2026-08-04
af_programa_emplea_t_granada__af-cli-001,af_programa_emplea_t_granada,Programa Emplea-T Granada,convocatoria_practicas,AF,4,AF-CLI-001,"Atender y registrar consultas, quejas y reclamaciones","Registrar consulta o reclamación con responsable, estado y respuesta.",HubSpot CRM para principiantes,HubSpot Español,https://www.youtube.com/watch?v=RXbOwk1l2T8,https://www.youtube-nocookie.com/embed/RXbOwk1l2T8?rel=0&enablejsapi=1&cc_load_policy=1,0,0,si,si,si,si,evidencia_entregada_y_criterio_superado,"Recoge hechos y necesidad || Explica plazo, responsable y siguiente paso || Registra y cierra la incidencia",Role-play y ficha de tres casos,no,revisar_automaticamente_antes_de_publicar,2026-08-04
af_fp_dual_andalucia_empresa__af-jur-001,af_fp_dual_andalucia_empresa,Formación Profesional Dual en Andalucía,convocatoria_practicas,AF,1,AF-JUR-001,Distinguir formas jurídicas y órganos de la empresa,"Relacionar estructura de empresa, roles y responsabilidades en un sistema de gestión.",HubSpot CRM para principiantes,HubSpot Español,https://www.youtube.com/watch?v=RXbOwk1l2T8,https://www.youtube-nocookie.com/embed/RXbOwk1l2T8?rel=0&enablejsapi=1&cc_load_policy=1,0,0,si,si,si,si,evidencia_entregada_y_criterio_superado,Compara autónomo y sociedades habituales || Identifica órganos y responsabilidades || Justifica una forma para un caso sencillo,Tabla comparativa y recomendación,sí,revisar_automaticamente_antes_de_publicar,2026-08-04
af_fp_dual_andalucia_empresa__af-rrhh-002,af_fp_dual_andalucia_empresa,Formación Profesional Dual en Andalucía,convocatoria_practicas,AF,2,AF-RRHH-002,"Aplicar responsabilidad social, igualdad y protección","Limitar datos, permisos y trazabilidad en información de personas.",HubSpot CRM para principiantes,HubSpot Español,https://www.youtube.com/watch?v=RXbOwk1l2T8,https://www.youtube-nocookie.com/embed/RXbOwk1l2T8?rel=0&enablejsapi=1&cc_load_policy=1,0,0,si,si,si,si,evidencia_entregada_y_criterio_superado,Identifica grupos afectados || Define medidas e indicadores || Evita recopilar o divulgar datos innecesarios,Política interna breve con indicadores,sí,revisar_automaticamente_antes_de_publicar,2026-08-04
af_fp_dual_andalucia_empresa__af-emp-001,af_fp_dual_andalucia_empresa,Formación Profesional Dual en Andalucía,convocatoria_practicas,AF,3,AF-EMP-001,Preparar candidatura administrativa,"Organizar CV, títulos, certificados y evidencias administrativas.","Curso completo de Google Drive: organizar, compartir y colaborar",Carlos Cortés Academy,https://www.youtube.com/watch?v=xBaRjZUVSgc,https://www.youtube-nocookie.com/embed/xBaRjZUVSgc?rel=0&enablejsapi=1&cc_load_policy=1,0,0,si,si,si,si,evidencia_entregada_y_criterio_superado,"CV adaptado a un puesto || Portfolio con hoja, expediente y dashboard || Matriz de requisitos y documentación de tres ofertas","CV, portfolio y matriz de brechas",no,revisar_automaticamente_antes_de_publicar,2026-08-04
af_fp_dual_andalucia_empresa__af-sim-001,af_fp_dual_andalucia_empresa,Formación Profesional Dual en Andalucía,convocatoria_practicas,AF,4,AF-SIM-001,Gestionar una empresa simulada de forma integrada,Simular facturación y operaciones de una empresa con trazabilidad.,Cómo crear una factura en Sage,Sage Customer Support,https://www.youtube.com/watch?v=HgbxbpwhKXs,https://www.youtube-nocookie.com/embed/HgbxbpwhKXs?rel=0&enablejsapi=1&cc_load_policy=1,0,0,si,si,si,si,evidencia_entregada_y_criterio_superado,Procesos mantienen trazabilidad entre departamentos || Documentación e importes cuadran || Se revisan resultados y se corrigen incidencias,Expediente anual de empresa simulada,no,revisar_automaticamente_antes_de_publicar,2026-08-04
af_fp_dual_andalucia_empresa__af-prj-001,af_fp_dual_andalucia_empresa,Formación Profesional Dual en Andalucía,convocatoria_practicas,AF,5,AF-PRJ-001,Diseñar una solución administrativa integral,"Diseñar una solución integrada de documentos, datos, control y reporting.",Curso completo de Excel,A2 Capacitación: Excel,https://www.youtube.com/watch?v=m8i4fMUCpK0,https://www.youtube-nocookie.com/embed/m8i4fMUCpK0?rel=0&enablejsapi=1&cc_load_policy=1,0,0,si,si,si,si,evidencia_entregada_y_criterio_superado,"Problema y alcance definidos || Proceso y documentación son completos || Incluye indicadores, seguridad y viabilidad","Memoria, plantillas, dashboard y presentación",no,revisar_automaticamente_antes_de_publicar,2026-08-04
af_feria_internacional_empleo_granada_2026__af-emp-001,af_feria_internacional_empleo_granada_2026,Feria Internacional de Empleo de Granada 2026,evento,AF,1,AF-EMP-001,Preparar candidatura administrativa,"Organizar CV, títulos, certificados y evidencias administrativas.","Curso completo de Google Drive: organizar, compartir y colaborar",Carlos Cortés Academy,https://www.youtube.com/watch?v=xBaRjZUVSgc,https://www.youtube-nocookie.com/embed/xBaRjZUVSgc?rel=0&enablejsapi=1&cc_load_policy=1,0,0,si,si,si,si,evidencia_entregada_y_criterio_superado,"CV adaptado a un puesto || Portfolio con hoja, expediente y dashboard || Matriz de requisitos y documentación de tres ofertas","CV, portfolio y matriz de brechas",sí,revisar_automaticamente_antes_de_publicar,2026-08-04
af_feria_internacional_empleo_granada_2026__af-prj-002,af_feria_internacional_empleo_granada_2026,Feria Internacional de Empleo de Granada 2026,evento,AF,2,AF-PRJ-002,Presentar y defender una propuesta administrativa,"Presentar proceso, controles, resultados y mejoras de la solución.",Kit de marca en Canva,Canva Latinoamérica,https://www.youtube.com/watch?v=havARJ_ZQg8,https://www.youtube-nocookie.com/embed/havARJ_ZQg8?rel=0&enablejsapi=1&cc_load_policy=1,0,0,si,si,si,si,evidencia_entregada_y_criterio_superado,Presentación de 5 minutos || Demuestra documentos o panel || Responde dudas y reconoce límites normativos,Vídeo o defensa,sí,revisar_automaticamente_antes_de_publicar,2026-08-04
af_feria_internacional_empleo_granada_2026__af-bas-004,af_feria_internacional_empleo_granada_2026,Feria Internacional de Empleo de Granada 2026,evento,AF,3,AF-BAS-004,Redactar correos y comunicaciones profesionales,Redactar y archivar comunicaciones profesionales trazables.,"Curso completo de Google Drive: organizar, compartir y colaborar",Carlos Cortés Academy,https://www.youtube.com/watch?v=xBaRjZUVSgc,https://www.youtube-nocookie.com/embed/xBaRjZUVSgc?rel=0&enablejsapi=1&cc_load_policy=1,0,0,si,si,si,si,evidencia_entregada_y_criterio_superado,Asunto permite identificar la acción || Mensaje contiene datos y petición necesarios || Mantiene tono profesional y revisa adjuntos,Tres correos de casos administrativos,no,revisar_automaticamente_antes_de_publicar,2026-08-04
af_feria_fp_granada_2026__af-sim-001,af_feria_fp_granada_2026,II Feria de Formación Profesional de Granada,evento,AF,1,AF-SIM-001,Gestionar una empresa simulada de forma integrada,Simular facturación y operaciones de una empresa con trazabilidad.,Cómo crear una factura en Sage,Sage Customer Support,https://www.youtube.com/watch?v=HgbxbpwhKXs,https://www.youtube-nocookie.com/embed/HgbxbpwhKXs?rel=0&enablejsapi=1&cc_load_policy=1,0,0,si,si,si,si,evidencia_entregada_y_criterio_superado,Procesos mantienen trazabilidad entre departamentos || Documentación e importes cuadran || Se revisan resultados y se corrigen incidencias,Expediente anual de empresa simulada,sí,revisar_automaticamente_antes_de_publicar,2026-08-04
af_feria_fp_granada_2026__af-prj-001,af_feria_fp_granada_2026,II Feria de Formación Profesional de Granada,evento,AF,2,AF-PRJ-001,Diseñar una solución administrativa integral,"Diseñar una solución integrada de documentos, datos, control y reporting.",Curso completo de Excel,A2 Capacitación: Excel,https://www.youtube.com/watch?v=m8i4fMUCpK0,https://www.youtube-nocookie.com/embed/m8i4fMUCpK0?rel=0&enablejsapi=1&cc_load_policy=1,0,0,si,si,si,si,evidencia_entregada_y_criterio_superado,"Problema y alcance definidos || Proceso y documentación son completos || Incluye indicadores, seguridad y viabilidad","Memoria, plantillas, dashboard y presentación",sí,revisar_automaticamente_antes_de_publicar,2026-08-04
af_feria_fp_granada_2026__af-jur-002,af_feria_fp_granada_2026,II Feria de Formación Profesional de Granada,evento,AF,3,AF-JUR-002,Preparar trámites de constitución y documentación oficial,Organizar expediente de constitución y controlar versiones y firmas.,"Curso completo de Google Drive: organizar, compartir y colaborar",Carlos Cortés Academy,https://www.youtube.com/watch?v=xBaRjZUVSgc,https://www.youtube-nocookie.com/embed/xBaRjZUVSgc?rel=0&enablejsapi=1&cc_load_policy=1,0,0,si,si,si,si,evidencia_entregada_y_criterio_superado,Ordena trámites y responsables || Completa modelos simulados sin datos incoherentes || Mantiene registro de presentación y plazo,Expediente ficticio de constitución o modificación,no,revisar_automaticamente_antes_de_publicar,2026-08-04
af_feria_fp_granada_2026__af-prj-002,af_feria_fp_granada_2026,II Feria de Formación Profesional de Granada,evento,AF,4,AF-PRJ-002,Presentar y defender una propuesta administrativa,"Presentar proceso, controles, resultados y mejoras de la solución.",Kit de marca en Canva,Canva Latinoamérica,https://www.youtube.com/watch?v=havARJ_ZQg8,https://www.youtube-nocookie.com/embed/havARJ_ZQg8?rel=0&enablejsapi=1&cc_load_policy=1,0,0,si,si,si,si,evidencia_entregada_y_criterio_superado,Presentación de 5 minutos || Demuestra documentos o panel || Responde dudas y reconoce límites normativos,Vídeo o defensa,no,revisar_automaticamente_antes_de_publicar,2026-08-04
af_feria_fp_granada_2026__af-emp-001,af_feria_fp_granada_2026,II Feria de Formación Profesional de Granada,evento,AF,5,AF-EMP-001,Preparar candidatura administrativa,"Organizar CV, títulos, certificados y evidencias administrativas.","Curso completo de Google Drive: organizar, compartir y colaborar",Carlos Cortés Academy,https://www.youtube.com/watch?v=xBaRjZUVSgc,https://www.youtube-nocookie.com/embed/xBaRjZUVSgc?rel=0&enablejsapi=1&cc_load_policy=1,0,0,si,si,si,si,evidencia_entregada_y_criterio_superado,"CV adaptado a un puesto || Portfolio con hoja, expediente y dashboard || Matriz de requisitos y documentación de tres ofertas","CV, portfolio y matriz de brechas",no,revisar_automaticamente_antes_de_publicar,2026-08-04
af_formate_granada_2026__af-emp-001,af_formate_granada_2026,FÓRMATE 2026: Feria de Formación para el Empleo,evento,AF,1,AF-EMP-001,Preparar candidatura administrativa,"Organizar CV, títulos, certificados y evidencias administrativas.","Curso completo de Google Drive: organizar, compartir y colaborar",Carlos Cortés Academy,https://www.youtube.com/watch?v=xBaRjZUVSgc,https://www.youtube-nocookie.com/embed/xBaRjZUVSgc?rel=0&enablejsapi=1&cc_load_policy=1,0,0,si,si,si,si,evidencia_entregada_y_criterio_superado,"CV adaptado a un puesto || Portfolio con hoja, expediente y dashboard || Matriz de requisitos y documentación de tres ofertas","CV, portfolio y matriz de brechas",sí,revisar_automaticamente_antes_de_publicar,2026-08-04
af_formate_granada_2026__af-prj-002,af_formate_granada_2026,FÓRMATE 2026: Feria de Formación para el Empleo,evento,AF,2,AF-PRJ-002,Presentar y defender una propuesta administrativa,"Presentar proceso, controles, resultados y mejoras de la solución.",Kit de marca en Canva,Canva Latinoamérica,https://www.youtube.com/watch?v=havARJ_ZQg8,https://www.youtube-nocookie.com/embed/havARJ_ZQg8?rel=0&enablejsapi=1&cc_load_policy=1,0,0,si,si,si,si,evidencia_entregada_y_criterio_superado,Presentación de 5 minutos || Demuestra documentos o panel || Responde dudas y reconoce límites normativos,Vídeo o defensa,sí,revisar_automaticamente_antes_de_publicar,2026-08-04
af_formate_granada_2026__af-bas-004,af_formate_granada_2026,FÓRMATE 2026: Feria de Formación para el Empleo,evento,AF,3,AF-BAS-004,Redactar correos y comunicaciones profesionales,Redactar y archivar comunicaciones profesionales trazables.,"Curso completo de Google Drive: organizar, compartir y colaborar",Carlos Cortés Academy,https://www.youtube.com/watch?v=xBaRjZUVSgc,https://www.youtube-nocookie.com/embed/xBaRjZUVSgc?rel=0&enablejsapi=1&cc_load_policy=1,0,0,si,si,si,si,evidencia_entregada_y_criterio_superado,Asunto permite identificar la acción || Mensaje contiene datos y petición necesarios || Mantiene tono profesional y revisa adjuntos,Tres correos de casos administrativos,no,revisar_automaticamente_antes_de_publicar,2026-08-04
af_red_emprende_granada_2026__af-prj-002,af_red_emprende_granada_2026,V Red Emprende 2026,reto,AF,1,AF-PRJ-002,Presentar y defender una propuesta administrativa,"Presentar proceso, controles, resultados y mejoras de la solución.",Kit de marca en Canva,Canva Latinoamérica,https://www.youtube.com/watch?v=havARJ_ZQg8,https://www.youtube-nocookie.com/embed/havARJ_ZQg8?rel=0&enablejsapi=1&cc_load_policy=1,0,0,si,si,si,si,evidencia_entregada_y_criterio_superado,Presentación de 5 minutos || Demuestra documentos o panel || Responde dudas y reconoce límites normativos,Vídeo o defensa,sí,revisar_automaticamente_antes_de_publicar,2026-08-04
af_red_emprende_granada_2026__af-emp-001,af_red_emprende_granada_2026,V Red Emprende 2026,reto,AF,2,AF-EMP-001,Preparar candidatura administrativa,"Organizar CV, títulos, certificados y evidencias administrativas.","Curso completo de Google Drive: organizar, compartir y colaborar",Carlos Cortés Academy,https://www.youtube.com/watch?v=xBaRjZUVSgc,https://www.youtube-nocookie.com/embed/xBaRjZUVSgc?rel=0&enablejsapi=1&cc_load_policy=1,0,0,si,si,si,si,evidencia_entregada_y_criterio_superado,"CV adaptado a un puesto || Portfolio con hoja, expediente y dashboard || Matriz de requisitos y documentación de tres ofertas","CV, portfolio y matriz de brechas",sí,revisar_automaticamente_antes_de_publicar,2026-08-04
af_red_emprende_granada_2026__af-bas-004,af_red_emprende_granada_2026,V Red Emprende 2026,reto,AF,3,AF-BAS-004,Redactar correos y comunicaciones profesionales,Redactar y archivar comunicaciones profesionales trazables.,"Curso completo de Google Drive: organizar, compartir y colaborar",Carlos Cortés Academy,https://www.youtube.com/watch?v=xBaRjZUVSgc,https://www.youtube-nocookie.com/embed/xBaRjZUVSgc?rel=0&enablejsapi=1&cc_load_policy=1,0,0,si,si,si,si,evidencia_entregada_y_criterio_superado,Asunto permite identificar la acción || Mensaje contiene datos y petición necesarios || Mantiene tono profesional y revisa adjuntos,Tres correos de casos administrativos,no,revisar_automaticamente_antes_de_publicar,2026-08-04
af_eventos_andalucia_emprende__af-sim-001,af_eventos_andalucia_emprende,Agenda de eventos de Andalucía Emprende,evento,AF,1,AF-SIM-001,Gestionar una empresa simulada de forma integrada,Simular facturación y operaciones de una empresa con trazabilidad.,Cómo crear una factura en Sage,Sage Customer Support,https://www.youtube.com/watch?v=HgbxbpwhKXs,https://www.youtube-nocookie.com/embed/HgbxbpwhKXs?rel=0&enablejsapi=1&cc_load_policy=1,0,0,si,si,si,si,evidencia_entregada_y_criterio_superado,Procesos mantienen trazabilidad entre departamentos || Documentación e importes cuadran || Se revisan resultados y se corrigen incidencias,Expediente anual de empresa simulada,sí,revisar_automaticamente_antes_de_publicar,2026-08-04
af_eventos_andalucia_emprende__af-jur-001,af_eventos_andalucia_emprende,Agenda de eventos de Andalucía Emprende,evento,AF,2,AF-JUR-001,Distinguir formas jurídicas y órganos de la empresa,"Relacionar estructura de empresa, roles y responsabilidades en un sistema de gestión.",HubSpot CRM para principiantes,HubSpot Español,https://www.youtube.com/watch?v=RXbOwk1l2T8,https://www.youtube-nocookie.com/embed/RXbOwk1l2T8?rel=0&enablejsapi=1&cc_load_policy=1,0,0,si,si,si,si,evidencia_entregada_y_criterio_superado,Compara autónomo y sociedades habituales || Identifica órganos y responsabilidades || Justifica una forma para un caso sencillo,Tabla comparativa y recomendación,sí,revisar_automaticamente_antes_de_publicar,2026-08-04
af_eventos_andalucia_emprende__af-rrhh-002,af_eventos_andalucia_emprende,Agenda de eventos de Andalucía Emprende,evento,AF,3,AF-RRHH-002,"Aplicar responsabilidad social, igualdad y protección","Limitar datos, permisos y trazabilidad en información de personas.",HubSpot CRM para principiantes,HubSpot Español,https://www.youtube.com/watch?v=RXbOwk1l2T8,https://www.youtube-nocookie.com/embed/RXbOwk1l2T8?rel=0&enablejsapi=1&cc_load_policy=1,0,0,si,si,si,si,evidencia_entregada_y_criterio_superado,Identifica grupos afectados || Define medidas e indicadores || Evita recopilar o divulgar datos innecesarios,Política interna breve con indicadores,no,revisar_automaticamente_antes_de_publicar,2026-08-04
af_eventos_andalucia_emprende__af-fin-002,af_eventos_andalucia_emprende,Agenda de eventos de Andalucía Emprende,evento,AF,4,AF-FIN-002,"Gestionar tesorería, financiación y riesgo","Registrar bancos, conciliar movimientos y controlar tesorería.",Conexión bancaria y conciliación en Sage,Sage Customer Support,https://www.youtube.com/watch?v=EzTd4WfrDGE,https://www.youtube-nocookie.com/embed/EzTd4WfrDGE?rel=0&enablejsapi=1&cc_load_policy=1,0,0,si,si,si,si,evidencia_entregada_y_criterio_superado,"Elabora previsión de tesorería || Detecta déficit o excedente || Compara financiación por coste, plazo y riesgo",Presupuesto de tesorería y recomendación,no,revisar_automaticamente_antes_de_publicar,2026-08-04
af_eventos_andalucia_emprende__af-prj-001,af_eventos_andalucia_emprende,Agenda de eventos de Andalucía Emprende,evento,AF,5,AF-PRJ-001,Diseñar una solución administrativa integral,"Diseñar una solución integrada de documentos, datos, control y reporting.",Curso completo de Excel,A2 Capacitación: Excel,https://www.youtube.com/watch?v=m8i4fMUCpK0,https://www.youtube-nocookie.com/embed/m8i4fMUCpK0?rel=0&enablejsapi=1&cc_load_policy=1,0,0,si,si,si,si,evidencia_entregada_y_criterio_superado,"Problema y alcance definidos || Proceso y documentación son completos || Incluye indicadores, seguridad y viabilidad","Memoria, plantillas, dashboard y presentación",no,revisar_automaticamente_antes_de_publicar,2026-08-04
af_premios_emprendemos_top50_2026__af-prj-002,af_premios_emprendemos_top50_2026,Premios Emprendemos TOP50 2026,reto,AF,1,AF-PRJ-002,Presentar y defender una propuesta administrativa,"Presentar proceso, controles, resultados y mejoras de la solución.",Kit de marca en Canva,Canva Latinoamérica,https://www.youtube.com/watch?v=havARJ_ZQg8,https://www.youtube-nocookie.com/embed/havARJ_ZQg8?rel=0&enablejsapi=1&cc_load_policy=1,0,0,si,si,si,si,evidencia_entregada_y_criterio_superado,Presentación de 5 minutos || Demuestra documentos o panel || Responde dudas y reconoce límites normativos,Vídeo o defensa,sí,revisar_automaticamente_antes_de_publicar,2026-08-04
af_premios_emprendemos_top50_2026__af-emp-001,af_premios_emprendemos_top50_2026,Premios Emprendemos TOP50 2026,reto,AF,2,AF-EMP-001,Preparar candidatura administrativa,"Organizar CV, títulos, certificados y evidencias administrativas.","Curso completo de Google Drive: organizar, compartir y colaborar",Carlos Cortés Academy,https://www.youtube.com/watch?v=xBaRjZUVSgc,https://www.youtube-nocookie.com/embed/xBaRjZUVSgc?rel=0&enablejsapi=1&cc_load_policy=1,0,0,si,si,si,si,evidencia_entregada_y_criterio_superado,"CV adaptado a un puesto || Portfolio con hoja, expediente y dashboard || Matriz de requisitos y documentación de tres ofertas","CV, portfolio y matriz de brechas",sí,revisar_automaticamente_antes_de_publicar,2026-08-04
af_premios_emprendemos_top50_2026__af-bas-004,af_premios_emprendemos_top50_2026,Premios Emprendemos TOP50 2026,reto,AF,3,AF-BAS-004,Redactar correos y comunicaciones profesionales,Redactar y archivar comunicaciones profesionales trazables.,"Curso completo de Google Drive: organizar, compartir y colaborar",Carlos Cortés Academy,https://www.youtube.com/watch?v=xBaRjZUVSgc,https://www.youtube-nocookie.com/embed/xBaRjZUVSgc?rel=0&enablejsapi=1&cc_load_policy=1,0,0,si,si,si,si,evidencia_entregada_y_criterio_superado,Asunto permite identificar la acción || Mensaje contiene datos y petición necesarios || Mantiene tono profesional y revisa adjuntos,Tres correos de casos administrativos,no,revisar_automaticamente_antes_de_publicar,2026-08-04
af_emprendimiento_educativo_granada_2026_27__af-emp-001,af_emprendimiento_educativo_granada_2026_27,Emprendimiento educativo en Granada,comunidad,AF,1,AF-EMP-001,Preparar candidatura administrativa,"Organizar CV, títulos, certificados y evidencias administrativas.","Curso completo de Google Drive: organizar, compartir y colaborar",Carlos Cortés Academy,https://www.youtube.com/watch?v=xBaRjZUVSgc,https://www.youtube-nocookie.com/embed/xBaRjZUVSgc?rel=0&enablejsapi=1&cc_load_policy=1,0,0,si,si,si,si,evidencia_entregada_y_criterio_superado,"CV adaptado a un puesto || Portfolio con hoja, expediente y dashboard || Matriz de requisitos y documentación de tres ofertas","CV, portfolio y matriz de brechas",no,revisar_automaticamente_antes_de_publicar,2026-08-04
af_emprendimiento_educativo_granada_2026_27__af-jur-001,af_emprendimiento_educativo_granada_2026_27,Emprendimiento educativo en Granada,comunidad,AF,2,AF-JUR-001,Distinguir formas jurídicas y órganos de la empresa,"Relacionar estructura de empresa, roles y responsabilidades en un sistema de gestión.",HubSpot CRM para principiantes,HubSpot Español,https://www.youtube.com/watch?v=RXbOwk1l2T8,https://www.youtube-nocookie.com/embed/RXbOwk1l2T8?rel=0&enablejsapi=1&cc_load_policy=1,0,0,si,si,si,si,evidencia_entregada_y_criterio_superado,Compara autónomo y sociedades habituales || Identifica órganos y responsabilidades || Justifica una forma para un caso sencillo,Tabla comparativa y recomendación,no,revisar_automaticamente_antes_de_publicar,2026-08-04
af_fuente_actualidad_aeat__af-con-002,af_fuente_actualidad_aeat,Actualidad de la Agencia Tributaria,fuente_noticias,AF,1,AF-CON-002,Gestionar obligaciones fiscales básicas,"Comprender la trazabilidad fiscal de la facturación y preparar la revisión de bases, cuotas y periodos.",Así es VERI*FACTU,Agencia Tributaria,https://www.youtube.com/watch?v=jjwGyYH5ZSM,https://www.youtube-nocookie.com/embed/jjwGyYH5ZSM?rel=0&enablejsapi=1&cc_load_policy=1,0,0,si,si,si,si,evidencia_entregada_y_criterio_superado,"Clasifica operaciones y tipos del caso || Calcula liquidación simulada || Identifica modelo, periodo y documentación soporte",Liquidación fiscal ficticia y expediente,no,revisar_automaticamente_antes_de_publicar,2026-08-04
af_fuente_actualidad_aeat__af-con-001,af_fuente_actualidad_aeat,Actualidad de la Agencia Tributaria,fuente_noticias,AF,2,AF-CON-001,Completar el ciclo contable,"Recorrer documento, registro, mayor, cierre y comprobación.",Cómo crear una factura en Sage,Sage Customer Support,https://www.youtube.com/watch?v=HgbxbpwhKXs,https://www.youtube-nocookie.com/embed/HgbxbpwhKXs?rel=0&enablejsapi=1&cc_load_policy=1,0,0,si,si,si,si,evidencia_entregada_y_criterio_superado,Registra ajustes de fin de ejercicio || Calcula resultado y cierre || Prepara balance y cuenta de resultados coherentes,Caso contable completo,no,revisar_automaticamente_antes_de_publicar,2026-08-04
af_fuente_actualidad_aeat__af-emp-001,af_fuente_actualidad_aeat,Actualidad de la Agencia Tributaria,fuente_noticias,AF,3,AF-EMP-001,Preparar candidatura administrativa,"Organizar CV, títulos, certificados y evidencias administrativas.","Curso completo de Google Drive: organizar, compartir y colaborar",Carlos Cortés Academy,https://www.youtube.com/watch?v=xBaRjZUVSgc,https://www.youtube-nocookie.com/embed/xBaRjZUVSgc?rel=0&enablejsapi=1&cc_load_policy=1,0,0,si,si,si,si,evidencia_entregada_y_criterio_superado,"CV adaptado a un puesto || Portfolio con hoja, expediente y dashboard || Matriz de requisitos y documentación de tres ofertas","CV, portfolio y matriz de brechas",no,revisar_automaticamente_antes_de_publicar,2026-08-04
af_fuente_actualidad_aeat__af-jur-001,af_fuente_actualidad_aeat,Actualidad de la Agencia Tributaria,fuente_noticias,AF,4,AF-JUR-001,Distinguir formas jurídicas y órganos de la empresa,"Relacionar estructura de empresa, roles y responsabilidades en un sistema de gestión.",HubSpot CRM para principiantes,HubSpot Español,https://www.youtube.com/watch?v=RXbOwk1l2T8,https://www.youtube-nocookie.com/embed/RXbOwk1l2T8?rel=0&enablejsapi=1&cc_load_policy=1,0,0,si,si,si,si,evidencia_entregada_y_criterio_superado,Compara autónomo y sociedades habituales || Identifica órganos y responsabilidades || Justifica una forma para un caso sencillo,Tabla comparativa y recomendación,no,revisar_automaticamente_antes_de_publicar,2026-08-04
af_fuente_actualidad_seguridad_social__af-lab-001,af_fuente_actualidad_seguridad_social,Actualidad de la Seguridad Social,fuente_noticias,AF,1,AF-LAB-001,"Interpretar contratos, jornada y documentación laboral","Organizar contratos, anexos, jornada y documentación laboral.","Curso completo de Google Drive: organizar, compartir y colaborar",Carlos Cortés Academy,https://www.youtube.com/watch?v=xBaRjZUVSgc,https://www.youtube-nocookie.com/embed/xBaRjZUVSgc?rel=0&enablejsapi=1&cc_load_policy=1,0,0,si,si,si,si,evidencia_entregada_y_criterio_superado,Selecciona modalidad coherente con caso || Identifica documentación y plazos || Mantiene expediente completo y confidencial,Expediente laboral ficticio,no,revisar_automaticamente_antes_de_publicar,2026-08-04
af_fuente_actualidad_seguridad_social__af-lab-002,af_fuente_actualidad_seguridad_social,Actualidad de la Seguridad Social,fuente_noticias,AF,2,AF-LAB-002,Calcular y revisar una nómina,Construir y revisar una plantilla de nómina con fórmulas y comprobaciones.,Curso completo de Excel,A2 Capacitación: Excel,https://www.youtube.com/watch?v=m8i4fMUCpK0,https://www.youtube-nocookie.com/embed/m8i4fMUCpK0?rel=0&enablejsapi=1&cc_load_policy=1,0,0,si,si,si,si,evidencia_entregada_y_criterio_superado,Identifica conceptos salariales y extrasalariales || Calcula bases y deducciones del caso || Comprueba líquido y coste empresarial,Tres nóminas ficticias con hoja de cálculo,no,revisar_automaticamente_antes_de_publicar,2026-08-04
af_fuente_actualidad_seguridad_social__af-emp-001,af_fuente_actualidad_seguridad_social,Actualidad de la Seguridad Social,fuente_noticias,AF,3,AF-EMP-001,Preparar candidatura administrativa,"Organizar CV, títulos, certificados y evidencias administrativas.","Curso completo de Google Drive: organizar, compartir y colaborar",Carlos Cortés Academy,https://www.youtube.com/watch?v=xBaRjZUVSgc,https://www.youtube-nocookie.com/embed/xBaRjZUVSgc?rel=0&enablejsapi=1&cc_load_policy=1,0,0,si,si,si,si,evidencia_entregada_y_criterio_superado,"CV adaptado a un puesto || Portfolio con hoja, expediente y dashboard || Matriz de requisitos y documentación de tres ofertas","CV, portfolio y matriz de brechas",no,revisar_automaticamente_antes_de_publicar,2026-08-04
af_fuente_actualidad_seguridad_social__af-sim-001,af_fuente_actualidad_seguridad_social,Actualidad de la Seguridad Social,fuente_noticias,AF,4,AF-SIM-001,Gestionar una empresa simulada de forma integrada,Simular facturación y operaciones de una empresa con trazabilidad.,Cómo crear una factura en Sage,Sage Customer Support,https://www.youtube.com/watch?v=HgbxbpwhKXs,https://www.youtube-nocookie.com/embed/HgbxbpwhKXs?rel=0&enablejsapi=1&cc_load_policy=1,0,0,si,si,si,si,evidencia_entregada_y_criterio_superado,Procesos mantienen trazabilidad entre departamentos || Documentación e importes cuadran || Se revisan resultados y se corrigen incidencias,Expediente anual de empresa simulada,no,revisar_automaticamente_antes_de_publicar,2026-08-04
af_fuente_actualidad_seguridad_social__af-jur-001,af_fuente_actualidad_seguridad_social,Actualidad de la Seguridad Social,fuente_noticias,AF,5,AF-JUR-001,Distinguir formas jurídicas y órganos de la empresa,"Relacionar estructura de empresa, roles y responsabilidades en un sistema de gestión.",HubSpot CRM para principiantes,HubSpot Español,https://www.youtube.com/watch?v=RXbOwk1l2T8,https://www.youtube-nocookie.com/embed/RXbOwk1l2T8?rel=0&enablejsapi=1&cc_load_policy=1,0,0,si,si,si,si,evidencia_entregada_y_criterio_superado,Compara autónomo y sociedades habituales || Identifica órganos y responsabilidades || Justifica una forma para un caso sencillo,Tabla comparativa y recomendación,no,revisar_automaticamente_antes_de_publicar,2026-08-04
af_fuente_boe__af-com-002,af_fuente_boe,Boletín Oficial del Estado,fuente_noticias,AF,1,AF-COM-002,Registrar el ciclo contable básico,"Relacionar documento comercial, asiento y estado de cobro/pago.",Cómo crear una factura en Sage,Sage Customer Support,https://www.youtube.com/watch?v=HgbxbpwhKXs,https://www.youtube-nocookie.com/embed/HgbxbpwhKXs?rel=0&enablejsapi=1&cc_load_policy=1,0,0,si,si,si,si,evidencia_entregada_y_criterio_superado,"Distingue activo, pasivo, patrimonio, gasto e ingreso || Registra operaciones con partida doble || Comprueba sumas y saldos",Libro diario y balance de comprobación de caso ficticio,no,revisar_automaticamente_antes_de_publicar,2026-08-04
af_fuente_boe__af-con-001,af_fuente_boe,Boletín Oficial del Estado,fuente_noticias,AF,2,AF-CON-001,Completar el ciclo contable,"Recorrer documento, registro, mayor, cierre y comprobación.",Cómo crear una factura en Sage,Sage Customer Support,https://www.youtube.com/watch?v=HgbxbpwhKXs,https://www.youtube-nocookie.com/embed/HgbxbpwhKXs?rel=0&enablejsapi=1&cc_load_policy=1,0,0,si,si,si,si,evidencia_entregada_y_criterio_superado,Registra ajustes de fin de ejercicio || Calcula resultado y cierre || Prepara balance y cuenta de resultados coherentes,Caso contable completo,no,revisar_automaticamente_antes_de_publicar,2026-08-04
af_fuente_boe__af-sim-001,af_fuente_boe,Boletín Oficial del Estado,fuente_noticias,AF,3,AF-SIM-001,Gestionar una empresa simulada de forma integrada,Simular facturación y operaciones de una empresa con trazabilidad.,Cómo crear una factura en Sage,Sage Customer Support,https://www.youtube.com/watch?v=HgbxbpwhKXs,https://www.youtube-nocookie.com/embed/HgbxbpwhKXs?rel=0&enablejsapi=1&cc_load_policy=1,0,0,si,si,si,si,evidencia_entregada_y_criterio_superado,Procesos mantienen trazabilidad entre departamentos || Documentación e importes cuadran || Se revisan resultados y se corrigen incidencias,Expediente anual de empresa simulada,no,revisar_automaticamente_antes_de_publicar,2026-08-04
af_fuente_boe__af-prj-001,af_fuente_boe,Boletín Oficial del Estado,fuente_noticias,AF,4,AF-PRJ-001,Diseñar una solución administrativa integral,"Diseñar una solución integrada de documentos, datos, control y reporting.",Curso completo de Excel,A2 Capacitación: Excel,https://www.youtube.com/watch?v=m8i4fMUCpK0,https://www.youtube-nocookie.com/embed/m8i4fMUCpK0?rel=0&enablejsapi=1&cc_load_policy=1,0,0,si,si,si,si,evidencia_entregada_y_criterio_superado,"Problema y alcance definidos || Proceso y documentación son completos || Incluye indicadores, seguridad y viabilidad","Memoria, plantillas, dashboard y presentación",no,revisar_automaticamente_antes_de_publicar,2026-08-04
af_fuente_boe__af-jur-002,af_fuente_boe,Boletín Oficial del Estado,fuente_noticias,AF,5,AF-JUR-002,Preparar trámites de constitución y documentación oficial,Organizar expediente de constitución y controlar versiones y firmas.,"Curso completo de Google Drive: organizar, compartir y colaborar",Carlos Cortés Academy,https://www.youtube.com/watch?v=xBaRjZUVSgc,https://www.youtube-nocookie.com/embed/xBaRjZUVSgc?rel=0&enablejsapi=1&cc_load_policy=1,0,0,si,si,si,si,evidencia_entregada_y_criterio_superado,Ordena trámites y responsables || Completa modelos simulados sin datos incoherentes || Mantiene registro de presentación y plazo,Expediente ficticio de constitución o modificación,no,revisar_automaticamente_antes_de_publicar,2026-08-04
af_fuente_boja__af-com-002,af_fuente_boja,Boletín Oficial de la Junta de Andalucía,fuente_noticias,AF,1,AF-COM-002,Registrar el ciclo contable básico,"Relacionar documento comercial, asiento y estado de cobro/pago.",Cómo crear una factura en Sage,Sage Customer Support,https://www.youtube.com/watch?v=HgbxbpwhKXs,https://www.youtube-nocookie.com/embed/HgbxbpwhKXs?rel=0&enablejsapi=1&cc_load_policy=1,0,0,si,si,si,si,evidencia_entregada_y_criterio_superado,"Distingue activo, pasivo, patrimonio, gasto e ingreso || Registra operaciones con partida doble || Comprueba sumas y saldos",Libro diario y balance de comprobación de caso ficticio,no,revisar_automaticamente_antes_de_publicar,2026-08-04
af_fuente_boja__af-emp-001,af_fuente_boja,Boletín Oficial de la Junta de Andalucía,fuente_noticias,AF,2,AF-EMP-001,Preparar candidatura administrativa,"Organizar CV, títulos, certificados y evidencias administrativas.","Curso completo de Google Drive: organizar, compartir y colaborar",Carlos Cortés Academy,https://www.youtube.com/watch?v=xBaRjZUVSgc,https://www.youtube-nocookie.com/embed/xBaRjZUVSgc?rel=0&enablejsapi=1&cc_load_policy=1,0,0,si,si,si,si,evidencia_entregada_y_criterio_superado,"CV adaptado a un puesto || Portfolio con hoja, expediente y dashboard || Matriz de requisitos y documentación de tres ofertas","CV, portfolio y matriz de brechas",no,revisar_automaticamente_antes_de_publicar,2026-08-04
af_fuente_boja__af-jur-001,af_fuente_boja,Boletín Oficial de la Junta de Andalucía,fuente_noticias,AF,3,AF-JUR-001,Distinguir formas jurídicas y órganos de la empresa,"Relacionar estructura de empresa, roles y responsabilidades en un sistema de gestión.",HubSpot CRM para principiantes,HubSpot Español,https://www.youtube.com/watch?v=RXbOwk1l2T8,https://www.youtube-nocookie.com/embed/RXbOwk1l2T8?rel=0&enablejsapi=1&cc_load_policy=1,0,0,si,si,si,si,evidencia_entregada_y_criterio_superado,Compara autónomo y sociedades habituales || Identifica órganos y responsabilidades || Justifica una forma para un caso sencillo,Tabla comparativa y recomendación,no,revisar_automaticamente_antes_de_publicar,2026-08-04
af_fuente_ine__af-bi-001,af_fuente_ine,Instituto Nacional de Estadística,fuente_noticias,AF,1,AF-BI-001,Crear cuadros de mando administrativos y financieros,"Crear tabla dinámica, KPI y gráficos administrativos/financieros.",Curso completo de Excel,A2 Capacitación: Excel,https://www.youtube.com/watch?v=m8i4fMUCpK0,https://www.youtube-nocookie.com/embed/m8i4fMUCpK0?rel=0&enablejsapi=1&cc_load_policy=1&start=2107&end=3398,2107,3398,si,si,si,si,evidencia_entregada_y_criterio_superado,KPI tiene definición y fuente || Datos se actualizan de forma reproducible || El panel permite detectar una acción necesaria,"Dashboard de ingresos, gastos, tesorería y cobros",no,revisar_automaticamente_antes_de_publicar,2026-08-04
af_fuente_ine__af-emp-001,af_fuente_ine,Instituto Nacional de Estadística,fuente_noticias,AF,2,AF-EMP-001,Preparar candidatura administrativa,"Organizar CV, títulos, certificados y evidencias administrativas.","Curso completo de Google Drive: organizar, compartir y colaborar",Carlos Cortés Academy,https://www.youtube.com/watch?v=xBaRjZUVSgc,https://www.youtube-nocookie.com/embed/xBaRjZUVSgc?rel=0&enablejsapi=1&cc_load_policy=1,0,0,si,si,si,si,evidencia_entregada_y_criterio_superado,"CV adaptado a un puesto || Portfolio con hoja, expediente y dashboard || Matriz de requisitos y documentación de tres ofertas","CV, portfolio y matriz de brechas",no,revisar_automaticamente_antes_de_publicar,2026-08-04
af_fuente_ine__af-bas-005,af_fuente_ine,Instituto Nacional de Estadística,fuente_noticias,AF,3,AF-BAS-005,"Proteger datos, credenciales y documentación",Configurar permisos y evitar exposición innecesaria de documentos.,"Curso completo de Google Drive: organizar, compartir y colaborar",Carlos Cortés Academy,https://www.youtube.com/watch?v=xBaRjZUVSgc,https://www.youtube-nocookie.com/embed/xBaRjZUVSgc?rel=0&enablejsapi=1&cc_load_policy=1,0,0,si,si,si,si,evidencia_entregada_y_criterio_superado,Detecta señales de fraude en dos correos || Aplica principio de mínimo acceso || Define procedimiento de envío y destrucción segura,Checklist de seguridad administrativa,no,revisar_automaticamente_antes_de_publicar,2026-08-04
af_fuente_ine__af-rrhh-002,af_fuente_ine,Instituto Nacional de Estadística,fuente_noticias,AF,4,AF-RRHH-002,"Aplicar responsabilidad social, igualdad y protección","Limitar datos, permisos y trazabilidad en información de personas.",HubSpot CRM para principiantes,HubSpot Español,https://www.youtube.com/watch?v=RXbOwk1l2T8,https://www.youtube-nocookie.com/embed/RXbOwk1l2T8?rel=0&enablejsapi=1&cc_load_policy=1,0,0,si,si,si,si,evidencia_entregada_y_criterio_superado,Identifica grupos afectados || Define medidas e indicadores || Evita recopilar o divulgar datos innecesarios,Política interna breve con indicadores,no,revisar_automaticamente_antes_de_publicar,2026-08-04
af_fuente_ine__af-jur-001,af_fuente_ine,Instituto Nacional de Estadística,fuente_noticias,AF,5,AF-JUR-001,Distinguir formas jurídicas y órganos de la empresa,"Relacionar estructura de empresa, roles y responsabilidades en un sistema de gestión.",HubSpot CRM para principiantes,HubSpot Español,https://www.youtube.com/watch?v=RXbOwk1l2T8,https://www.youtube-nocookie.com/embed/RXbOwk1l2T8?rel=0&enablejsapi=1&cc_load_policy=1,0,0,si,si,si,si,evidencia_entregada_y_criterio_superado,Compara autónomo y sociedades habituales || Identifica órganos y responsabilidades || Justifica una forma para un caso sencillo,Tabla comparativa y recomendación,no,revisar_automaticamente_antes_de_publicar,2026-08-04
af_fuente_economistas_granada__af-con-001,af_fuente_economistas_granada,Colegio Profesional de Economistas de Granada,fuente_noticias,AF,1,AF-CON-001,Completar el ciclo contable,"Recorrer documento, registro, mayor, cierre y comprobación.",Cómo crear una factura en Sage,Sage Customer Support,https://www.youtube.com/watch?v=HgbxbpwhKXs,https://www.youtube-nocookie.com/embed/HgbxbpwhKXs?rel=0&enablejsapi=1&cc_load_policy=1,0,0,si,si,si,si,evidencia_entregada_y_criterio_superado,Registra ajustes de fin de ejercicio || Calcula resultado y cierre || Prepara balance y cuenta de resultados coherentes,Caso contable completo,no,revisar_automaticamente_antes_de_publicar,2026-08-04
af_fuente_economistas_granada__af-sim-001,af_fuente_economistas_granada,Colegio Profesional de Economistas de Granada,fuente_noticias,AF,2,AF-SIM-001,Gestionar una empresa simulada de forma integrada,Simular facturación y operaciones de una empresa con trazabilidad.,Cómo crear una factura en Sage,Sage Customer Support,https://www.youtube.com/watch?v=HgbxbpwhKXs,https://www.youtube-nocookie.com/embed/HgbxbpwhKXs?rel=0&enablejsapi=1&cc_load_policy=1,0,0,si,si,si,si,evidencia_entregada_y_criterio_superado,Procesos mantienen trazabilidad entre departamentos || Documentación e importes cuadran || Se revisan resultados y se corrigen incidencias,Expediente anual de empresa simulada,no,revisar_automaticamente_antes_de_publicar,2026-08-04
af_fuente_economistas_granada__af-jur-001,af_fuente_economistas_granada,Colegio Profesional de Economistas de Granada,fuente_noticias,AF,3,AF-JUR-001,Distinguir formas jurídicas y órganos de la empresa,"Relacionar estructura de empresa, roles y responsabilidades en un sistema de gestión.",HubSpot CRM para principiantes,HubSpot Español,https://www.youtube.com/watch?v=RXbOwk1l2T8,https://www.youtube-nocookie.com/embed/RXbOwk1l2T8?rel=0&enablejsapi=1&cc_load_policy=1,0,0,si,si,si,si,evidencia_entregada_y_criterio_superado,Compara autónomo y sociedades habituales || Identifica órganos y responsabilidades || Justifica una forma para un caso sencillo,Tabla comparativa y recomendación,no,revisar_automaticamente_antes_de_publicar,2026-08-04
af_fuente_economistas_granada__af-rrhh-002,af_fuente_economistas_granada,Colegio Profesional de Economistas de Granada,fuente_noticias,AF,4,AF-RRHH-002,"Aplicar responsabilidad social, igualdad y protección","Limitar datos, permisos y trazabilidad en información de personas.",HubSpot CRM para principiantes,HubSpot Español,https://www.youtube.com/watch?v=RXbOwk1l2T8,https://www.youtube-nocookie.com/embed/RXbOwk1l2T8?rel=0&enablejsapi=1&cc_load_policy=1,0,0,si,si,si,si,evidencia_entregada_y_criterio_superado,Identifica grupos afectados || Define medidas e indicadores || Evita recopilar o divulgar datos innecesarios,Política interna breve con indicadores,no,revisar_automaticamente_antes_de_publicar,2026-08-04
af_fuente_economistas_granada__af-com-002,af_fuente_economistas_granada,Colegio Profesional de Economistas de Granada,fuente_noticias,AF,5,AF-COM-002,Registrar el ciclo contable básico,"Relacionar documento comercial, asiento y estado de cobro/pago.",Cómo crear una factura en Sage,Sage Customer Support,https://www.youtube.com/watch?v=HgbxbpwhKXs,https://www.youtube-nocookie.com/embed/HgbxbpwhKXs?rel=0&enablejsapi=1&cc_load_policy=1,0,0,si,si,si,si,evidencia_entregada_y_criterio_superado,"Distingue activo, pasivo, patrimonio, gasto e ingreso || Registra operaciones con partida doble || Comprueba sumas y saldos",Libro diario y balance de comprobación de caso ficticio,no,revisar_automaticamente_antes_de_publicar,2026-08-04
af_fuente_consejo_economistas__af-con-001,af_fuente_consejo_economistas,Consejo General de Economistas de España,fuente_noticias,AF,1,AF-CON-001,Completar el ciclo contable,"Recorrer documento, registro, mayor, cierre y comprobación.",Cómo crear una factura en Sage,Sage Customer Support,https://www.youtube.com/watch?v=HgbxbpwhKXs,https://www.youtube-nocookie.com/embed/HgbxbpwhKXs?rel=0&enablejsapi=1&cc_load_policy=1,0,0,si,si,si,si,evidencia_entregada_y_criterio_superado,Registra ajustes de fin de ejercicio || Calcula resultado y cierre || Prepara balance y cuenta de resultados coherentes,Caso contable completo,no,revisar_automaticamente_antes_de_publicar,2026-08-04
af_fuente_consejo_economistas__af-sim-001,af_fuente_consejo_economistas,Consejo General de Economistas de España,fuente_noticias,AF,2,AF-SIM-001,Gestionar una empresa simulada de forma integrada,Simular facturación y operaciones de una empresa con trazabilidad.,Cómo crear una factura en Sage,Sage Customer Support,https://www.youtube.com/watch?v=HgbxbpwhKXs,https://www.youtube-nocookie.com/embed/HgbxbpwhKXs?rel=0&enablejsapi=1&cc_load_policy=1,0,0,si,si,si,si,evidencia_entregada_y_criterio_superado,Procesos mantienen trazabilidad entre departamentos || Documentación e importes cuadran || Se revisan resultados y se corrigen incidencias,Expediente anual de empresa simulada,no,revisar_automaticamente_antes_de_publicar,2026-08-04
af_fuente_consejo_economistas__af-com-002,af_fuente_consejo_economistas,Consejo General de Economistas de España,fuente_noticias,AF,3,AF-COM-002,Registrar el ciclo contable básico,"Relacionar documento comercial, asiento y estado de cobro/pago.",Cómo crear una factura en Sage,Sage Customer Support,https://www.youtube.com/watch?v=HgbxbpwhKXs,https://www.youtube-nocookie.com/embed/HgbxbpwhKXs?rel=0&enablejsapi=1&cc_load_policy=1,0,0,si,si,si,si,evidencia_entregada_y_criterio_superado,"Distingue activo, pasivo, patrimonio, gasto e ingreso || Registra operaciones con partida doble || Comprueba sumas y saldos",Libro diario y balance de comprobación de caso ficticio,no,revisar_automaticamente_antes_de_publicar,2026-08-04
af_fuente_consejo_economistas__af-cli-002,af_fuente_consejo_economistas,Consejo General de Economistas de España,fuente_noticias,AF,4,AF-CLI-002,Gestionar comunicaciones y archivo multicanal,"Archivar comunicaciones por expediente, canal, fecha y estado.","Curso completo de Google Drive: organizar, compartir y colaborar",Carlos Cortés Academy,https://www.youtube.com/watch?v=xBaRjZUVSgc,https://www.youtube-nocookie.com/embed/xBaRjZUVSgc?rel=0&enablejsapi=1&cc_load_policy=1,0,0,si,si,si,si,evidencia_entregada_y_criterio_superado,Clasifica cada comunicación || Mantiene plazos y responsables || Controla acceso y conservación,Registro de comunicaciones ficticio,no,revisar_automaticamente_antes_de_publicar,2026-08-04
af_fuente_consejo_economistas__af-con-002,af_fuente_consejo_economistas,Consejo General de Economistas de España,fuente_noticias,AF,5,AF-CON-002,Gestionar obligaciones fiscales básicas,"Comprender la trazabilidad fiscal de la facturación y preparar la revisión de bases, cuotas y periodos.",Así es VERI*FACTU,Agencia Tributaria,https://www.youtube.com/watch?v=jjwGyYH5ZSM,https://www.youtube-nocookie.com/embed/jjwGyYH5ZSM?rel=0&enablejsapi=1&cc_load_policy=1,0,0,si,si,si,si,evidencia_entregada_y_criterio_superado,"Clasifica operaciones y tipos del caso || Calcula liquidación simulada || Identifica modelo, periodo y documentación soporte",Liquidación fiscal ficticia y expediente,no,revisar_automaticamente_antes_de_publicar,2026-08-04
af_evidencia_ciclo_contable_completo__af-con-001,af_evidencia_ciclo_contable_completo,Caso completo de ciclo contable y cierre,evidencia_recomendada,AF,1,AF-CON-001,Completar el ciclo contable,"Recorrer documento, registro, mayor, cierre y comprobación.",Cómo crear una factura en Sage,Sage Customer Support,https://www.youtube.com/watch?v=HgbxbpwhKXs,https://www.youtube-nocookie.com/embed/HgbxbpwhKXs?rel=0&enablejsapi=1&cc_load_policy=1,0,0,si,si,si,si,evidencia_entregada_y_criterio_superado,Registra ajustes de fin de ejercicio || Calcula resultado y cierre || Prepara balance y cuenta de resultados coherentes,Caso contable completo,no,revisar_automaticamente_antes_de_publicar,2026-08-04
af_evidencia_ciclo_contable_completo__af-prj-001,af_evidencia_ciclo_contable_completo,Caso completo de ciclo contable y cierre,evidencia_recomendada,AF,2,AF-PRJ-001,Diseñar una solución administrativa integral,"Diseñar una solución integrada de documentos, datos, control y reporting.",Curso completo de Excel,A2 Capacitación: Excel,https://www.youtube.com/watch?v=m8i4fMUCpK0,https://www.youtube-nocookie.com/embed/m8i4fMUCpK0?rel=0&enablejsapi=1&cc_load_policy=1,0,0,si,si,si,si,evidencia_entregada_y_criterio_superado,"Problema y alcance definidos || Proceso y documentación son completos || Incluye indicadores, seguridad y viabilidad","Memoria, plantillas, dashboard y presentación",no,revisar_automaticamente_antes_de_publicar,2026-08-04
af_evidencia_ciclo_contable_completo__af-bas-003,af_evidencia_ciclo_contable_completo,Caso completo de ciclo contable y cierre,evidencia_recomendada,AF,3,AF-BAS-003,"Operar con porcentajes, reglas de tres e importes","Resolver porcentajes, descuentos, impuestos e importes con fórmulas.",Curso completo de Excel,A2 Capacitación: Excel,https://www.youtube.com/watch?v=m8i4fMUCpK0,https://www.youtube-nocookie.com/embed/m8i4fMUCpK0?rel=0&enablejsapi=1&cc_load_policy=1&start=980&end=1657,980,1657,si,si,si,si,evidencia_entregada_y_criterio_superado,"Calcula porcentajes directos e inversos || Separa base, cuota y total || Comprueba resultado mediante estimación",Hoja con 20 ejercicios,no,revisar_automaticamente_antes_de_publicar,2026-08-04
af_evidencia_ciclo_contable_completo__af-com-001,af_evidencia_ciclo_contable_completo,Caso completo de ciclo contable y cierre,evidencia_recomendada,AF,4,AF-COM-001,"Gestionar compras, ventas, facturas y cobros",Crear y revisar facturas de compra/venta y su trazabilidad.,Cómo crear una factura en Sage,Sage Customer Support,https://www.youtube.com/watch?v=HgbxbpwhKXs,https://www.youtube-nocookie.com/embed/HgbxbpwhKXs?rel=0&enablejsapi=1&cc_load_policy=1,0,0,si,si,si,si,evidencia_entregada_y_criterio_superado,"Documentos mantienen trazabilidad || Calcula bases, descuentos e impuestos || Registra vencimiento y forma de pago",Expediente completo de compra y venta,no,revisar_automaticamente_antes_de_publicar,2026-08-04
af_evidencia_ciclo_contable_completo__af-com-002,af_evidencia_ciclo_contable_completo,Caso completo de ciclo contable y cierre,evidencia_recomendada,AF,5,AF-COM-002,Registrar el ciclo contable básico,"Relacionar documento comercial, asiento y estado de cobro/pago.",Cómo crear una factura en Sage,Sage Customer Support,https://www.youtube.com/watch?v=HgbxbpwhKXs,https://www.youtube-nocookie.com/embed/HgbxbpwhKXs?rel=0&enablejsapi=1&cc_load_policy=1,0,0,si,si,si,si,evidencia_entregada_y_criterio_superado,"Distingue activo, pasivo, patrimonio, gasto e ingreso || Registra operaciones con partida doble || Comprueba sumas y saldos",Libro diario y balance de comprobación de caso ficticio,no,revisar_automaticamente_antes_de_publicar,2026-08-04
af_evidencia_presupuesto_tesoreria_excel__af-fin-002,af_evidencia_presupuesto_tesoreria_excel,Presupuesto y previsión de tesorería en Excel,evidencia_recomendada,AF,1,AF-FIN-002,"Gestionar tesorería, financiación y riesgo","Registrar bancos, conciliar movimientos y controlar tesorería.",Conexión bancaria y conciliación en Sage,Sage Customer Support,https://www.youtube.com/watch?v=EzTd4WfrDGE,https://www.youtube-nocookie.com/embed/EzTd4WfrDGE?rel=0&enablejsapi=1&cc_load_policy=1,0,0,si,si,si,si,evidencia_entregada_y_criterio_superado,"Elabora previsión de tesorería || Detecta déficit o excedente || Compara financiación por coste, plazo y riesgo",Presupuesto de tesorería y recomendación,no,revisar_automaticamente_antes_de_publicar,2026-08-04
af_evidencia_presupuesto_tesoreria_excel__af-bas-002,af_evidencia_presupuesto_tesoreria_excel,Presupuesto y previsión de tesorería en Excel,evidencia_recomendada,AF,2,AF-BAS-002,Escribir con precisión y usar funciones básicas de Office,"Crear, nombrar, compartir y controlar documentos de oficina.","Curso completo de Google Drive: organizar, compartir y colaborar",Carlos Cortés Academy,https://www.youtube.com/watch?v=xBaRjZUVSgc,https://www.youtube-nocookie.com/embed/xBaRjZUVSgc?rel=0&enablejsapi=1&cc_load_policy=1,0,0,si,si,si,si,evidencia_entregada_y_criterio_superado,Redacta un documento con estilos y tabla || Crea una hoja con fórmulas simples || Exporta correctamente a PDF,"Pack de documento, hoja y presentación",no,revisar_automaticamente_antes_de_publicar,2026-08-04
af_evidencia_presupuesto_tesoreria_excel__af-bas-003,af_evidencia_presupuesto_tesoreria_excel,Presupuesto y previsión de tesorería en Excel,evidencia_recomendada,AF,3,AF-BAS-003,"Operar con porcentajes, reglas de tres e importes","Resolver porcentajes, descuentos, impuestos e importes con fórmulas.",Curso completo de Excel,A2 Capacitación: Excel,https://www.youtube.com/watch?v=m8i4fMUCpK0,https://www.youtube-nocookie.com/embed/m8i4fMUCpK0?rel=0&enablejsapi=1&cc_load_policy=1&start=980&end=1657,980,1657,si,si,si,si,evidencia_entregada_y_criterio_superado,"Calcula porcentajes directos e inversos || Separa base, cuota y total || Comprueba resultado mediante estimación",Hoja con 20 ejercicios,no,revisar_automaticamente_antes_de_publicar,2026-08-04
af_evidencia_presupuesto_tesoreria_excel__af-ofi-002,af_evidencia_presupuesto_tesoreria_excel,Presupuesto y previsión de tesorería en Excel,evidencia_recomendada,AF,4,AF-OFI-002,Usar Excel para gestión administrativa,"Construir hojas de gestión con fórmulas, tablas y validaciones.",Curso completo de Excel,A2 Capacitación: Excel,https://www.youtube.com/watch?v=m8i4fMUCpK0,https://www.youtube-nocookie.com/embed/m8i4fMUCpK0?rel=0&enablejsapi=1&cc_load_policy=1,0,0,si,si,si,si,evidencia_entregada_y_criterio_superado,Usa referencias absolutas y relativas || Aplica funciones de búsqueda y lógicas || Valida entradas y resume datos con tabla dinámica o equivalente,Libro de control administrativo,no,revisar_automaticamente_antes_de_publicar,2026-08-04
af_evidencia_presupuesto_tesoreria_excel__af-ofi-003,af_evidencia_presupuesto_tesoreria_excel,Presupuesto y previsión de tesorería en Excel,evidencia_recomendada,AF,5,AF-OFI-003,Automatizar limpieza y consolidación de datos,"Consolidar, buscar y transformar datos sin repetir tareas manuales.",Curso completo de Excel,A2 Capacitación: Excel,https://www.youtube.com/watch?v=m8i4fMUCpK0,https://www.youtube-nocookie.com/embed/m8i4fMUCpK0?rel=0&enablejsapi=1&cc_load_policy=1&start=5612&end=6700,5612,6700,si,si,si,si,evidencia_entregada_y_criterio_superado,Importa dos fuentes sin copiar manualmente || Documenta transformaciones || Actualiza resultados al sustituir archivos de origen,Modelo con Power Query o proceso equivalente,no,revisar_automaticamente_antes_de_publicar,2026-08-04
af_evidencia_expediente_nomina_cotizacion__af-lab-001,af_evidencia_expediente_nomina_cotizacion,Expediente laboral de nómina y cotización,evidencia_recomendada,AF,1,AF-LAB-001,"Interpretar contratos, jornada y documentación laboral","Organizar contratos, anexos, jornada y documentación laboral.","Curso completo de Google Drive: organizar, compartir y colaborar",Carlos Cortés Academy,https://www.youtube.com/watch?v=xBaRjZUVSgc,https://www.youtube-nocookie.com/embed/xBaRjZUVSgc?rel=0&enablejsapi=1&cc_load_policy=1,0,0,si,si,si,si,evidencia_entregada_y_criterio_superado,Selecciona modalidad coherente con caso || Identifica documentación y plazos || Mantiene expediente completo y confidencial,Expediente laboral ficticio,no,revisar_automaticamente_antes_de_publicar,2026-08-04
af_evidencia_expediente_nomina_cotizacion__af-bas-003,af_evidencia_expediente_nomina_cotizacion,Expediente laboral de nómina y cotización,evidencia_recomendada,AF,2,AF-BAS-003,"Operar con porcentajes, reglas de tres e importes","Resolver porcentajes, descuentos, impuestos e importes con fórmulas.",Curso completo de Excel,A2 Capacitación: Excel,https://www.youtube.com/watch?v=m8i4fMUCpK0,https://www.youtube-nocookie.com/embed/m8i4fMUCpK0?rel=0&enablejsapi=1&cc_load_policy=1&start=980&end=1657,980,1657,si,si,si,si,evidencia_entregada_y_criterio_superado,"Calcula porcentajes directos e inversos || Separa base, cuota y total || Comprueba resultado mediante estimación",Hoja con 20 ejercicios,no,revisar_automaticamente_antes_de_publicar,2026-08-04
af_evidencia_expediente_nomina_cotizacion__af-lab-002,af_evidencia_expediente_nomina_cotizacion,Expediente laboral de nómina y cotización,evidencia_recomendada,AF,3,AF-LAB-002,Calcular y revisar una nómina,Construir y revisar una plantilla de nómina con fórmulas y comprobaciones.,Curso completo de Excel,A2 Capacitación: Excel,https://www.youtube.com/watch?v=m8i4fMUCpK0,https://www.youtube-nocookie.com/embed/m8i4fMUCpK0?rel=0&enablejsapi=1&cc_load_policy=1,0,0,si,si,si,si,evidencia_entregada_y_criterio_superado,Identifica conceptos salariales y extrasalariales || Calcula bases y deducciones del caso || Comprueba líquido y coste empresarial,Tres nóminas ficticias con hoja de cálculo,no,revisar_automaticamente_antes_de_publicar,2026-08-04
af_evidencia_expediente_nomina_cotizacion__af-prj-001,af_evidencia_expediente_nomina_cotizacion,Expediente laboral de nómina y cotización,evidencia_recomendada,AF,4,AF-PRJ-001,Diseñar una solución administrativa integral,"Diseñar una solución integrada de documentos, datos, control y reporting.",Curso completo de Excel,A2 Capacitación: Excel,https://www.youtube.com/watch?v=m8i4fMUCpK0,https://www.youtube-nocookie.com/embed/m8i4fMUCpK0?rel=0&enablejsapi=1&cc_load_policy=1,0,0,si,si,si,si,evidencia_entregada_y_criterio_superado,"Problema y alcance definidos || Proceso y documentación son completos || Incluye indicadores, seguridad y viabilidad","Memoria, plantillas, dashboard y presentación",no,revisar_automaticamente_antes_de_publicar,2026-08-04
af_evidencia_expediente_nomina_cotizacion__af-bas-005,af_evidencia_expediente_nomina_cotizacion,Expediente laboral de nómina y cotización,evidencia_recomendada,AF,5,AF-BAS-005,"Proteger datos, credenciales y documentación",Configurar permisos y evitar exposición innecesaria de documentos.,"Curso completo de Google Drive: organizar, compartir y colaborar",Carlos Cortés Academy,https://www.youtube.com/watch?v=xBaRjZUVSgc,https://www.youtube-nocookie.com/embed/xBaRjZUVSgc?rel=0&enablejsapi=1&cc_load_policy=1,0,0,si,si,si,si,evidencia_entregada_y_criterio_superado,Detecta señales de fraude en dos correos || Aplica principio de mínimo acceso || Define procedimiento de envío y destrucción segura,Checklist de seguridad administrativa,no,revisar_automaticamente_antes_de_publicar,2026-08-04
af_evidencia_factura_electronica_firmada__af-cli-002,af_evidencia_factura_electronica_firmada,Flujo de factura electrónica,evidencia_recomendada,AF,1,AF-CLI-002,Gestionar comunicaciones y archivo multicanal,"Archivar comunicaciones por expediente, canal, fecha y estado.","Curso completo de Google Drive: organizar, compartir y colaborar",Carlos Cortés Academy,https://www.youtube.com/watch?v=xBaRjZUVSgc,https://www.youtube-nocookie.com/embed/xBaRjZUVSgc?rel=0&enablejsapi=1&cc_load_policy=1,0,0,si,si,si,si,evidencia_entregada_y_criterio_superado,Clasifica cada comunicación || Mantiene plazos y responsables || Controla acceso y conservación,Registro de comunicaciones ficticio,no,revisar_automaticamente_antes_de_publicar,2026-08-04
af_evidencia_factura_electronica_firmada__af-jur-002,af_evidencia_factura_electronica_firmada,Flujo de factura electrónica,evidencia_recomendada,AF,2,AF-JUR-002,Preparar trámites de constitución y documentación oficial,Organizar expediente de constitución y controlar versiones y firmas.,"Curso completo de Google Drive: organizar, compartir y colaborar",Carlos Cortés Academy,https://www.youtube.com/watch?v=xBaRjZUVSgc,https://www.youtube-nocookie.com/embed/xBaRjZUVSgc?rel=0&enablejsapi=1&cc_load_policy=1,0,0,si,si,si,si,evidencia_entregada_y_criterio_superado,Ordena trámites y responsables || Completa modelos simulados sin datos incoherentes || Mantiene registro de presentación y plazo,Expediente ficticio de constitución o modificación,no,revisar_automaticamente_antes_de_publicar,2026-08-04
af_evidencia_factura_electronica_firmada__af-cli-001,af_evidencia_factura_electronica_firmada,Flujo de factura electrónica,evidencia_recomendada,AF,3,AF-CLI-001,"Atender y registrar consultas, quejas y reclamaciones","Registrar consulta o reclamación con responsable, estado y respuesta.",HubSpot CRM para principiantes,HubSpot Español,https://www.youtube.com/watch?v=RXbOwk1l2T8,https://www.youtube-nocookie.com/embed/RXbOwk1l2T8?rel=0&enablejsapi=1&cc_load_policy=1,0,0,si,si,si,si,evidencia_entregada_y_criterio_superado,"Recoge hechos y necesidad || Explica plazo, responsable y siguiente paso || Registra y cierra la incidencia",Role-play y ficha de tres casos,no,revisar_automaticamente_antes_de_publicar,2026-08-04
af_evidencia_factura_electronica_firmada__af-bas-004,af_evidencia_factura_electronica_firmada,Flujo de factura electrónica,evidencia_recomendada,AF,4,AF-BAS-004,Redactar correos y comunicaciones profesionales,Redactar y archivar comunicaciones profesionales trazables.,"Curso completo de Google Drive: organizar, compartir y colaborar",Carlos Cortés Academy,https://www.youtube.com/watch?v=xBaRjZUVSgc,https://www.youtube-nocookie.com/embed/xBaRjZUVSgc?rel=0&enablejsapi=1&cc_load_policy=1,0,0,si,si,si,si,evidencia_entregada_y_criterio_superado,Asunto permite identificar la acción || Mensaje contiene datos y petición necesarios || Mantiene tono profesional y revisa adjuntos,Tres correos de casos administrativos,no,revisar_automaticamente_antes_de_publicar,2026-08-04
af_evidencia_factura_electronica_firmada__af-sim-001,af_evidencia_factura_electronica_firmada,Flujo de factura electrónica,evidencia_recomendada,AF,5,AF-SIM-001,Gestionar una empresa simulada de forma integrada,Simular facturación y operaciones de una empresa con trazabilidad.,Cómo crear una factura en Sage,Sage Customer Support,https://www.youtube.com/watch?v=HgbxbpwhKXs,https://www.youtube-nocookie.com/embed/HgbxbpwhKXs?rel=0&enablejsapi=1&cc_load_policy=1,0,0,si,si,si,si,evidencia_entregada_y_criterio_superado,Procesos mantienen trazabilidad entre departamentos || Documentación e importes cuadran || Se revisan resultados y se corrigen incidencias,Expediente anual de empresa simulada,no,revisar_automaticamente_antes_de_publicar,2026-08-04
af_evidencia_calendario_fiscal_pyme__af-jur-002,af_evidencia_calendario_fiscal_pyme,Calendario fiscal y checklist de cumplimiento,evidencia_recomendada,AF,1,AF-JUR-002,Preparar trámites de constitución y documentación oficial,Organizar expediente de constitución y controlar versiones y firmas.,"Curso completo de Google Drive: organizar, compartir y colaborar",Carlos Cortés Academy,https://www.youtube.com/watch?v=xBaRjZUVSgc,https://www.youtube-nocookie.com/embed/xBaRjZUVSgc?rel=0&enablejsapi=1&cc_load_policy=1,0,0,si,si,si,si,evidencia_entregada_y_criterio_superado,Ordena trámites y responsables || Completa modelos simulados sin datos incoherentes || Mantiene registro de presentación y plazo,Expediente ficticio de constitución o modificación,no,revisar_automaticamente_antes_de_publicar,2026-08-04
af_evidencia_calendario_fiscal_pyme__af-cli-002,af_evidencia_calendario_fiscal_pyme,Calendario fiscal y checklist de cumplimiento,evidencia_recomendada,AF,2,AF-CLI-002,Gestionar comunicaciones y archivo multicanal,"Archivar comunicaciones por expediente, canal, fecha y estado.","Curso completo de Google Drive: organizar, compartir y colaborar",Carlos Cortés Academy,https://www.youtube.com/watch?v=xBaRjZUVSgc,https://www.youtube-nocookie.com/embed/xBaRjZUVSgc?rel=0&enablejsapi=1&cc_load_policy=1,0,0,si,si,si,si,evidencia_entregada_y_criterio_superado,Clasifica cada comunicación || Mantiene plazos y responsables || Controla acceso y conservación,Registro de comunicaciones ficticio,no,revisar_automaticamente_antes_de_publicar,2026-08-04
af_evidencia_calendario_fiscal_pyme__af-con-001,af_evidencia_calendario_fiscal_pyme,Calendario fiscal y checklist de cumplimiento,evidencia_recomendada,AF,3,AF-CON-001,Completar el ciclo contable,"Recorrer documento, registro, mayor, cierre y comprobación.",Cómo crear una factura en Sage,Sage Customer Support,https://www.youtube.com/watch?v=HgbxbpwhKXs,https://www.youtube-nocookie.com/embed/HgbxbpwhKXs?rel=0&enablejsapi=1&cc_load_policy=1,0,0,si,si,si,si,evidencia_entregada_y_criterio_superado,Registra ajustes de fin de ejercicio || Calcula resultado y cierre || Prepara balance y cuenta de resultados coherentes,Caso contable completo,no,revisar_automaticamente_antes_de_publicar,2026-08-04
af_evidencia_calendario_fiscal_pyme__af-con-002,af_evidencia_calendario_fiscal_pyme,Calendario fiscal y checklist de cumplimiento,evidencia_recomendada,AF,4,AF-CON-002,Gestionar obligaciones fiscales básicas,"Comprender la trazabilidad fiscal de la facturación y preparar la revisión de bases, cuotas y periodos.",Así es VERI*FACTU,Agencia Tributaria,https://www.youtube.com/watch?v=jjwGyYH5ZSM,https://www.youtube-nocookie.com/embed/jjwGyYH5ZSM?rel=0&enablejsapi=1&cc_load_policy=1,0,0,si,si,si,si,evidencia_entregada_y_criterio_superado,"Clasifica operaciones y tipos del caso || Calcula liquidación simulada || Identifica modelo, periodo y documentación soporte",Liquidación fiscal ficticia y expediente,no,revisar_automaticamente_antes_de_publicar,2026-08-04
af_evidencia_calendario_fiscal_pyme__af-bas-005,af_evidencia_calendario_fiscal_pyme,Calendario fiscal y checklist de cumplimiento,evidencia_recomendada,AF,5,AF-BAS-005,"Proteger datos, credenciales y documentación",Configurar permisos y evitar exposición innecesaria de documentos.,"Curso completo de Google Drive: organizar, compartir y colaborar",Carlos Cortés Academy,https://www.youtube.com/watch?v=xBaRjZUVSgc,https://www.youtube-nocookie.com/embed/xBaRjZUVSgc?rel=0&enablejsapi=1&cc_load_policy=1,0,0,si,si,si,si,evidencia_entregada_y_criterio_superado,Detecta señales de fraude en dos correos || Aplica principio de mínimo acceso || Define procedimiento de envío y destrucción segura,Checklist de seguridad administrativa,no,revisar_automaticamente_antes_de_publicar,2026-08-04
af_evidencia_dashboard_financiero_power_bi__af-com-001,af_evidencia_dashboard_financiero_power_bi,Dashboard financiero en Power BI,evidencia_recomendada,AF,1,AF-COM-001,"Gestionar compras, ventas, facturas y cobros",Crear y revisar facturas de compra/venta y su trazabilidad.,Cómo crear una factura en Sage,Sage Customer Support,https://www.youtube.com/watch?v=HgbxbpwhKXs,https://www.youtube-nocookie.com/embed/HgbxbpwhKXs?rel=0&enablejsapi=1&cc_load_policy=1,0,0,si,si,si,si,evidencia_entregada_y_criterio_superado,"Documentos mantienen trazabilidad || Calcula bases, descuentos e impuestos || Registra vencimiento y forma de pago",Expediente completo de compra y venta,no,revisar_automaticamente_antes_de_publicar,2026-08-04
af_evidencia_dashboard_financiero_power_bi__af-fin-002,af_evidencia_dashboard_financiero_power_bi,Dashboard financiero en Power BI,evidencia_recomendada,AF,2,AF-FIN-002,"Gestionar tesorería, financiación y riesgo","Registrar bancos, conciliar movimientos y controlar tesorería.",Conexión bancaria y conciliación en Sage,Sage Customer Support,https://www.youtube.com/watch?v=EzTd4WfrDGE,https://www.youtube-nocookie.com/embed/EzTd4WfrDGE?rel=0&enablejsapi=1&cc_load_policy=1,0,0,si,si,si,si,evidencia_entregada_y_criterio_superado,"Elabora previsión de tesorería || Detecta déficit o excedente || Compara financiación por coste, plazo y riesgo",Presupuesto de tesorería y recomendación,no,revisar_automaticamente_antes_de_publicar,2026-08-04
af_evidencia_dashboard_financiero_power_bi__af-bi-001,af_evidencia_dashboard_financiero_power_bi,Dashboard financiero en Power BI,evidencia_recomendada,AF,3,AF-BI-001,Crear cuadros de mando administrativos y financieros,"Crear tabla dinámica, KPI y gráficos administrativos/financieros.",Curso completo de Excel,A2 Capacitación: Excel,https://www.youtube.com/watch?v=m8i4fMUCpK0,https://www.youtube-nocookie.com/embed/m8i4fMUCpK0?rel=0&enablejsapi=1&cc_load_policy=1&start=2107&end=3398,2107,3398,si,si,si,si,evidencia_entregada_y_criterio_superado,KPI tiene definición y fuente || Datos se actualizan de forma reproducible || El panel permite detectar una acción necesaria,"Dashboard de ingresos, gastos, tesorería y cobros",no,revisar_automaticamente_antes_de_publicar,2026-08-04
af_evidencia_dashboard_financiero_power_bi__af-prj-001,af_evidencia_dashboard_financiero_power_bi,Dashboard financiero en Power BI,evidencia_recomendada,AF,4,AF-PRJ-001,Diseñar una solución administrativa integral,"Diseñar una solución integrada de documentos, datos, control y reporting.",Curso completo de Excel,A2 Capacitación: Excel,https://www.youtube.com/watch?v=m8i4fMUCpK0,https://www.youtube-nocookie.com/embed/m8i4fMUCpK0?rel=0&enablejsapi=1&cc_load_policy=1,0,0,si,si,si,si,evidencia_entregada_y_criterio_superado,"Problema y alcance definidos || Proceso y documentación son completos || Incluye indicadores, seguridad y viabilidad","Memoria, plantillas, dashboard y presentación",no,revisar_automaticamente_antes_de_publicar,2026-08-04
af_evidencia_dashboard_financiero_power_bi__af-fin-001,af_evidencia_dashboard_financiero_power_bi,Dashboard financiero en Power BI,evidencia_recomendada,AF,5,AF-FIN-001,Aplicar cálculo financiero,"Aplicar interés, descuento, cuotas y comparación de alternativas.",Curso completo de Excel,A2 Capacitación: Excel,https://www.youtube.com/watch?v=m8i4fMUCpK0,https://www.youtube-nocookie.com/embed/m8i4fMUCpK0?rel=0&enablejsapi=1&cc_load_policy=1&start=980&end=1657,980,1657,si,si,si,si,evidencia_entregada_y_criterio_superado,Distingue tipo nominal y efectivo || Calcula cuotas o valor temporal || Explica supuestos y verifica resultados,Hoja de cálculo financiera,no,revisar_automaticamente_antes_de_publicar,2026-08-04
af_evidencia_plan_empresa_circe__af-jur-001,af_evidencia_plan_empresa_circe,Plan administrativo de creación de empresa,evidencia_recomendada,AF,1,AF-JUR-001,Distinguir formas jurídicas y órganos de la empresa,"Relacionar estructura de empresa, roles y responsabilidades en un sistema de gestión.",HubSpot CRM para principiantes,HubSpot Español,https://www.youtube.com/watch?v=RXbOwk1l2T8,https://www.youtube-nocookie.com/embed/RXbOwk1l2T8?rel=0&enablejsapi=1&cc_load_policy=1,0,0,si,si,si,si,evidencia_entregada_y_criterio_superado,Compara autónomo y sociedades habituales || Identifica órganos y responsabilidades || Justifica una forma para un caso sencillo,Tabla comparativa y recomendación,no,revisar_automaticamente_antes_de_publicar,2026-08-04
af_evidencia_plan_empresa_circe__af-jur-002,af_evidencia_plan_empresa_circe,Plan administrativo de creación de empresa,evidencia_recomendada,AF,2,AF-JUR-002,Preparar trámites de constitución y documentación oficial,Organizar expediente de constitución y controlar versiones y firmas.,"Curso completo de Google Drive: organizar, compartir y colaborar",Carlos Cortés Academy,https://www.youtube.com/watch?v=xBaRjZUVSgc,https://www.youtube-nocookie.com/embed/xBaRjZUVSgc?rel=0&enablejsapi=1&cc_load_policy=1,0,0,si,si,si,si,evidencia_entregada_y_criterio_superado,Ordena trámites y responsables || Completa modelos simulados sin datos incoherentes || Mantiene registro de presentación y plazo,Expediente ficticio de constitución o modificación,no,revisar_automaticamente_antes_de_publicar,2026-08-04
af_evidencia_plan_empresa_circe__af-rrhh-002,af_evidencia_plan_empresa_circe,Plan administrativo de creación de empresa,evidencia_recomendada,AF,3,AF-RRHH-002,"Aplicar responsabilidad social, igualdad y protección","Limitar datos, permisos y trazabilidad en información de personas.",HubSpot CRM para principiantes,HubSpot Español,https://www.youtube.com/watch?v=RXbOwk1l2T8,https://www.youtube-nocookie.com/embed/RXbOwk1l2T8?rel=0&enablejsapi=1&cc_load_policy=1,0,0,si,si,si,si,evidencia_entregada_y_criterio_superado,Identifica grupos afectados || Define medidas e indicadores || Evita recopilar o divulgar datos innecesarios,Política interna breve con indicadores,no,revisar_automaticamente_antes_de_publicar,2026-08-04
af_evidencia_plan_empresa_circe__af-fin-002,af_evidencia_plan_empresa_circe,Plan administrativo de creación de empresa,evidencia_recomendada,AF,4,AF-FIN-002,"Gestionar tesorería, financiación y riesgo","Registrar bancos, conciliar movimientos y controlar tesorería.",Conexión bancaria y conciliación en Sage,Sage Customer Support,https://www.youtube.com/watch?v=EzTd4WfrDGE,https://www.youtube-nocookie.com/embed/EzTd4WfrDGE?rel=0&enablejsapi=1&cc_load_policy=1,0,0,si,si,si,si,evidencia_entregada_y_criterio_superado,"Elabora previsión de tesorería || Detecta déficit o excedente || Compara financiación por coste, plazo y riesgo",Presupuesto de tesorería y recomendación,no,revisar_automaticamente_antes_de_publicar,2026-08-04
af_evidencia_plan_empresa_circe__af-emp-001,af_evidencia_plan_empresa_circe,Plan administrativo de creación de empresa,evidencia_recomendada,AF,5,AF-EMP-001,Preparar candidatura administrativa,"Organizar CV, títulos, certificados y evidencias administrativas.","Curso completo de Google Drive: organizar, compartir y colaborar",Carlos Cortés Academy,https://www.youtube.com/watch?v=xBaRjZUVSgc,https://www.youtube-nocookie.com/embed/xBaRjZUVSgc?rel=0&enablejsapi=1&cc_load_policy=1,0,0,si,si,si,si,evidencia_entregada_y_criterio_superado,"CV adaptado a un puesto || Portfolio con hoja, expediente y dashboard || Matriz de requisitos y documentación de tres ofertas","CV, portfolio y matriz de brechas",no,revisar_automaticamente_antes_de_publicar,2026-08-04
af_ies_fray_luis_granada__af-prj-001,af_ies_fray_luis_granada,IES Fray Luis de Granada,instituto,AF,1,AF-PRJ-001,Diseñar una solución administrativa integral,"Diseñar una solución integrada de documentos, datos, control y reporting.",Curso completo de Excel,A2 Capacitación: Excel,https://www.youtube.com/watch?v=m8i4fMUCpK0,https://www.youtube-nocookie.com/embed/m8i4fMUCpK0?rel=0&enablejsapi=1&cc_load_policy=1,0,0,si,si,si,si,evidencia_entregada_y_criterio_superado,"Problema y alcance definidos || Proceso y documentación son completos || Incluye indicadores, seguridad y viabilidad","Memoria, plantillas, dashboard y presentación",no,revisar_automaticamente_antes_de_publicar,2026-08-04
af_ies_fray_luis_granada__af-fin-001,af_ies_fray_luis_granada,IES Fray Luis de Granada,instituto,AF,2,AF-FIN-001,Aplicar cálculo financiero,"Aplicar interés, descuento, cuotas y comparación de alternativas.",Curso completo de Excel,A2 Capacitación: Excel,https://www.youtube.com/watch?v=m8i4fMUCpK0,https://www.youtube-nocookie.com/embed/m8i4fMUCpK0?rel=0&enablejsapi=1&cc_load_policy=1&start=980&end=1657,980,1657,si,si,si,si,evidencia_entregada_y_criterio_superado,Distingue tipo nominal y efectivo || Calcula cuotas o valor temporal || Explica supuestos y verifica resultados,Hoja de cálculo financiera,no,revisar_automaticamente_antes_de_publicar,2026-08-04
af_ies_fray_luis_granada__af-jur-002,af_ies_fray_luis_granada,IES Fray Luis de Granada,instituto,AF,3,AF-JUR-002,Preparar trámites de constitución y documentación oficial,Organizar expediente de constitución y controlar versiones y firmas.,"Curso completo de Google Drive: organizar, compartir y colaborar",Carlos Cortés Academy,https://www.youtube.com/watch?v=xBaRjZUVSgc,https://www.youtube-nocookie.com/embed/xBaRjZUVSgc?rel=0&enablejsapi=1&cc_load_policy=1,0,0,si,si,si,si,evidencia_entregada_y_criterio_superado,Ordena trámites y responsables || Completa modelos simulados sin datos incoherentes || Mantiene registro de presentación y plazo,Expediente ficticio de constitución o modificación,no,revisar_automaticamente_antes_de_publicar,2026-08-04
af_ies_fray_luis_granada__af-emp-001,af_ies_fray_luis_granada,IES Fray Luis de Granada,instituto,AF,4,AF-EMP-001,Preparar candidatura administrativa,"Organizar CV, títulos, certificados y evidencias administrativas.","Curso completo de Google Drive: organizar, compartir y colaborar",Carlos Cortés Academy,https://www.youtube.com/watch?v=xBaRjZUVSgc,https://www.youtube-nocookie.com/embed/xBaRjZUVSgc?rel=0&enablejsapi=1&cc_load_policy=1,0,0,si,si,si,si,evidencia_entregada_y_criterio_superado,"CV adaptado a un puesto || Portfolio con hoja, expediente y dashboard || Matriz de requisitos y documentación de tres ofertas","CV, portfolio y matriz de brechas",no,revisar_automaticamente_antes_de_publicar,2026-08-04
af_ies_fray_luis_granada__af-jur-001,af_ies_fray_luis_granada,IES Fray Luis de Granada,instituto,AF,5,AF-JUR-001,Distinguir formas jurídicas y órganos de la empresa,"Relacionar estructura de empresa, roles y responsabilidades en un sistema de gestión.",HubSpot CRM para principiantes,HubSpot Español,https://www.youtube.com/watch?v=RXbOwk1l2T8,https://www.youtube-nocookie.com/embed/RXbOwk1l2T8?rel=0&enablejsapi=1&cc_load_policy=1,0,0,si,si,si,si,evidencia_entregada_y_criterio_superado,Compara autónomo y sociedades habituales || Identifica órganos y responsabilidades || Justifica una forma para un caso sencillo,Tabla comparativa y recomendación,no,revisar_automaticamente_antes_de_publicar,2026-08-04
af_ies_luis_bueno_crespo_armilla__af-prj-001,af_ies_luis_bueno_crespo_armilla,IES Luis Bueno Crespo,instituto,AF,1,AF-PRJ-001,Diseñar una solución administrativa integral,"Diseñar una solución integrada de documentos, datos, control y reporting.",Curso completo de Excel,A2 Capacitación: Excel,https://www.youtube.com/watch?v=m8i4fMUCpK0,https://www.youtube-nocookie.com/embed/m8i4fMUCpK0?rel=0&enablejsapi=1&cc_load_policy=1,0,0,si,si,si,si,evidencia_entregada_y_criterio_superado,"Problema y alcance definidos || Proceso y documentación son completos || Incluye indicadores, seguridad y viabilidad","Memoria, plantillas, dashboard y presentación",no,revisar_automaticamente_antes_de_publicar,2026-08-04
af_ies_luis_bueno_crespo_armilla__af-fin-001,af_ies_luis_bueno_crespo_armilla,IES Luis Bueno Crespo,instituto,AF,2,AF-FIN-001,Aplicar cálculo financiero,"Aplicar interés, descuento, cuotas y comparación de alternativas.",Curso completo de Excel,A2 Capacitación: Excel,https://www.youtube.com/watch?v=m8i4fMUCpK0,https://www.youtube-nocookie.com/embed/m8i4fMUCpK0?rel=0&enablejsapi=1&cc_load_policy=1&start=980&end=1657,980,1657,si,si,si,si,evidencia_entregada_y_criterio_superado,Distingue tipo nominal y efectivo || Calcula cuotas o valor temporal || Explica supuestos y verifica resultados,Hoja de cálculo financiera,no,revisar_automaticamente_antes_de_publicar,2026-08-04
af_ies_luis_bueno_crespo_armilla__af-jur-002,af_ies_luis_bueno_crespo_armilla,IES Luis Bueno Crespo,instituto,AF,3,AF-JUR-002,Preparar trámites de constitución y documentación oficial,Organizar expediente de constitución y controlar versiones y firmas.,"Curso completo de Google Drive: organizar, compartir y colaborar",Carlos Cortés Academy,https://www.youtube.com/watch?v=xBaRjZUVSgc,https://www.youtube-nocookie.com/embed/xBaRjZUVSgc?rel=0&enablejsapi=1&cc_load_policy=1,0,0,si,si,si,si,evidencia_entregada_y_criterio_superado,Ordena trámites y responsables || Completa modelos simulados sin datos incoherentes || Mantiene registro de presentación y plazo,Expediente ficticio de constitución o modificación,no,revisar_automaticamente_antes_de_publicar,2026-08-04
af_ies_luis_bueno_crespo_armilla__af-emp-001,af_ies_luis_bueno_crespo_armilla,IES Luis Bueno Crespo,instituto,AF,4,AF-EMP-001,Preparar candidatura administrativa,"Organizar CV, títulos, certificados y evidencias administrativas.","Curso completo de Google Drive: organizar, compartir y colaborar",Carlos Cortés Academy,https://www.youtube.com/watch?v=xBaRjZUVSgc,https://www.youtube-nocookie.com/embed/xBaRjZUVSgc?rel=0&enablejsapi=1&cc_load_policy=1,0,0,si,si,si,si,evidencia_entregada_y_criterio_superado,"CV adaptado a un puesto || Portfolio con hoja, expediente y dashboard || Matriz de requisitos y documentación de tres ofertas","CV, portfolio y matriz de brechas",no,revisar_automaticamente_antes_de_publicar,2026-08-04
af_ies_luis_bueno_crespo_armilla__af-jur-001,af_ies_luis_bueno_crespo_armilla,IES Luis Bueno Crespo,instituto,AF,5,AF-JUR-001,Distinguir formas jurídicas y órganos de la empresa,"Relacionar estructura de empresa, roles y responsabilidades en un sistema de gestión.",HubSpot CRM para principiantes,HubSpot Español,https://www.youtube.com/watch?v=RXbOwk1l2T8,https://www.youtube-nocookie.com/embed/RXbOwk1l2T8?rel=0&enablejsapi=1&cc_load_policy=1,0,0,si,si,si,si,evidencia_entregada_y_criterio_superado,Compara autónomo y sociedades habituales || Identifica órganos y responsabilidades || Justifica una forma para un caso sencillo,Tabla comparativa y recomendación,no,revisar_automaticamente_antes_de_publicar,2026-08-04
af_ies_acci_guadix__af-prj-001,af_ies_acci_guadix,IES ACCI,instituto,AF,1,AF-PRJ-001,Diseñar una solución administrativa integral,"Diseñar una solución integrada de documentos, datos, control y reporting.",Curso completo de Excel,A2 Capacitación: Excel,https://www.youtube.com/watch?v=m8i4fMUCpK0,https://www.youtube-nocookie.com/embed/m8i4fMUCpK0?rel=0&enablejsapi=1&cc_load_policy=1,0,0,si,si,si,si,evidencia_entregada_y_criterio_superado,"Problema y alcance definidos || Proceso y documentación son completos || Incluye indicadores, seguridad y viabilidad","Memoria, plantillas, dashboard y presentación",no,revisar_automaticamente_antes_de_publicar,2026-08-04
af_ies_acci_guadix__af-fin-001,af_ies_acci_guadix,IES ACCI,instituto,AF,2,AF-FIN-001,Aplicar cálculo financiero,"Aplicar interés, descuento, cuotas y comparación de alternativas.",Curso completo de Excel,A2 Capacitación: Excel,https://www.youtube.com/watch?v=m8i4fMUCpK0,https://www.youtube-nocookie.com/embed/m8i4fMUCpK0?rel=0&enablejsapi=1&cc_load_policy=1&start=980&end=1657,980,1657,si,si,si,si,evidencia_entregada_y_criterio_superado,Distingue tipo nominal y efectivo || Calcula cuotas o valor temporal || Explica supuestos y verifica resultados,Hoja de cálculo financiera,no,revisar_automaticamente_antes_de_publicar,2026-08-04
af_ies_acci_guadix__af-jur-002,af_ies_acci_guadix,IES ACCI,instituto,AF,3,AF-JUR-002,Preparar trámites de constitución y documentación oficial,Organizar expediente de constitución y controlar versiones y firmas.,"Curso completo de Google Drive: organizar, compartir y colaborar",Carlos Cortés Academy,https://www.youtube.com/watch?v=xBaRjZUVSgc,https://www.youtube-nocookie.com/embed/xBaRjZUVSgc?rel=0&enablejsapi=1&cc_load_policy=1,0,0,si,si,si,si,evidencia_entregada_y_criterio_superado,Ordena trámites y responsables || Completa modelos simulados sin datos incoherentes || Mantiene registro de presentación y plazo,Expediente ficticio de constitución o modificación,no,revisar_automaticamente_antes_de_publicar,2026-08-04
af_ies_acci_guadix__af-emp-001,af_ies_acci_guadix,IES ACCI,instituto,AF,4,AF-EMP-001,Preparar candidatura administrativa,"Organizar CV, títulos, certificados y evidencias administrativas.","Curso completo de Google Drive: organizar, compartir y colaborar",Carlos Cortés Academy,https://www.youtube.com/watch?v=xBaRjZUVSgc,https://www.youtube-nocookie.com/embed/xBaRjZUVSgc?rel=0&enablejsapi=1&cc_load_policy=1,0,0,si,si,si,si,evidencia_entregada_y_criterio_superado,"CV adaptado a un puesto || Portfolio con hoja, expediente y dashboard || Matriz de requisitos y documentación de tres ofertas","CV, portfolio y matriz de brechas",no,revisar_automaticamente_antes_de_publicar,2026-08-04
af_ies_acci_guadix__af-jur-001,af_ies_acci_guadix,IES ACCI,instituto,AF,5,AF-JUR-001,Distinguir formas jurídicas y órganos de la empresa,"Relacionar estructura de empresa, roles y responsabilidades en un sistema de gestión.",HubSpot CRM para principiantes,HubSpot Español,https://www.youtube.com/watch?v=RXbOwk1l2T8,https://www.youtube-nocookie.com/embed/RXbOwk1l2T8?rel=0&enablejsapi=1&cc_load_policy=1,0,0,si,si,si,si,evidencia_entregada_y_criterio_superado,Compara autónomo y sociedades habituales || Identifica órganos y responsabilidades || Justifica una forma para un caso sencillo,Tabla comparativa y recomendación,no,revisar_automaticamente_antes_de_publicar,2026-08-04
af_ies_montes_orientales_iznalloz__af-prj-001,af_ies_montes_orientales_iznalloz,IES Montes Orientales,instituto,AF,1,AF-PRJ-001,Diseñar una solución administrativa integral,"Diseñar una solución integrada de documentos, datos, control y reporting.",Curso completo de Excel,A2 Capacitación: Excel,https://www.youtube.com/watch?v=m8i4fMUCpK0,https://www.youtube-nocookie.com/embed/m8i4fMUCpK0?rel=0&enablejsapi=1&cc_load_policy=1,0,0,si,si,si,si,evidencia_entregada_y_criterio_superado,"Problema y alcance definidos || Proceso y documentación son completos || Incluye indicadores, seguridad y viabilidad","Memoria, plantillas, dashboard y presentación",no,revisar_automaticamente_antes_de_publicar,2026-08-04
af_ies_montes_orientales_iznalloz__af-fin-001,af_ies_montes_orientales_iznalloz,IES Montes Orientales,instituto,AF,2,AF-FIN-001,Aplicar cálculo financiero,"Aplicar interés, descuento, cuotas y comparación de alternativas.",Curso completo de Excel,A2 Capacitación: Excel,https://www.youtube.com/watch?v=m8i4fMUCpK0,https://www.youtube-nocookie.com/embed/m8i4fMUCpK0?rel=0&enablejsapi=1&cc_load_policy=1&start=980&end=1657,980,1657,si,si,si,si,evidencia_entregada_y_criterio_superado,Distingue tipo nominal y efectivo || Calcula cuotas o valor temporal || Explica supuestos y verifica resultados,Hoja de cálculo financiera,no,revisar_automaticamente_antes_de_publicar,2026-08-04
af_ies_montes_orientales_iznalloz__af-jur-002,af_ies_montes_orientales_iznalloz,IES Montes Orientales,instituto,AF,3,AF-JUR-002,Preparar trámites de constitución y documentación oficial,Organizar expediente de constitución y controlar versiones y firmas.,"Curso completo de Google Drive: organizar, compartir y colaborar",Carlos Cortés Academy,https://www.youtube.com/watch?v=xBaRjZUVSgc,https://www.youtube-nocookie.com/embed/xBaRjZUVSgc?rel=0&enablejsapi=1&cc_load_policy=1,0,0,si,si,si,si,evidencia_entregada_y_criterio_superado,Ordena trámites y responsables || Completa modelos simulados sin datos incoherentes || Mantiene registro de presentación y plazo,Expediente ficticio de constitución o modificación,no,revisar_automaticamente_antes_de_publicar,2026-08-04
af_ies_montes_orientales_iznalloz__af-emp-001,af_ies_montes_orientales_iznalloz,IES Montes Orientales,instituto,AF,4,AF-EMP-001,Preparar candidatura administrativa,"Organizar CV, títulos, certificados y evidencias administrativas.","Curso completo de Google Drive: organizar, compartir y colaborar",Carlos Cortés Academy,https://www.youtube.com/watch?v=xBaRjZUVSgc,https://www.youtube-nocookie.com/embed/xBaRjZUVSgc?rel=0&enablejsapi=1&cc_load_policy=1,0,0,si,si,si,si,evidencia_entregada_y_criterio_superado,"CV adaptado a un puesto || Portfolio con hoja, expediente y dashboard || Matriz de requisitos y documentación de tres ofertas","CV, portfolio y matriz de brechas",no,revisar_automaticamente_antes_de_publicar,2026-08-04
af_ies_montes_orientales_iznalloz__af-jur-001,af_ies_montes_orientales_iznalloz,IES Montes Orientales,instituto,AF,5,AF-JUR-001,Distinguir formas jurídicas y órganos de la empresa,"Relacionar estructura de empresa, roles y responsabilidades en un sistema de gestión.",HubSpot CRM para principiantes,HubSpot Español,https://www.youtube.com/watch?v=RXbOwk1l2T8,https://www.youtube-nocookie.com/embed/RXbOwk1l2T8?rel=0&enablejsapi=1&cc_load_policy=1,0,0,si,si,si,si,evidencia_entregada_y_criterio_superado,Compara autónomo y sociedades habituales || Identifica órganos y responsabilidades || Justifica una forma para un caso sencillo,Tabla comparativa y recomendación,no,revisar_automaticamente_antes_de_publicar,2026-08-04
af_ies_pedro_jimenez_montoya_baza_2026__af-prj-001,af_ies_pedro_jimenez_montoya_baza_2026,IES Pedro Jiménez Montoya,instituto,AF,1,AF-PRJ-001,Diseñar una solución administrativa integral,"Diseñar una solución integrada de documentos, datos, control y reporting.",Curso completo de Excel,A2 Capacitación: Excel,https://www.youtube.com/watch?v=m8i4fMUCpK0,https://www.youtube-nocookie.com/embed/m8i4fMUCpK0?rel=0&enablejsapi=1&cc_load_policy=1,0,0,si,si,si,si,evidencia_entregada_y_criterio_superado,"Problema y alcance definidos || Proceso y documentación son completos || Incluye indicadores, seguridad y viabilidad","Memoria, plantillas, dashboard y presentación",no,revisar_automaticamente_antes_de_publicar,2026-08-04
af_ies_pedro_jimenez_montoya_baza_2026__af-fin-001,af_ies_pedro_jimenez_montoya_baza_2026,IES Pedro Jiménez Montoya,instituto,AF,2,AF-FIN-001,Aplicar cálculo financiero,"Aplicar interés, descuento, cuotas y comparación de alternativas.",Curso completo de Excel,A2 Capacitación: Excel,https://www.youtube.com/watch?v=m8i4fMUCpK0,https://www.youtube-nocookie.com/embed/m8i4fMUCpK0?rel=0&enablejsapi=1&cc_load_policy=1&start=980&end=1657,980,1657,si,si,si,si,evidencia_entregada_y_criterio_superado,Distingue tipo nominal y efectivo || Calcula cuotas o valor temporal || Explica supuestos y verifica resultados,Hoja de cálculo financiera,no,revisar_automaticamente_antes_de_publicar,2026-08-04
af_ies_pedro_jimenez_montoya_baza_2026__af-jur-002,af_ies_pedro_jimenez_montoya_baza_2026,IES Pedro Jiménez Montoya,instituto,AF,3,AF-JUR-002,Preparar trámites de constitución y documentación oficial,Organizar expediente de constitución y controlar versiones y firmas.,"Curso completo de Google Drive: organizar, compartir y colaborar",Carlos Cortés Academy,https://www.youtube.com/watch?v=xBaRjZUVSgc,https://www.youtube-nocookie.com/embed/xBaRjZUVSgc?rel=0&enablejsapi=1&cc_load_policy=1,0,0,si,si,si,si,evidencia_entregada_y_criterio_superado,Ordena trámites y responsables || Completa modelos simulados sin datos incoherentes || Mantiene registro de presentación y plazo,Expediente ficticio de constitución o modificación,no,revisar_automaticamente_antes_de_publicar,2026-08-04
af_ies_pedro_jimenez_montoya_baza_2026__af-emp-001,af_ies_pedro_jimenez_montoya_baza_2026,IES Pedro Jiménez Montoya,instituto,AF,4,AF-EMP-001,Preparar candidatura administrativa,"Organizar CV, títulos, certificados y evidencias administrativas.","Curso completo de Google Drive: organizar, compartir y colaborar",Carlos Cortés Academy,https://www.youtube.com/watch?v=xBaRjZUVSgc,https://www.youtube-nocookie.com/embed/xBaRjZUVSgc?rel=0&enablejsapi=1&cc_load_policy=1,0,0,si,si,si,si,evidencia_entregada_y_criterio_superado,"CV adaptado a un puesto || Portfolio con hoja, expediente y dashboard || Matriz de requisitos y documentación de tres ofertas","CV, portfolio y matriz de brechas",no,revisar_automaticamente_antes_de_publicar,2026-08-04
af_ies_pedro_jimenez_montoya_baza_2026__af-jur-001,af_ies_pedro_jimenez_montoya_baza_2026,IES Pedro Jiménez Montoya,instituto,AF,5,AF-JUR-001,Distinguir formas jurídicas y órganos de la empresa,"Relacionar estructura de empresa, roles y responsabilidades en un sistema de gestión.",HubSpot CRM para principiantes,HubSpot Español,https://www.youtube.com/watch?v=RXbOwk1l2T8,https://www.youtube-nocookie.com/embed/RXbOwk1l2T8?rel=0&enablejsapi=1&cc_load_policy=1,0,0,si,si,si,si,evidencia_entregada_y_criterio_superado,Compara autónomo y sociedades habituales || Identifica órganos y responsabilidades || Justifica una forma para un caso sencillo,Tabla comparativa y recomendación,no,revisar_automaticamente_antes_de_publicar,2026-08-04
af_camara_comercio_granada_entidad__af-jur-001,af_camara_comercio_granada_entidad,Cámara de Comercio de Granada,instituto,AF,1,AF-JUR-001,Distinguir formas jurídicas y órganos de la empresa,"Relacionar estructura de empresa, roles y responsabilidades en un sistema de gestión.",HubSpot CRM para principiantes,HubSpot Español,https://www.youtube.com/watch?v=RXbOwk1l2T8,https://www.youtube-nocookie.com/embed/RXbOwk1l2T8?rel=0&enablejsapi=1&cc_load_policy=1,0,0,si,si,si,si,evidencia_entregada_y_criterio_superado,Compara autónomo y sociedades habituales || Identifica órganos y responsabilidades || Justifica una forma para un caso sencillo,Tabla comparativa y recomendación,no,revisar_automaticamente_antes_de_publicar,2026-08-04
af_camara_comercio_granada_entidad__af-rrhh-002,af_camara_comercio_granada_entidad,Cámara de Comercio de Granada,instituto,AF,2,AF-RRHH-002,"Aplicar responsabilidad social, igualdad y protección","Limitar datos, permisos y trazabilidad en información de personas.",HubSpot CRM para principiantes,HubSpot Español,https://www.youtube.com/watch?v=RXbOwk1l2T8,https://www.youtube-nocookie.com/embed/RXbOwk1l2T8?rel=0&enablejsapi=1&cc_load_policy=1,0,0,si,si,si,si,evidencia_entregada_y_criterio_superado,Identifica grupos afectados || Define medidas e indicadores || Evita recopilar o divulgar datos innecesarios,Política interna breve con indicadores,no,revisar_automaticamente_antes_de_publicar,2026-08-04
af_camara_comercio_granada_entidad__af-emp-001,af_camara_comercio_granada_entidad,Cámara de Comercio de Granada,instituto,AF,3,AF-EMP-001,Preparar candidatura administrativa,"Organizar CV, títulos, certificados y evidencias administrativas.","Curso completo de Google Drive: organizar, compartir y colaborar",Carlos Cortés Academy,https://www.youtube.com/watch?v=xBaRjZUVSgc,https://www.youtube-nocookie.com/embed/xBaRjZUVSgc?rel=0&enablejsapi=1&cc_load_policy=1,0,0,si,si,si,si,evidencia_entregada_y_criterio_superado,"CV adaptado a un puesto || Portfolio con hoja, expediente y dashboard || Matriz de requisitos y documentación de tres ofertas","CV, portfolio y matriz de brechas",no,revisar_automaticamente_antes_de_publicar,2026-08-04
af_camara_comercio_granada_entidad__af-sim-001,af_camara_comercio_granada_entidad,Cámara de Comercio de Granada,instituto,AF,4,AF-SIM-001,Gestionar una empresa simulada de forma integrada,Simular facturación y operaciones de una empresa con trazabilidad.,Cómo crear una factura en Sage,Sage Customer Support,https://www.youtube.com/watch?v=HgbxbpwhKXs,https://www.youtube-nocookie.com/embed/HgbxbpwhKXs?rel=0&enablejsapi=1&cc_load_policy=1,0,0,si,si,si,si,evidencia_entregada_y_criterio_superado,Procesos mantienen trazabilidad entre departamentos || Documentación e importes cuadran || Se revisan resultados y se corrigen incidencias,Expediente anual de empresa simulada,no,revisar_automaticamente_antes_de_publicar,2026-08-04
af_camara_comercio_granada_entidad__af-prj-001,af_camara_comercio_granada_entidad,Cámara de Comercio de Granada,instituto,AF,5,AF-PRJ-001,Diseñar una solución administrativa integral,"Diseñar una solución integrada de documentos, datos, control y reporting.",Curso completo de Excel,A2 Capacitación: Excel,https://www.youtube.com/watch?v=m8i4fMUCpK0,https://www.youtube-nocookie.com/embed/m8i4fMUCpK0?rel=0&enablejsapi=1&cc_load_policy=1,0,0,si,si,si,si,evidencia_entregada_y_criterio_superado,"Problema y alcance definidos || Proceso y documentación son completos || Incluye indicadores, seguridad y viabilidad","Memoria, plantillas, dashboard y presentación",no,revisar_automaticamente_antes_de_publicar,2026-08-04
af_cade_granada__af-emp-001,af_cade_granada,CADE Granada,instituto,AF,1,AF-EMP-001,Preparar candidatura administrativa,"Organizar CV, títulos, certificados y evidencias administrativas.","Curso completo de Google Drive: organizar, compartir y colaborar",Carlos Cortés Academy,https://www.youtube.com/watch?v=xBaRjZUVSgc,https://www.youtube-nocookie.com/embed/xBaRjZUVSgc?rel=0&enablejsapi=1&cc_load_policy=1,0,0,si,si,si,si,evidencia_entregada_y_criterio_superado,"CV adaptado a un puesto || Portfolio con hoja, expediente y dashboard || Matriz de requisitos y documentación de tres ofertas","CV, portfolio y matriz de brechas",no,revisar_automaticamente_antes_de_publicar,2026-08-04
af_cade_granada__af-jur-001,af_cade_granada,CADE Granada,instituto,AF,2,AF-JUR-001,Distinguir formas jurídicas y órganos de la empresa,"Relacionar estructura de empresa, roles y responsabilidades en un sistema de gestión.",HubSpot CRM para principiantes,HubSpot Español,https://www.youtube.com/watch?v=RXbOwk1l2T8,https://www.youtube-nocookie.com/embed/RXbOwk1l2T8?rel=0&enablejsapi=1&cc_load_policy=1,0,0,si,si,si,si,evidencia_entregada_y_criterio_superado,Compara autónomo y sociedades habituales || Identifica órganos y responsabilidades || Justifica una forma para un caso sencillo,Tabla comparativa y recomendación,no,revisar_automaticamente_antes_de_publicar,2026-08-04
af_diputacion_granada_aula_mentor__af-bas-002,af_diputacion_granada_aula_mentor,Aula Mentor de la Diputación de Granada,instituto,AF,1,AF-BAS-002,Escribir con precisión y usar funciones básicas de Office,"Crear, nombrar, compartir y controlar documentos de oficina.","Curso completo de Google Drive: organizar, compartir y colaborar",Carlos Cortés Academy,https://www.youtube.com/watch?v=xBaRjZUVSgc,https://www.youtube-nocookie.com/embed/xBaRjZUVSgc?rel=0&enablejsapi=1&cc_load_policy=1,0,0,si,si,si,si,evidencia_entregada_y_criterio_superado,Redacta un documento con estilos y tabla || Crea una hoja con fórmulas simples || Exporta correctamente a PDF,"Pack de documento, hoja y presentación",no,revisar_automaticamente_antes_de_publicar,2026-08-04
af_diputacion_granada_aula_mentor__af-prj-001,af_diputacion_granada_aula_mentor,Aula Mentor de la Diputación de Granada,instituto,AF,2,AF-PRJ-001,Diseñar una solución administrativa integral,"Diseñar una solución integrada de documentos, datos, control y reporting.",Curso completo de Excel,A2 Capacitación: Excel,https://www.youtube.com/watch?v=m8i4fMUCpK0,https://www.youtube-nocookie.com/embed/m8i4fMUCpK0?rel=0&enablejsapi=1&cc_load_policy=1,0,0,si,si,si,si,evidencia_entregada_y_criterio_superado,"Problema y alcance definidos || Proceso y documentación son completos || Incluye indicadores, seguridad y viabilidad","Memoria, plantillas, dashboard y presentación",no,revisar_automaticamente_antes_de_publicar,2026-08-04
af_diputacion_granada_aula_mentor__af-jur-002,af_diputacion_granada_aula_mentor,Aula Mentor de la Diputación de Granada,instituto,AF,3,AF-JUR-002,Preparar trámites de constitución y documentación oficial,Organizar expediente de constitución y controlar versiones y firmas.,"Curso completo de Google Drive: organizar, compartir y colaborar",Carlos Cortés Academy,https://www.youtube.com/watch?v=xBaRjZUVSgc,https://www.youtube-nocookie.com/embed/xBaRjZUVSgc?rel=0&enablejsapi=1&cc_load_policy=1,0,0,si,si,si,si,evidencia_entregada_y_criterio_superado,Ordena trámites y responsables || Completa modelos simulados sin datos incoherentes || Mantiene registro de presentación y plazo,Expediente ficticio de constitución o modificación,no,revisar_automaticamente_antes_de_publicar,2026-08-04
af_diputacion_granada_aula_mentor__af-emp-001,af_diputacion_granada_aula_mentor,Aula Mentor de la Diputación de Granada,instituto,AF,4,AF-EMP-001,Preparar candidatura administrativa,"Organizar CV, títulos, certificados y evidencias administrativas.","Curso completo de Google Drive: organizar, compartir y colaborar",Carlos Cortés Academy,https://www.youtube.com/watch?v=xBaRjZUVSgc,https://www.youtube-nocookie.com/embed/xBaRjZUVSgc?rel=0&enablejsapi=1&cc_load_policy=1,0,0,si,si,si,si,evidencia_entregada_y_criterio_superado,"CV adaptado a un puesto || Portfolio con hoja, expediente y dashboard || Matriz de requisitos y documentación de tres ofertas","CV, portfolio y matriz de brechas",no,revisar_automaticamente_antes_de_publicar,2026-08-04
af_diputacion_granada_aula_mentor__af-jur-001,af_diputacion_granada_aula_mentor,Aula Mentor de la Diputación de Granada,instituto,AF,5,AF-JUR-001,Distinguir formas jurídicas y órganos de la empresa,"Relacionar estructura de empresa, roles y responsabilidades en un sistema de gestión.",HubSpot CRM para principiantes,HubSpot Español,https://www.youtube.com/watch?v=RXbOwk1l2T8,https://www.youtube-nocookie.com/embed/RXbOwk1l2T8?rel=0&enablejsapi=1&cc_load_policy=1,0,0,si,si,si,si,evidencia_entregada_y_criterio_superado,Compara autónomo y sociedades habituales || Identifica órganos y responsabilidades || Justifica una forma para un caso sencillo,Tabla comparativa y recomendación,no,revisar_automaticamente_antes_de_publicar,2026-08-04
