skill_id,titulo,descripcion,horas_estimadas,criterios_superacion,evidencia_minima,umbral_superacion,aplicable_a,fuente_titulo_url,fuente_curriculo_url,tipo_criterio,ultima_revision
BAS-001,"Gestionar archivos, carpetas y copias de seguridad","Organiza proyectos, descargas y documentos sin perder versiones ni credenciales.",3,Crea una estructura de carpetas coherente para tres proyectos || Comprime y descomprime archivos y localiza extensiones || Recupera una copia anterior o explica cómo restaurarla,Captura o vídeo corto de la estructura y procedimiento de copia,3 de 3 criterios sin ayuda crítica,formación|proyecto|empleo|oportunidad,https://www.juntadeandalucia.es/educacion/portals/web/formacion-profesional-andaluza/cf-grado-superior-detalle-titulo?backURL=%2Feducacion%2Fportals%2Fweb%2Fformacion-profesional-andaluza%2Fgrado-superior-catalogo-de-titulos&idTitulo=2292,https://www.juntadeandalucia.es/boja/2011/149/23,criterio_operativo_AL_LIO_alineado_al_modulo,2026-08-04
BAS-002,Usar terminal y comandos esenciales,"Navega, crea, mueve y elimina archivos desde terminal y entiende rutas absolutas y relativas.",5,"Se desplaza entre directorios sin interfaz gráfica || Crea, copia, mueve y elimina archivos de prueba || Explica ruta absoluta, relativa y permisos básicos",Registro de terminal con 10 comandos comentados,80 % de comandos correctos,formación|proyecto|empleo|oportunidad,https://www.juntadeandalucia.es/educacion/portals/web/formacion-profesional-andaluza/cf-grado-superior-detalle-titulo?backURL=%2Feducacion%2Fportals%2Fweb%2Fformacion-profesional-andaluza%2Fgrado-superior-catalogo-de-titulos&idTitulo=2292,https://www.juntadeandalucia.es/boja/2011/149/23,criterio_operativo_AL_LIO_alineado_al_modulo,2026-08-04
BAS-003,Resolver problemas mediante algoritmos simples,"Descompone un problema en entradas, proceso, decisiones, repeticiones y salida.",8,Redacta pseudocódigo de tres problemas cotidianos || Identifica condiciones y bucles necesarios || Prueba casos normales y casos límite,Documento con tres algoritmos y tabla de pruebas,Al menos 2 algoritmos correctos y probados,formación|proyecto|empleo|oportunidad,https://www.juntadeandalucia.es/educacion/portals/web/formacion-profesional-andaluza/cf-grado-superior-detalle-titulo?backURL=%2Feducacion%2Fportals%2Fweb%2Fformacion-profesional-andaluza%2Fgrado-superior-catalogo-de-titulos&idTitulo=2292,https://www.juntadeandalucia.es/boja/2011/149/23,criterio_operativo_AL_LIO_alineado_al_modulo,2026-08-04
BAS-004,Comprender cómo funciona una aplicación conectada,"Distingue cliente, servidor, red, DNS, HTTP, API, base de datos y despliegue.",5,"Dibuja el recorrido de una petición desde navegador o app hasta servidor || Diferencia frontend, backend y base de datos || Interpreta códigos HTTP comunes y una URL",Diagrama comentado de una aplicación sencilla,80 % de conceptos correctamente relacionados,formación|proyecto|empleo|oportunidad,https://www.juntadeandalucia.es/educacion/portals/web/formacion-profesional-andaluza/cf-grado-superior-detalle-titulo?backURL=%2Feducacion%2Fportals%2Fweb%2Fformacion-profesional-andaluza%2Fgrado-superior-catalogo-de-titulos&idTitulo=2292,https://www.juntadeandalucia.es/boja/2011/149/23,criterio_operativo_AL_LIO_alineado_al_modulo,2026-08-04
BAS-005,Documentar errores y aprender mediante práctica,"Registra hipótesis, pruebas, errores, soluciones y fuentes consultadas.",3,Crea una plantilla de diario técnico || Documenta un error con pasos para reproducirlo || Distingue una fuente primaria de una explicación secundaria,Entrada de diario técnico con error resuelto,"Incluye problema, causa, solución y aprendizaje",formación|proyecto|empleo|oportunidad,https://www.juntadeandalucia.es/educacion/portals/web/formacion-profesional-andaluza/cf-grado-superior-detalle-titulo?backURL=%2Feducacion%2Fportals%2Fweb%2Fformacion-profesional-andaluza%2Fgrado-superior-catalogo-de-titulos&idTitulo=2292,https://www.juntadeandalucia.es/boja/2011/149/23,criterio_operativo_AL_LIO_alineado_al_modulo,2026-08-04
SI-001,Instalar y configurar un sistema de trabajo,"Configura usuarios, almacenamiento, software, actualizaciones y un entorno reproducible.",14,"Instala o configura una máquina virtual o entorno equivalente || Crea usuarios y aplica actualizaciones || Documenta requisitos, red y almacenamiento",Guía de instalación reproducible con capturas,Se reproduce sin pasos omitidos críticos,formación|proyecto|empleo|oportunidad,https://www.juntadeandalucia.es/educacion/portals/web/formacion-profesional-andaluza/cf-grado-superior-detalle-titulo?backURL=%2Feducacion%2Fportals%2Fweb%2Fformacion-profesional-andaluza%2Fgrado-superior-catalogo-de-titulos&idTitulo=2292,https://www.juntadeandalucia.es/boja/2011/149/23,criterio_operativo_AL_LIO_alineado_al_modulo,2026-08-04
SI-002,Aplicar red y seguridad básica,"Comprende IP, puertos, servicios, permisos, usuarios, copias y secretos.",12,"Configura una red local o servicio accesible de forma controlada || Diferencia autenticación, autorización y cifrado || Evita publicar secretos y define una estrategia de copia",Checklist de seguridad aplicado a un entorno de prueba,Sin exposición de credenciales ni permisos inseguros graves,formación|proyecto|empleo|oportunidad,https://www.juntadeandalucia.es/educacion/portals/web/formacion-profesional-andaluza/cf-grado-superior-detalle-titulo?backURL=%2Feducacion%2Fportals%2Fweb%2Fformacion-profesional-andaluza%2Fgrado-superior-catalogo-de-titulos&idTitulo=2292,https://www.juntadeandalucia.es/boja/2011/149/23,criterio_operativo_AL_LIO_alineado_al_modulo,2026-08-04
BD-001,Modelar datos relacionales,"Transforma requisitos en entidades, atributos, relaciones, claves y restricciones.",18,"Identifica entidades y relaciones de un caso || Normaliza hasta un diseño razonable || Define claves primarias, foráneas y restricciones",Diagrama entidad-relación y modelo relacional,Modelo sin relaciones ambiguas ni dependencias evidentes,formación|proyecto|empleo|oportunidad,https://www.juntadeandalucia.es/educacion/portals/web/formacion-profesional-andaluza/cf-grado-superior-detalle-titulo?backURL=%2Feducacion%2Fportals%2Fweb%2Fformacion-profesional-andaluza%2Fgrado-superior-catalogo-de-titulos&idTitulo=2292,https://www.juntadeandalucia.es/boja/2011/149/23,criterio_operativo_AL_LIO_alineado_al_modulo,2026-08-04
BD-002,Crear y consultar una base de datos con SQL,"Implementa tablas y resuelve consultas de selección, agregación y combinación.",24,"Crea tablas con tipos y restricciones correctas || Realiza CRUD y consultas con JOIN || Usa agregaciones, filtros y ordenación sobre datos coherentes",Script SQL ejecutable con datos de prueba y 12 consultas,Al menos 10 consultas correctas,formación|proyecto|empleo|oportunidad,https://www.juntadeandalucia.es/educacion/portals/web/formacion-profesional-andaluza/cf-grado-superior-detalle-titulo?backURL=%2Feducacion%2Fportals%2Fweb%2Fformacion-profesional-andaluza%2Fgrado-superior-catalogo-de-titulos&idTitulo=2292,https://www.juntadeandalucia.es/boja/2011/149/23,criterio_operativo_AL_LIO_alineado_al_modulo,2026-08-04
BD-003,"Mantener integridad, transacciones y acceso seguro","Gestiona transacciones, usuarios, permisos, copias y errores de persistencia.",14,Demuestra una transacción con confirmación y reversión || Crea un usuario con privilegios mínimos || Realiza y verifica una copia y restauración de prueba,Script y registro de una restauración controlada,Los datos se restauran y los permisos son mínimos,formación|proyecto|empleo|oportunidad,https://www.juntadeandalucia.es/educacion/portals/web/formacion-profesional-andaluza/cf-grado-superior-detalle-titulo?backURL=%2Feducacion%2Fportals%2Fweb%2Fformacion-profesional-andaluza%2Fgrado-superior-catalogo-de-titulos&idTitulo=2292,https://www.juntadeandalucia.es/boja/2011/149/23,criterio_operativo_AL_LIO_alineado_al_modulo,2026-08-04
PRO-001,"Programar con variables, decisiones y bucles","Construye programas de consola con entrada, validación, control de flujo y salida.",28,Usa tipos de datos y operadores adecuados || Resuelve decisiones y repeticiones sin bucles infinitos || Valida entradas y prueba casos límite,Tres programas de consola con casos de prueba,80 % de casos de prueba superados,formación|proyecto|empleo|oportunidad,https://www.juntadeandalucia.es/educacion/portals/web/formacion-profesional-andaluza/cf-grado-superior-detalle-titulo?backURL=%2Feducacion%2Fportals%2Fweb%2Fformacion-profesional-andaluza%2Fgrado-superior-catalogo-de-titulos&idTitulo=2292,https://www.juntadeandalucia.es/boja/2011/149/23,criterio_operativo_AL_LIO_alineado_al_modulo,2026-08-04
PRO-002,Diseñar funciones y trabajar con colecciones,"Divide el problema en funciones, maneja arrays o colecciones y evita duplicación.",24,"Separa responsabilidades en funciones pequeñas || Recorre y transforma colecciones correctamente || Gestiona búsquedas, ordenación o agregación básica",Aplicación de consola modular con colección de objetos o datos,Código sin duplicación relevante y pruebas mínimas,formación|proyecto|empleo|oportunidad,https://www.juntadeandalucia.es/educacion/portals/web/formacion-profesional-andaluza/cf-grado-superior-detalle-titulo?backURL=%2Feducacion%2Fportals%2Fweb%2Fformacion-profesional-andaluza%2Fgrado-superior-catalogo-de-titulos&idTitulo=2292,https://www.juntadeandalucia.es/boja/2011/149/23,criterio_operativo_AL_LIO_alineado_al_modulo,2026-08-04
PRO-003,Aplicar programación orientada a objetos,"Modela clases, encapsula estado, usa composición, herencia solo cuando aporta valor e interfaces.",32,Define clases con responsabilidades claras || Protege invariantes mediante encapsulación || Usa composición o interfaces y justifica el diseño,Proyecto orientado a objetos con diagrama y README,Cumple requisitos funcionales y no expone estado crítico,formación|proyecto|empleo|oportunidad,https://www.juntadeandalucia.es/educacion/portals/web/formacion-profesional-andaluza/cf-grado-superior-detalle-titulo?backURL=%2Feducacion%2Fportals%2Fweb%2Fformacion-profesional-andaluza%2Fgrado-superior-catalogo-de-titulos&idTitulo=2292,https://www.juntadeandalucia.es/boja/2011/149/23,criterio_operativo_AL_LIO_alineado_al_modulo,2026-08-04
PRO-004,"Gestionar errores, ficheros y pruebas","Controla excepciones, persiste información simple y escribe pruebas automatizadas básicas.",24,Maneja errores sin ocultarlos ni bloquear la aplicación || Lee y escribe datos de forma segura || Incluye pruebas para lógica importante y casos límite,Repositorio con pruebas y tratamiento de errores,Pruebas principales en verde y errores documentados,formación|proyecto|empleo|oportunidad,https://www.juntadeandalucia.es/educacion/portals/web/formacion-profesional-andaluza/cf-grado-superior-detalle-titulo?backURL=%2Feducacion%2Fportals%2Fweb%2Fformacion-profesional-andaluza%2Fgrado-superior-catalogo-de-titulos&idTitulo=2292,https://www.juntadeandalucia.es/boja/2011/149/23,criterio_operativo_AL_LIO_alineado_al_modulo,2026-08-04
LM-001,Estructurar información con lenguajes de marcas,"Crea documentos HTML, XML o JSON válidos, bien estructurados y transformables.",16,"Usa estructura semántica y validable || Diferencia HTML, XML y JSON y sus casos de uso || Interpreta o genera datos estructurados",Conjunto de documentos validados y ejemplo de consumo,Sin errores estructurales graves,formación|proyecto|empleo|oportunidad,https://www.juntadeandalucia.es/educacion/portals/web/formacion-profesional-andaluza/cf-grado-superior-detalle-titulo?backURL=%2Feducacion%2Fportals%2Fweb%2Fformacion-profesional-andaluza%2Fgrado-superior-catalogo-de-titulos&idTitulo=2292,https://www.juntadeandalucia.es/boja/2011/149/23,criterio_operativo_AL_LIO_alineado_al_modulo,2026-08-04
LM-002,Presentar información de forma responsive,"Aplica CSS, layout, tipografía y adaptación a móvil con una jerarquía clara.",20,"Construye un layout con Flexbox o Grid || Se adapta a móvil, tableta y escritorio || Mantiene contraste, legibilidad y consistencia visual",Landing responsive publicada o capturas multiformato,Sin desbordes y con jerarquía visual comprensible,formación|proyecto|empleo|oportunidad,https://www.juntadeandalucia.es/educacion/portals/web/formacion-profesional-andaluza/cf-grado-superior-detalle-titulo?backURL=%2Feducacion%2Fportals%2Fweb%2Fformacion-profesional-andaluza%2Fgrado-superior-catalogo-de-titulos&idTitulo=2292,https://www.juntadeandalucia.es/boja/2011/149/23,criterio_operativo_AL_LIO_alineado_al_modulo,2026-08-04
ED-001,Usar Git y un flujo de trabajo colaborativo,"Versiona código con commits útiles, ramas, pull requests y resolución básica de conflictos.",16,Crea repositorio y commits atómicos con mensajes claros || Trabaja en una rama y abre un pull request || Resuelve un conflicto sencillo sin perder trabajo,"Repositorio con historial, rama y pull request",Historial comprensible y PR revisable,formación|proyecto|empleo|oportunidad,https://www.juntadeandalucia.es/educacion/portals/web/formacion-profesional-andaluza/cf-grado-superior-detalle-titulo?backURL=%2Feducacion%2Fportals%2Fweb%2Fformacion-profesional-andaluza%2Fgrado-superior-catalogo-de-titulos&idTitulo=2292,https://www.juntadeandalucia.es/boja/2011/149/23,criterio_operativo_AL_LIO_alineado_al_modulo,2026-08-04
ED-002,"Depurar, automatizar y mantener calidad","Configura IDE, formateo, análisis estático, pruebas y una integración continua básica.",18,Usa puntos de ruptura e inspección de variables || Configura formato o lint reproducible || Ejecuta pruebas automáticamente en cada cambio relevante,Repositorio con configuración y workflow de pruebas,Pipeline correcto y error reproducible cuando falla una prueba,formación|proyecto|empleo|oportunidad,https://www.juntadeandalucia.es/educacion/portals/web/formacion-profesional-andaluza/cf-grado-superior-detalle-titulo?backURL=%2Feducacion%2Fportals%2Fweb%2Fformacion-profesional-andaluza%2Fgrado-superior-catalogo-de-titulos&idTitulo=2292,https://www.juntadeandalucia.es/boja/2011/149/23,criterio_operativo_AL_LIO_alineado_al_modulo,2026-08-04
DIG-001,"Analizar digitalización, datos e IA de forma responsable","Identifica procesos digitalizables, riesgos, métricas y límites de automatización o IA.",10,"Modela un proceso antes y después de digitalizarlo || Identifica datos, riesgos y controles || Justifica cuándo una automatización o IA aporta valor",Mapa de proceso y ficha de riesgos,"Problema, datos, impacto y controles claramente definidos",formación|proyecto|empleo|oportunidad,https://www.juntadeandalucia.es/educacion/portals/web/formacion-profesional-andaluza/cf-grado-superior-detalle-titulo?backURL=%2Feducacion%2Fportals%2Fweb%2Fformacion-profesional-andaluza%2Fgrado-superior-catalogo-de-titulos&idTitulo=2292,https://www.juntadeandalucia.es/boja/2011/149/23,criterio_operativo_AL_LIO_alineado_al_modulo,2026-08-04
SUS-001,Aplicar sostenibilidad al desarrollo y operación,"Evalúa consumo, ciclo de vida, accesibilidad, mantenimiento y reducción de desperdicio digital.",8,Identifica impactos ambientales y sociales de una solución || Propone medidas medibles de mejora || Incluye mantenimiento y fin de vida de datos o infraestructura,Checklist de sostenibilidad aplicado a un proyecto,Incluye al menos 3 mejoras verificables,formación|proyecto|empleo|oportunidad,https://www.juntadeandalucia.es/educacion/portals/web/formacion-profesional-andaluza/cf-grado-superior-detalle-titulo?backURL=%2Feducacion%2Fportals%2Fweb%2Fformacion-profesional-andaluza%2Fgrado-superior-catalogo-de-titulos&idTitulo=2292,https://www.juntadeandalucia.es/boja/2011/149/23,criterio_operativo_AL_LIO_alineado_al_modulo,2026-08-04
ENG-001,Leer y comunicar información técnica en inglés,"Comprende documentación, incidencias y mensajes técnicos y redacta textos breves profesionales.",16,Resume documentación técnica en español || Redacta un issue o README breve en inglés || Explica oralmente una incidencia o decisión técnica,README o issue bilingüe,Mensaje comprensible sin errores que impidan la acción,formación|proyecto|empleo|oportunidad,https://www.juntadeandalucia.es/educacion/portals/web/formacion-profesional-andaluza/cf-grado-superior-detalle-titulo?backURL=%2Feducacion%2Fportals%2Fweb%2Fformacion-profesional-andaluza%2Fgrado-superior-catalogo-de-titulos&idTitulo=2292,https://www.juntadeandalucia.es/boja/2011/149/23,criterio_operativo_AL_LIO_alineado_al_modulo,2026-08-04
EMP-001,Preparar perfil profesional y candidatura,"Presenta proyectos, adapta CV, analiza ofertas y trabaja con comunicación profesional.",16,CV adaptado a un puesto concreto || Perfil GitHub o portfolio con dos evidencias explicadas || Matriz de requisitos y brechas de tres ofertas,"CV, perfil y matriz de brechas",Documentos actualizados y adaptados a un objetivo real,empleo|prácticas|beca|formación_en_empresa,https://www.juntadeandalucia.es/educacion/portals/web/formacion-profesional-andaluza/cf-grado-superior-detalle-titulo?backURL=%2Feducacion%2Fportals%2Fweb%2Fformacion-profesional-andaluza%2Fgrado-superior-catalogo-de-titulos&idTitulo=2292,https://www.juntadeandalucia.es/boja/2011/149/23,criterio_operativo_AL_LIO_alineado_al_modulo,2026-08-04
PRJ-001,Planificar y entregar un proyecto integrador,"Define problema, alcance, requisitos, arquitectura, datos, pruebas, despliegue y documentación.",50,"El alcance y los criterios de aceptación están definidos || La solución funciona y está versionada || Incluye pruebas, documentación y una demo reproducible","Repositorio, demo, README, pruebas y presentación",Cumple criterios de aceptación y se reproduce desde cero,proyecto|hackathon|portfolio|formación_en_empresa,https://www.juntadeandalucia.es/educacion/portals/web/formacion-profesional-andaluza/cf-grado-superior-detalle-titulo?backURL=%2Feducacion%2Fportals%2Fweb%2Fformacion-profesional-andaluza%2Fgrado-superior-catalogo-de-titulos&idTitulo=2292,https://www.juntadeandalucia.es/boja/2011/149/23,criterio_operativo_AL_LIO_alineado_al_modulo,2026-08-04
PRJ-002,Presentar y defender una solución,"Expone problema, usuario, decisiones, demo, resultados, límites y siguientes pasos.",8,Pitch de 3 a 5 minutos con estructura || Demo sin depender de pasos improvisados || Responde preguntas técnicas y reconoce límites,Vídeo de pitch o presentación en directo,"Mensaje claro, demo funcional y respuestas coherentes",hackathon|evento|proyecto|entrevista,https://www.juntadeandalucia.es/educacion/portals/web/formacion-profesional-andaluza/cf-grado-superior-detalle-titulo?backURL=%2Feducacion%2Fportals%2Fweb%2Fformacion-profesional-andaluza%2Fgrado-superior-catalogo-de-titulos&idTitulo=2292,https://www.juntadeandalucia.es/boja/2011/149/23,criterio_operativo_AL_LIO_alineado_al_modulo,2026-08-04
DAW-CLI-001,Programar interacción con JavaScript en el navegador,"Manipula DOM, eventos, formularios, módulos y almacenamiento local sin acoplamiento innecesario.",28,Manipula contenido y eventos sin recargas innecesarias || Valida formularios y muestra errores accesibles || Organiza código en módulos y evita variables globales,Aplicación web interactiva con formularios y estado local,Flujo principal y errores controlados,formación|proyecto|empleo|oportunidad,https://www.juntadeandalucia.es/educacion/portals/web/formacion-profesional-andaluza/cf-grado-superior-detalle-titulo?backURL=%2Feducacion%2Fportals%2Fweb%2Fformacion-profesional-andaluza%2Fgrado-superior-catalogo-de-titulos&idTitulo=2292,https://www.juntadeandalucia.es/boja/2011/149/23,criterio_operativo_AL_LIO_alineado_al_modulo,2026-08-04
DAW-CLI-002,Consumir APIs y gestionar asincronía,"Realiza peticiones HTTP, controla carga, error y cancelación y transforma respuestas.",24,"Consume una API con estados de carga, éxito y error || Valida y transforma la respuesta antes de mostrarla || Evita exponer claves y documenta límites de la API",Cliente web conectado a una API pública o propia,Todos los estados visibles y errores recuperables,formación|proyecto|empleo|oportunidad,https://www.juntadeandalucia.es/educacion/portals/web/formacion-profesional-andaluza/cf-grado-superior-detalle-titulo?backURL=%2Feducacion%2Fportals%2Fweb%2Fformacion-profesional-andaluza%2Fgrado-superior-catalogo-de-titulos&idTitulo=2292,https://www.juntadeandalucia.es/boja/2011/149/23,criterio_operativo_AL_LIO_alineado_al_modulo,2026-08-04
DAW-CLI-003,Construir interfaces basadas en componentes,"Divide la interfaz en componentes, gestiona estado y navegación y evita duplicación.",30,Los componentes tienen responsabilidades claras || El estado se ubica en el nivel adecuado || La navegación y formularios mantienen consistencia,Aplicación de varias vistas con componentes reutilizables,Flujos principales sin estado incoherente,formación|proyecto|empleo|oportunidad,https://www.juntadeandalucia.es/educacion/portals/web/formacion-profesional-andaluza/cf-grado-superior-detalle-titulo?backURL=%2Feducacion%2Fportals%2Fweb%2Fformacion-profesional-andaluza%2Fgrado-superior-catalogo-de-titulos&idTitulo=2292,https://www.juntadeandalucia.es/boja/2011/149/23,criterio_operativo_AL_LIO_alineado_al_modulo,2026-08-04
DAW-SRV-001,"Crear rutas, validación y lógica de servidor","Implementa endpoints o controladores, valida datos y separa presentación, negocio y persistencia.",30,Define rutas y métodos HTTP coherentes || Valida entrada en servidor y devuelve errores útiles || Separa reglas de negocio de acceso a datos,Backend con CRUD validado y documentación de endpoints,Casos correctos e incorrectos probados,formación|proyecto|empleo|oportunidad,https://www.juntadeandalucia.es/educacion/portals/web/formacion-profesional-andaluza/cf-grado-superior-detalle-titulo?backURL=%2Feducacion%2Fportals%2Fweb%2Fformacion-profesional-andaluza%2Fgrado-superior-catalogo-de-titulos&idTitulo=2292,https://www.juntadeandalucia.es/boja/2011/149/23,criterio_operativo_AL_LIO_alineado_al_modulo,2026-08-04
DAW-SRV-002,Implementar autenticación y autorización seguras,"Gestiona identidad, sesiones o tokens, roles, contraseñas y protección de rutas.",24,"Las contraseñas no se almacenan en claro || Las rutas verifican identidad y permisos || Se controlan sesión, expiración y errores sin filtrar secretos","Aplicación con login, roles y pruebas de acceso",Un usuario no autorizado no accede a recursos protegidos,formación|proyecto|empleo|oportunidad,https://www.juntadeandalucia.es/educacion/portals/web/formacion-profesional-andaluza/cf-grado-superior-detalle-titulo?backURL=%2Feducacion%2Fportals%2Fweb%2Fformacion-profesional-andaluza%2Fgrado-superior-catalogo-de-titulos&idTitulo=2292,https://www.juntadeandalucia.es/boja/2011/149/23,criterio_operativo_AL_LIO_alineado_al_modulo,2026-08-04
DAW-SRV-003,Persistir datos y exponer una API mantenible,"Integra base de datos, migraciones, transacciones, paginación y documentación de API.",30,"Usa migraciones o scripts reproducibles || Gestiona relaciones y transacciones críticas || Documenta contrato, paginación y errores",API persistente con esquema y colección de pruebas,Datos consistentes y contrato reproducible,formación|proyecto|empleo|oportunidad,https://www.juntadeandalucia.es/educacion/portals/web/formacion-profesional-andaluza/cf-grado-superior-detalle-titulo?backURL=%2Feducacion%2Fportals%2Fweb%2Fformacion-profesional-andaluza%2Fgrado-superior-catalogo-de-titulos&idTitulo=2292,https://www.juntadeandalucia.es/boja/2011/149/23,criterio_operativo_AL_LIO_alineado_al_modulo,2026-08-04
DAW-DEP-001,Desplegar una aplicación web con configuración segura,"Configura dominio, HTTPS, variables de entorno, servidor y observabilidad básica.",24,La aplicación es accesible por HTTPS || Los secretos se gestionan fuera del repositorio || Existe procedimiento de despliegue y reversión,URL de demo y guía de despliegue,Despliegue reproducible sin secretos expuestos,formación|proyecto|empleo|oportunidad,https://www.juntadeandalucia.es/educacion/portals/web/formacion-profesional-andaluza/cf-grado-superior-detalle-titulo?backURL=%2Feducacion%2Fportals%2Fweb%2Fformacion-profesional-andaluza%2Fgrado-superior-catalogo-de-titulos&idTitulo=2292,https://www.juntadeandalucia.es/boja/2011/149/23,criterio_operativo_AL_LIO_alineado_al_modulo,2026-08-04
DAW-DEP-002,Contenerizar y automatizar entrega,"Crea contenedores, servicios relacionados y pipeline de construcción, pruebas y despliegue.",24,La aplicación se inicia con un comando documentado || Los servicios usan configuración y volúmenes coherentes || El pipeline bloquea una entrega con pruebas fallidas,"Dockerfile, compose y workflow CI",Build limpio y arranque reproducible,formación|proyecto|empleo|oportunidad,https://www.juntadeandalucia.es/educacion/portals/web/formacion-profesional-andaluza/cf-grado-superior-detalle-titulo?backURL=%2Feducacion%2Fportals%2Fweb%2Fformacion-profesional-andaluza%2Fgrado-superior-catalogo-de-titulos&idTitulo=2292,https://www.juntadeandalucia.es/boja/2011/149/23,criterio_operativo_AL_LIO_alineado_al_modulo,2026-08-04
DAW-UI-001,Diseñar experiencias usables y coherentes,"Define arquitectura de información, componentes, estados y navegación centrados en tareas.",22,"La jerarquía permite completar la tarea principal || Contempla estados vacío, carga, error y éxito || Usa patrones y componentes consistentes",Prototipo y pantalla implementada con estados,Prueba con al menos 3 tareas sin bloqueo crítico,formación|proyecto|empleo|oportunidad,https://www.juntadeandalucia.es/educacion/portals/web/formacion-profesional-andaluza/cf-grado-superior-detalle-titulo?backURL=%2Feducacion%2Fportals%2Fweb%2Fformacion-profesional-andaluza%2Fgrado-superior-catalogo-de-titulos&idTitulo=2292,https://www.juntadeandalucia.es/boja/2011/149/23,criterio_operativo_AL_LIO_alineado_al_modulo,2026-08-04
DAW-UI-002,Aplicar accesibilidad web verificable,"Usa HTML semántico, teclado, foco, etiquetas, contraste y mensajes comprensibles.",18,Toda interacción esencial funciona con teclado || Formularios e imágenes tienen alternativas adecuadas || Contraste y foco cumplen una revisión automatizada y manual,Informe de auditoría y correcciones,Sin barreras críticas en flujo principal,formación|proyecto|empleo|oportunidad,https://www.juntadeandalucia.es/educacion/portals/web/formacion-profesional-andaluza/cf-grado-superior-detalle-titulo?backURL=%2Feducacion%2Fportals%2Fweb%2Fformacion-profesional-andaluza%2Fgrado-superior-catalogo-de-titulos&idTitulo=2292,https://www.juntadeandalucia.es/boja/2011/149/23,criterio_operativo_AL_LIO_alineado_al_modulo,2026-08-04
DAW-UI-003,"Optimizar rendimiento, SEO técnico y compatibilidad","Reduce peso y bloqueos, usa metadatos, rutas rastreables y pruebas en navegadores.",18,Optimiza imágenes y carga de recursos || Incluye metadatos y estructura indexable cuando procede || Comprueba rendimiento y compatibilidad del flujo principal,Informe antes/después con métricas y cambios,Mejora medible y ausencia de errores críticos,formación|proyecto|empleo|oportunidad,https://www.juntadeandalucia.es/educacion/portals/web/formacion-profesional-andaluza/cf-grado-superior-detalle-titulo?backURL=%2Feducacion%2Fportals%2Fweb%2Fformacion-profesional-andaluza%2Fgrado-superior-catalogo-de-titulos&idTitulo=2292,https://www.juntadeandalucia.es/boja/2011/149/23,criterio_operativo_AL_LIO_alineado_al_modulo,2026-08-04
DAM-AD-001,Conectar aplicaciones a bases de datos,"Implementa conexiones, consultas parametrizadas, mapeo y gestión de recursos.",26,Usa consultas parametrizadas o mecanismo equivalente || Libera recursos y gestiona errores de acceso || Mapea datos sin mezclar responsabilidades,Aplicación CRUD conectada a base de datos,CRUD completo sin inyección ni fugas evidentes,formación|proyecto|empleo|oportunidad,https://www.juntadeandalucia.es/educacion/portals/web/formacion-profesional-andaluza/cf-grado-superior-detalle-titulo?backURL=%2Feducacion%2Fportales%2Fweb%2Fformacion-profesional-andaluza%2Fgrado-superior-catalogo-de-titulos&idTitulo=2291,https://www.juntadeandalucia.es/boja/2011/142/20,criterio_operativo_AL_LIO_alineado_al_modulo,2026-08-04
DAM-AD-002,Gestionar persistencia avanzada y migraciones,"Trabaja con ORM, relaciones, transacciones, repositorios y evolución del esquema.",26,Define relaciones y consultas sin cargas innecesarias || Aplica migraciones reproducibles || Protege operaciones críticas con transacciones,"Proyecto con migraciones, repositorios y pruebas",Migración y rollback probados sobre datos de prueba,formación|proyecto|empleo|oportunidad,https://www.juntadeandalucia.es/educacion/portals/web/formacion-profesional-andaluza/cf-grado-superior-detalle-titulo?backURL=%2Feducacion%2Fportales%2Fweb%2Fformacion-profesional-andaluza%2Fgrado-superior-catalogo-de-titulos&idTitulo=2291,https://www.juntadeandalucia.es/boja/2011/142/20,criterio_operativo_AL_LIO_alineado_al_modulo,2026-08-04
DAM-UI-001,Construir interfaces de escritorio o multiplataforma,"Diseña ventanas, componentes, navegación, formularios y estados con separación de responsabilidades.",30,"La interfaz mantiene estado coherente || Valida datos y comunica errores || Separa vista, lógica y datos mediante un patrón reconocible",Aplicación de escritorio o multiplataforma con varias vistas,Flujo principal completo y sin bloqueos,formación|proyecto|empleo|oportunidad,https://www.juntadeandalucia.es/educacion/portals/web/formacion-profesional-andaluza/cf-grado-superior-detalle-titulo?backURL=%2Feducacion%2Fportales%2Fweb%2Fformacion-profesional-andaluza%2Fgrado-superior-catalogo-de-titulos&idTitulo=2291,https://www.juntadeandalucia.es/boja/2011/142/20,criterio_operativo_AL_LIO_alineado_al_modulo,2026-08-04
DAM-UI-002,"Aplicar usabilidad, accesibilidad y empaquetado","Evalúa navegación, atajos, mensajes, adaptación y entrega instalable.",18,La aplicación puede usarse con navegación coherente y atajos básicos || Los mensajes permiten corregir errores || Genera un paquete o distribución reproducible,Prueba de usabilidad y artefacto instalable,Tres tareas completadas sin error crítico,formación|proyecto|empleo|oportunidad,https://www.juntadeandalucia.es/educacion/portals/web/formacion-profesional-andaluza/cf-grado-superior-detalle-titulo?backURL=%2Feducacion%2Fportales%2Fweb%2Fformacion-profesional-andaluza%2Fgrado-superior-catalogo-de-titulos&idTitulo=2291,https://www.juntadeandalucia.es/boja/2011/142/20,criterio_operativo_AL_LIO_alineado_al_modulo,2026-08-04
DAM-MOB-001,Crear una aplicación móvil con navegación y estado,"Construye pantallas, navegación, estado, recursos y ciclo de vida en una plataforma móvil.",34,Implementa varias pantallas y navegación || Gestiona estado y ciclo de vida sin pérdida inesperada || Adapta recursos a tamaños y orientaciones,APK o build de prueba con vídeo de uso,Flujos principales funcionan en emulador y dispositivo de prueba,formación|proyecto|empleo|oportunidad,https://www.juntadeandalucia.es/educacion/portals/web/formacion-profesional-andaluza/cf-grado-superior-detalle-titulo?backURL=%2Feducacion%2Fportales%2Fweb%2Fformacion-profesional-andaluza%2Fgrado-superior-catalogo-de-titulos&idTitulo=2291,https://www.juntadeandalucia.es/boja/2011/142/20,criterio_operativo_AL_LIO_alineado_al_modulo,2026-08-04
DAM-MOB-002,"Integrar datos, red y capacidades del dispositivo","Consume APIs, persiste datos y usa permisos o sensores con control de privacidad.",28,"Gestiona conectividad, carga y error || Solicita únicamente permisos necesarios || Mantiene datos locales y sincronización coherente",Aplicación móvil conectada con modo degradado,Sin permisos excesivos ni pérdida de datos en casos probados,formación|proyecto|empleo|oportunidad,https://www.juntadeandalucia.es/educacion/portals/web/formacion-profesional-andaluza/cf-grado-superior-detalle-titulo?backURL=%2Feducacion%2Fportales%2Fweb%2Fformacion-profesional-andaluza%2Fgrado-superior-catalogo-de-titulos&idTitulo=2291,https://www.juntadeandalucia.es/boja/2011/142/20,criterio_operativo_AL_LIO_alineado_al_modulo,2026-08-04
DAM-SP-001,Programar procesos concurrentes de forma segura,"Usa hilos, tareas, sincronización y cancelación evitando bloqueos y condiciones de carrera.",24,"Distingue proceso, hilo y tarea || Sincroniza recursos compartidos justificadamente || Gestiona cancelación, errores y cierre",Programa concurrente con pruebas de carga básica,Sin bloqueos reproducibles ni pérdida de resultados,formación|proyecto|empleo|oportunidad,https://www.juntadeandalucia.es/educacion/portals/web/formacion-profesional-andaluza/cf-grado-superior-detalle-titulo?backURL=%2Feducacion%2Fportales%2Fweb%2Fformacion-profesional-andaluza%2Fgrado-superior-catalogo-de-titulos&idTitulo=2291,https://www.juntadeandalucia.es/boja/2011/142/20,criterio_operativo_AL_LIO_alineado_al_modulo,2026-08-04
DAM-SP-002,Crear servicios de red y comunicación entre aplicaciones,Implementa comunicación cliente-servidor o mensajería con protocolos y errores definidos.,24,Define protocolo o contrato de mensajes || Controla desconexiones y entradas inválidas || Protege datos sensibles en tránsito cuando procede,Cliente y servidor documentados con pruebas,Comunicación estable en casos normales y errores probados,formación|proyecto|empleo|oportunidad,https://www.juntadeandalucia.es/educacion/portals/web/formacion-profesional-andaluza/cf-grado-superior-detalle-titulo?backURL=%2Feducacion%2Fportales%2Fweb%2Fformacion-profesional-andaluza%2Fgrado-superior-catalogo-de-titulos&idTitulo=2291,https://www.juntadeandalucia.es/boja/2011/142/20,criterio_operativo_AL_LIO_alineado_al_modulo,2026-08-04
DAM-ERP-001,Comprender e implantar procesos ERP y CRM,"Modela procesos de negocio y configura módulos, usuarios, permisos y datos maestros.",24,"Representa un proceso empresarial y sus datos || Configura usuarios, roles y flujo básico en un ERP o CRM || Documenta adaptación sin modificar innecesariamente el núcleo",Caso de implantación con proceso y configuración,Flujo completo registrado con roles correctos,formación|proyecto|empleo|oportunidad,https://www.juntadeandalucia.es/educacion/portals/web/formacion-profesional-andaluza/cf-grado-superior-detalle-titulo?backURL=%2Feducacion%2Fportales%2Fweb%2Fformacion-profesional-andaluza%2Fgrado-superior-catalogo-de-titulos&idTitulo=2291,https://www.juntadeandalucia.es/boja/2011/142/20,criterio_operativo_AL_LIO_alineado_al_modulo,2026-08-04
DAM-ERP-002,Extender e integrar un sistema empresarial,"Personaliza informes, automatizaciones o módulos y conecta datos con sistemas externos.",26,"Implementa una extensión aislada y documentada || Integra datos con validación y trazabilidad || Mantiene permisos, actualización y reversión",Módulo o integración de prueba en repositorio,"Instalación, uso y desinstalación documentados",formación|proyecto|empleo|oportunidad,https://www.juntadeandalucia.es/educacion/portals/web/formacion-profesional-andaluza/cf-grado-superior-detalle-titulo?backURL=%2Feducacion%2Fportales%2Fweb%2Fformacion-profesional-andaluza%2Fgrado-superior-catalogo-de-titulos&idTitulo=2291,https://www.juntadeandalucia.es/boja/2011/142/20,criterio_operativo_AL_LIO_alineado_al_modulo,2026-08-04
DAM-ARC-001,Diseñar una arquitectura multiplataforma mantenible,"Selecciona capas, módulos, interfaces, almacenamiento y estrategia de pruebas según requisitos.",24,Las dependencias entre capas están justificadas || Los componentes críticos tienen pruebas || La arquitectura admite cambio de interfaz o persistencia con impacto limitado,"Diagrama de arquitectura, ADR y prueba de concepto",Decisiones trazables y dependencias controladas,formación|proyecto|empleo|oportunidad,https://www.juntadeandalucia.es/educacion/portals/web/formacion-profesional-andaluza/cf-grado-superior-detalle-titulo?backURL=%2Feducacion%2Fportales%2Fweb%2Fformacion-profesional-andaluza%2Fgrado-superior-catalogo-de-titulos&idTitulo=2291,https://www.juntadeandalucia.es/boja/2011/142/20,criterio_operativo_AL_LIO_alineado_al_modulo,2026-08-04
TSAF-BAS-001,"Organizar archivos, formularios y hojas de cálculo","Gestiona documentos de usuarios, sesiones, registros y copias con orden y confidencialidad.",5,Crea una estructura de carpetas por usuario y programa ficticio || Registra datos en una hoja sin duplicados || Explica cómo protege y elimina información sensible,Plantilla organizada con datos ficticios,3 de 3 criterios y sin datos reales,formación|proyecto|empleo|oportunidad,https://www.juntadeandalucia.es/educacion/portals/web/formacion-profesional-andaluza/cf-grado-superior-detalle-titulo?backURL=%2Feducacion%2Fportales%2Fweb%2Fformacion-profesional-andaluza%2Fgrado-superior-catalogo-de-titulos&idTitulo=2491,https://www.juntadeandalucia.es/boja/2018/144/25,criterio_operativo_AL_LIO_alineado_al_modulo,2026-08-04
TSAF-BAS-002,Reconocer anatomía y movimientos fundamentales,"Identifica planos, ejes, articulaciones, grupos musculares y patrones de movimiento básicos.",12,"Identifica articulaciones y grupos musculares en 10 ejercicios || Relaciona plano y eje con movimientos comunes || Distingue patrón de sentadilla, bisagra, empuje, tracción y locomoción",Ficha visual de 10 ejercicios,80 % de identificaciones correctas,formación|proyecto|empleo|oportunidad,https://www.juntadeandalucia.es/educacion/portals/web/formacion-profesional-andaluza/cf-grado-superior-detalle-titulo?backURL=%2Feducacion%2Fportales%2Fweb%2Fformacion-profesional-andaluza%2Fgrado-superior-catalogo-de-titulos&idTitulo=2491,https://www.juntadeandalucia.es/boja/2018/144/25,criterio_operativo_AL_LIO_alineado_al_modulo,2026-08-04
TSAF-BAS-003,Comprender respuestas básicas al ejercicio,"Distingue frecuencia cardiaca, intensidad, fatiga, recuperación, adaptación y señales de alarma.",10,Explica respuesta aguda y adaptación crónica || Calcula zonas orientativas sin presentarlas como diagnóstico || Reconoce señales para detener actividad y derivar,Resumen aplicado a tres perfiles ficticios,Sin recomendaciones clínicas fuera de competencia,formación|proyecto|empleo|oportunidad,https://www.juntadeandalucia.es/educacion/portals/web/formacion-profesional-andaluza/cf-grado-superior-detalle-titulo?backURL=%2Feducacion%2Fportales%2Fweb%2Fformacion-profesional-andaluza%2Fgrado-superior-catalogo-de-titulos&idTitulo=2491,https://www.juntadeandalucia.es/boja/2018/144/25,criterio_operativo_AL_LIO_alineado_al_modulo,2026-08-04
TSAF-BAS-004,Comunicar instrucciones de forma clara y segura,"Da consignas breves, comprueba comprensión y adapta lenguaje a la persona.",6,"Explica un ejercicio en menos de 60 segundos || Incluye objetivo, ejecución, respiración y error principal || Comprueba comprensión mediante demostración",Vídeo de instrucción de dos ejercicios,Consigna comprensible y sin indicaciones inseguras,formación|proyecto|empleo|oportunidad,https://www.juntadeandalucia.es/educacion/portals/web/formacion-profesional-andaluza/cf-grado-superior-detalle-titulo?backURL=%2Feducacion%2Fportales%2Fweb%2Fformacion-profesional-andaluza%2Fgrado-superior-catalogo-de-titulos&idTitulo=2491,https://www.juntadeandalucia.es/boja/2018/144/25,criterio_operativo_AL_LIO_alineado_al_modulo,2026-08-04
TSAF-BAS-005,"Distinguir alcance profesional, derivación y consentimiento","Reconoce límites del TSAF, evita diagnóstico y obtiene consentimiento para datos, imágenes y pruebas.",5,"Diferencia entrenamiento, valoración funcional y diagnóstico clínico || Identifica cuándo detener y derivar || Usa un consentimiento sencillo para grabación o datos",Checklist de límites y consentimiento ficticio,Sin invadir competencias sanitarias,formación|proyecto|empleo|oportunidad,https://www.juntadeandalucia.es/educacion/portals/web/formacion-profesional-andaluza/cf-grado-superior-detalle-titulo?backURL=%2Feducacion%2Fportales%2Fweb%2Fformacion-profesional-andaluza%2Fgrado-superior-catalogo-de-titulos&idTitulo=2491,https://www.juntadeandalucia.es/boja/2018/144/25,criterio_operativo_AL_LIO_alineado_al_modulo,2026-08-04
TSAF-VAL-001,Realizar entrevista inicial y cribado básico,"Recoge objetivos, experiencia, disponibilidad, antecedentes declarados y señales que requieren derivación.",14,Formula preguntas relevantes sin convertirlas en historia clínica || Identifica riesgos y contraindicaciones declaradas || Documenta consentimiento y límites,Formulario inicial ficticio y decisión razonada,Todos los riesgos críticos tratados,formación|proyecto|empleo|oportunidad,https://www.juntadeandalucia.es/educacion/portals/web/formacion-profesional-andaluza/cf-grado-superior-detalle-titulo?backURL=%2Feducacion%2Fportales%2Fweb%2Fformacion-profesional-andaluza%2Fgrado-superior-catalogo-de-titulos&idTitulo=2491,https://www.juntadeandalucia.es/boja/2018/144/25,criterio_operativo_AL_LIO_alineado_al_modulo,2026-08-04
TSAF-VAL-002,Aplicar pruebas básicas de condición física,"Selecciona y ejecuta pruebas de fuerza, resistencia, movilidad y composición dentro de protocolos.",24,"Elige pruebas coherentes con objetivo y perfil || Estandariza calentamiento, material y registro || Interpreta resultados sin diagnosticar",Informe de batería de pruebas con datos ficticios o propios,Protocolo reproducible y conclusiones prudentes,formación|proyecto|empleo|oportunidad,https://www.juntadeandalucia.es/educacion/portals/web/formacion-profesional-andaluza/cf-grado-superior-detalle-titulo?backURL=%2Feducacion%2Fportales%2Fweb%2Fformacion-profesional-andaluza%2Fgrado-superior-catalogo-de-titulos&idTitulo=2491,https://www.juntadeandalucia.es/boja/2018/144/25,criterio_operativo_AL_LIO_alineado_al_modulo,2026-08-04
TSAF-VAL-003,Registrar y analizar evolución,"Organiza datos, compara mediciones y comunica tendencias con incertidumbre.",14,"Calcula cambios y tendencias correctamente || Diferencia medición, interpretación y recomendación || Presenta datos comprensibles para la persona usuaria",Dashboard o informe de evolución,Cálculos correctos y sin promesas no justificadas,formación|proyecto|empleo|oportunidad,https://www.juntadeandalucia.es/educacion/portals/web/formacion-profesional-andaluza/cf-grado-superior-detalle-titulo?backURL=%2Feducacion%2Fportales%2Fweb%2Fformacion-profesional-andaluza%2Fgrado-superior-catalogo-de-titulos&idTitulo=2491,https://www.juntadeandalucia.es/boja/2018/144/25,criterio_operativo_AL_LIO_alineado_al_modulo,2026-08-04
TSAF-AUX-001,Actuar ante una emergencia y activar ayuda,"Aplica conducta PAS, valoración inicial, llamada a emergencias y actuación básica hasta relevo.",14,Protege la escena y evita riesgos añadidos || Activa ayuda con información completa || Mantiene actuación dentro de formación y protocolo,Simulación guiada de tres escenarios,Secuencia correcta sin omitir activación de emergencias,formación|proyecto|empleo|oportunidad,https://www.juntadeandalucia.es/educacion/portals/web/formacion-profesional-andaluza/cf-grado-superior-detalle-titulo?backURL=%2Feducacion%2Fportales%2Fweb%2Fformacion-profesional-andaluza%2Fgrado-superior-catalogo-de-titulos&idTitulo=2491,https://www.juntadeandalucia.es/boja/2018/144/25,criterio_operativo_AL_LIO_alineado_al_modulo,2026-08-04
TSAF-AUX-002,Aplicar RCP básica y DEA,"Reconoce parada, inicia RCP y usa DEA conforme a formación práctica acreditada.",10,Reconoce ausencia de respuesta y respiración normal || Mantiene secuencia y calidad básica de compresiones en simulación || Usa DEA siguiendo instrucciones y seguridad,Certificado práctico o evaluación presencial registrada,Superación práctica por entidad formadora,formación|proyecto|empleo|oportunidad,https://www.juntadeandalucia.es/educacion/portals/web/formacion-profesional-andaluza/cf-grado-superior-detalle-titulo?backURL=%2Feducacion%2Fportales%2Fweb%2Fformacion-profesional-andaluza%2Fgrado-superior-catalogo-de-titulos&idTitulo=2491,https://www.juntadeandalucia.es/boja/2018/144/25,criterio_operativo_AL_LIO_alineado_al_modulo,2026-08-04
TSAF-FIT-001,Seleccionar ejercicios y enseñar técnica,"Elige ejercicios por objetivo, nivel, material y limitaciones y aplica regresiones o progresiones.",26,Demuestra técnica y errores frecuentes || Propone al menos una regresión y una progresión || Justifica selección según objetivo y seguridad,Biblioteca de 20 ejercicios con fichas,80 % de fichas completas y seguras,formación|proyecto|empleo|oportunidad,https://www.juntadeandalucia.es/educacion/portals/web/formacion-profesional-andaluza/cf-grado-superior-detalle-titulo?backURL=%2Feducacion%2Fportales%2Fweb%2Fformacion-profesional-andaluza%2Fgrado-superior-catalogo-de-titulos&idTitulo=2491,https://www.juntadeandalucia.es/boja/2018/144/25,criterio_operativo_AL_LIO_alineado_al_modulo,2026-08-04
TSAF-FIT-002,"Programar fuerza, resistencia y movilidad","Define objetivos, frecuencia, volumen, intensidad, descansos y progresión a partir de valoración.",34,"Formula objetivos medibles || Ajusta carga y volumen al nivel || Incluye progresión, recuperación y revisión",Programa de 8 semanas para caso ficticio,"Coherencia entre valoración, objetivo y cargas",formación|proyecto|empleo|oportunidad,https://www.juntadeandalucia.es/educacion/portals/web/formacion-profesional-andaluza/cf-grado-superior-detalle-titulo?backURL=%2Feducacion%2Fportales%2Fweb%2Fformacion-profesional-andaluza%2Fgrado-superior-catalogo-de-titulos&idTitulo=2491,https://www.juntadeandalucia.es/boja/2018/144/25,criterio_operativo_AL_LIO_alineado_al_modulo,2026-08-04
TSAF-FIT-003,Dirigir y adaptar una sesión individual,"Gestiona calentamiento, bloque principal, vuelta a la calma, observación y ajustes en tiempo real.",18,"Mantiene estructura y tiempo de sesión || Corrige sin saturar de consignas || Adapta ante fatiga, dolor declarado o material no disponible",Vídeo o registro de sesión completa,Objetivo cumplido sin incidentes ni improvisación insegura,formación|proyecto|empleo|oportunidad,https://www.juntadeandalucia.es/educacion/portals/web/formacion-profesional-andaluza/cf-grado-superior-detalle-titulo?backURL=%2Feducacion%2Fportales%2Fweb%2Fformacion-profesional-andaluza%2Fgrado-superior-catalogo-de-titulos&idTitulo=2491,https://www.juntadeandalucia.es/boja/2018/144/25,criterio_operativo_AL_LIO_alineado_al_modulo,2026-08-04
TSAF-MUS-001,"Comprender ritmo, frase musical y estructura de sesión","Relaciona música, bloques, intensidad, pasos y seguridad.",18,"Cuenta tiempos y frases musicales || Diseña calentamiento, bloque principal y vuelta a la calma || Controla intensidad y transiciones",Guion musical y vídeo de 10 minutos,Ritmo y transiciones coherentes,formación|proyecto|empleo|oportunidad,https://www.juntadeandalucia.es/educacion/portals/web/formacion-profesional-andaluza/cf-grado-superior-detalle-titulo?backURL=%2Feducacion%2Fportales%2Fweb%2Fformacion-profesional-andaluza%2Fgrado-superior-catalogo-de-titulos&idTitulo=2491,https://www.juntadeandalucia.es/boja/2018/144/25,criterio_operativo_AL_LIO_alineado_al_modulo,2026-08-04
TSAF-MUS-002,Diseñar coreografías por niveles,"Construye secuencias progresivas, simétricas y adaptables a diferentes competencias motrices.",24,"La secuencia puede enseñarse por capas || Incluye opciones de menor y mayor impacto || Mantiene seguridad, intensidad y orientación espacial",Coreografía de 15 minutos con progresiones,Participante novel puede seguir la versión básica,formación|proyecto|empleo|oportunidad,https://www.juntadeandalucia.es/educacion/portals/web/formacion-profesional-andaluza/cf-grado-superior-detalle-titulo?backURL=%2Feducacion%2Fportales%2Fweb%2Fformacion-profesional-andaluza%2Fgrado-superior-catalogo-de-titulos&idTitulo=2491,https://www.juntadeandalucia.es/boja/2018/144/25,criterio_operativo_AL_LIO_alineado_al_modulo,2026-08-04
TSAF-MUS-003,Dirigir una clase grupal especializada,"Gestiona voz, demostración, motivación, posicionamiento, seguridad y control del grupo.",20,Da consignas anticipadas y visibles || Controla al grupo y corrige sin detener innecesariamente || Adapta intensidad y observa signos de fatiga,Vídeo de clase de 20 minutos,"Clase fluida, segura y comprensible",formación|proyecto|empleo|oportunidad,https://www.juntadeandalucia.es/educacion/portals/web/formacion-profesional-andaluza/cf-grado-superior-detalle-titulo?backURL=%2Feducacion%2Fportales%2Fweb%2Fformacion-profesional-andaluza%2Fgrado-superior-catalogo-de-titulos&idTitulo=2491,https://www.juntadeandalucia.es/boja/2018/144/25,criterio_operativo_AL_LIO_alineado_al_modulo,2026-08-04
TSAF-AQU-001,Aplicar propiedades del medio acuático al ejercicio,"Comprende flotación, resistencia, profundidad, temperatura y seguridad de instalación.",16,Relaciona propiedades del agua con carga y estabilidad || Selecciona profundidad y material adecuados || Identifica riesgos y protocolo de instalación,Ficha técnica de 12 ejercicios acuáticos,Ejercicios y condiciones coherentes,formación|proyecto|empleo|oportunidad,https://www.juntadeandalucia.es/educacion/portals/web/formacion-profesional-andaluza/cf-grado-superior-detalle-titulo?backURL=%2Feducacion%2Fportales%2Fweb%2Fformacion-profesional-andaluza%2Fgrado-superior-catalogo-de-titulos&idTitulo=2491,https://www.juntadeandalucia.es/boja/2018/144/25,criterio_operativo_AL_LIO_alineado_al_modulo,2026-08-04
TSAF-AQU-002,Programar y dirigir una sesión acuática,"Diseña una sesión con objetivos, intensidad, material, transiciones y adaptaciones.",24,"Programa calentamiento, trabajo y vuelta a la calma || Adapta ejercicios a nivel y confianza acuática || Mantiene control visual y seguridad",Sesión acuática documentada y simulada,Objetivo e intensidad coherentes y protocolo completo,formación|proyecto|empleo|oportunidad,https://www.juntadeandalucia.es/educacion/portals/web/formacion-profesional-andaluza/cf-grado-superior-detalle-titulo?backURL=%2Feducacion%2Fportales%2Fweb%2Fformacion-profesional-andaluza%2Fgrado-superior-catalogo-de-titulos&idTitulo=2491,https://www.juntadeandalucia.es/boja/2018/144/25,criterio_operativo_AL_LIO_alineado_al_modulo,2026-08-04
TSAF-HID-001,Diseñar actividades de movilidad y bienestar en agua,Aplica técnicas de hidrocinesia dentro del protocolo y límites profesionales.,22,Selecciona tareas de movilidad y relajación adecuadas || Evita afirmaciones terapéuticas no respaldadas || Define criterios de seguridad y derivación,Programa de 4 sesiones para caso ficticio,Objetivos funcionales y límites expresados,formación|proyecto|empleo|oportunidad,https://www.juntadeandalucia.es/educacion/portals/web/formacion-profesional-andaluza/cf-grado-superior-detalle-titulo?backURL=%2Feducacion%2Fportales%2Fweb%2Fformacion-profesional-andaluza%2Fgrado-superior-catalogo-de-titulos&idTitulo=2491,https://www.juntadeandalucia.es/boja/2018/144/25,criterio_operativo_AL_LIO_alineado_al_modulo,2026-08-04
TSAF-POS-001,Analizar patrones posturales y funcionales sin diagnosticar,"Observa ejecución, movilidad y control y propone trabajo general o derivación.",18,"Describe observaciones sin emitir diagnóstico || Relaciona tarea, carga y control motor || Deriva ante dolor o signos fuera de competencia",Informe funcional con lenguaje prudente,Sin diagnósticos y con decisiones justificadas,formación|proyecto|empleo|oportunidad,https://www.juntadeandalucia.es/educacion/portals/web/formacion-profesional-andaluza/cf-grado-superior-detalle-titulo?backURL=%2Feducacion%2Fportales%2Fweb%2Fformacion-profesional-andaluza%2Fgrado-superior-catalogo-de-titulos&idTitulo=2491,https://www.juntadeandalucia.es/boja/2018/144/25,criterio_operativo_AL_LIO_alineado_al_modulo,2026-08-04
TSAF-POS-002,"Programar movilidad, estabilidad y mantenimiento funcional","Diseña sesiones orientadas a autonomía, control y adherencia.",24,Prioriza tareas según necesidad funcional || Incluye progresiones y criterios de parada || Evalúa adherencia y evolución,Programa de 6 semanas con sesiones y registro,"Coherencia entre observación, objetivo y progresión",formación|proyecto|empleo|oportunidad,https://www.juntadeandalucia.es/educacion/portals/web/formacion-profesional-andaluza/cf-grado-superior-detalle-titulo?backURL=%2Feducacion%2Fportales%2Fweb%2Fformacion-profesional-andaluza%2Fgrado-superior-catalogo-de-titulos&idTitulo=2491,https://www.juntadeandalucia.es/boja/2018/144/25,criterio_operativo_AL_LIO_alineado_al_modulo,2026-08-04
TSAF-ESP-001,Adaptar actividad a personas mayores y colectivos diversos,"Ajusta comunicación, entorno, dosis y ejercicios a capacidad, objetivos y accesibilidad.",20,Identifica barreras y apoyos necesarios || Propone regresiones y control de fatiga || Mantiene participación y dignidad de la persona,Sesión adaptada para dos perfiles ficticios,Adaptaciones concretas y seguras,formación|proyecto|empleo|oportunidad,https://www.juntadeandalucia.es/educacion/portals/web/formacion-profesional-andaluza/cf-grado-superior-detalle-titulo?backURL=%2Feducacion%2Fportales%2Fweb%2Fformacion-profesional-andaluza%2Fgrado-superior-catalogo-de-titulos&idTitulo=2491,https://www.juntadeandalucia.es/boja/2018/144/25,criterio_operativo_AL_LIO_alineado_al_modulo,2026-08-04
TSAF-SOC-001,"Gestionar comunicación, motivación y conflictos","Escucha, establece límites, da feedback y maneja incidencias con usuarios o equipos.",18,Realiza escucha activa y reformulación || Da feedback específico sin descalificar || Propone una respuesta profesional a conflicto o queja,Role-play documentado de tres situaciones,"Respuestas claras, respetuosas y orientadas a solución",formación|proyecto|empleo|oportunidad,https://www.juntadeandalucia.es/educacion/portals/web/formacion-profesional-andaluza/cf-grado-superior-detalle-titulo?backURL=%2Feducacion%2Fportales%2Fweb%2Fformacion-profesional-andaluza%2Fgrado-superior-catalogo-de-titulos&idTitulo=2491,https://www.juntadeandalucia.es/boja/2018/144/25,criterio_operativo_AL_LIO_alineado_al_modulo,2026-08-04
TSAF-GES-001,"Organizar recursos, calidad y seguridad de una instalación","Revisa equipamiento, accesibilidad, mantenimiento, aforo, incidencias y calidad del servicio.",18,Completa inspección de seguridad y accesibilidad || Define procedimiento de incidencia y mantenimiento || Propone indicadores de calidad y satisfacción,Auditoría de instalación real o simulada,Riesgos críticos identificados y plan de acción,formación|proyecto|empleo|oportunidad,https://www.juntadeandalucia.es/educacion/portals/web/formacion-profesional-andaluza/cf-grado-superior-detalle-titulo?backURL=%2Feducacion%2Fportales%2Fweb%2Fformacion-profesional-andaluza%2Fgrado-superior-catalogo-de-titulos&idTitulo=2491,https://www.juntadeandalucia.es/boja/2018/144/25,criterio_operativo_AL_LIO_alineado_al_modulo,2026-08-04
TSAF-GES-002,Diseñar y ejecutar un evento de actividad física,"Define objetivo, público, programa, recursos, permisos, seguridad, comunicación y evaluación.",26,"Cronograma, roles y recursos están definidos || Existe plan de seguridad y contingencia || Se mide participación, satisfacción y resultados",Dossier completo de evento,"Plan viable, seguro y evaluable",formación|proyecto|empleo|oportunidad,https://www.juntadeandalucia.es/educacion/portals/web/formacion-profesional-andaluza/cf-grado-superior-detalle-titulo?backURL=%2Feducacion%2Fportales%2Fweb%2Fformacion-profesional-andaluza%2Fgrado-superior-catalogo-de-titulos&idTitulo=2491,https://www.juntadeandalucia.es/boja/2018/144/25,criterio_operativo_AL_LIO_alineado_al_modulo,2026-08-04
TSAF-DIG-001,Usar tecnología y datos en seguimiento sin invadir privacidad,"Selecciona apps, wearables y software, interpreta limitaciones y protege información.",14,"Diferencia dato medido, estimado e inferido || Configura privacidad y minimización de datos || Justifica herramienta según objetivo y usuario",Comparativa de dos herramientas con protocolo de uso,"Incluye límites, privacidad y decisión razonada",formación|proyecto|empleo|oportunidad,https://www.juntadeandalucia.es/educacion/portals/web/formacion-profesional-andaluza/cf-grado-superior-detalle-titulo?backURL=%2Feducacion%2Fportales%2Fweb%2Fformacion-profesional-andaluza%2Fgrado-superior-catalogo-de-titulos&idTitulo=2491,https://www.juntadeandalucia.es/boja/2018/144/25,criterio_operativo_AL_LIO_alineado_al_modulo,2026-08-04
TSAF-SUS-001,Aplicar sostenibilidad a servicios deportivos,"Reduce consumos, residuos, barreras y desplazamientos y mejora mantenimiento y acceso.",8,Identifica impactos de una instalación o evento || Propone tres medidas medibles || Incluye impacto social y accesibilidad,Plan de mejora sostenible,Tres acciones con indicador y responsable,formación|proyecto|empleo|oportunidad,https://www.juntadeandalucia.es/educacion/portals/web/formacion-profesional-andaluza/cf-grado-superior-detalle-titulo?backURL=%2Feducacion%2Fportales%2Fweb%2Fformacion-profesional-andaluza%2Fgrado-superior-catalogo-de-titulos&idTitulo=2491,https://www.juntadeandalucia.es/boja/2018/144/25,criterio_operativo_AL_LIO_alineado_al_modulo,2026-08-04
TSAF-ENG-001,Comprender instrucciones y recursos profesionales en inglés,"Lee protocolos, fichas técnicas y mensajes y comunica consignas básicas.",14,Resume un protocolo en español || Da instrucciones básicas de ejercicio en inglés || Redacta un mensaje profesional breve,Ficha bilingüe de una sesión,Comprensible y sin errores que comprometan seguridad,formación|proyecto|empleo|oportunidad,https://www.juntadeandalucia.es/educacion/portals/web/formacion-profesional-andaluza/cf-grado-superior-detalle-titulo?backURL=%2Feducacion%2Fportales%2Fweb%2Fformacion-profesional-andaluza%2Fgrado-superior-catalogo-de-titulos&idTitulo=2491,https://www.juntadeandalucia.es/boja/2018/144/25,criterio_operativo_AL_LIO_alineado_al_modulo,2026-08-04
TSAF-EMP-001,Preparar candidatura profesional en fitness y deporte,"Analiza funciones, límites, atención al cliente, componente comercial y evidencias requeridas.",18,CV adaptado a un puesto real || Portfolio con dos sesiones y una valoración ficticia || Matriz de requisitos y límites profesionales,"CV, portfolio y matriz de brechas",Documentos adaptados y sin atribuciones profesionales incorrectas,empleo|prácticas|bolsa|formación_en_empresa,https://www.juntadeandalucia.es/educacion/portals/web/formacion-profesional-andaluza/cf-grado-superior-detalle-titulo?backURL=%2Feducacion%2Fportales%2Fweb%2Fformacion-profesional-andaluza%2Fgrado-superior-catalogo-de-titulos&idTitulo=2491,https://www.juntadeandalucia.es/boja/2018/144/25,criterio_operativo_AL_LIO_alineado_al_modulo,2026-08-04
TSAF-PRJ-001,Crear un programa integral de acondicionamiento físico,"Integra análisis de población, valoración, programación, seguridad, recursos, evaluación y comunicación.",50,"Define población, necesidad y límites || Programa sesiones y evaluación coherentes || Incluye seguridad, recursos, privacidad y calidad","Memoria, sesiones, instrumentos y presentación",Todos los bloques conectados y aplicables,formación|proyecto|empleo|oportunidad,https://www.juntadeandalucia.es/educacion/portals/web/formacion-profesional-andaluza/cf-grado-superior-detalle-titulo?backURL=%2Feducacion%2Fportales%2Fweb%2Fformacion-profesional-andaluza%2Fgrado-superior-catalogo-de-titulos&idTitulo=2491,https://www.juntadeandalucia.es/boja/2018/144/25,criterio_operativo_AL_LIO_alineado_al_modulo,2026-08-04
TSAF-PRJ-002,Presentar y defender una propuesta de servicio,"Expone necesidad, método, seguridad, resultados esperados, límites y viabilidad.",8,Presentación de 5 minutos estructurada || Incluye una demostración o material visual || Responde dudas sin exceder competencias,Vídeo o defensa grabada,"Mensaje claro, seguro y profesional",formación|proyecto|empleo|oportunidad,https://www.juntadeandalucia.es/educacion/portals/web/formacion-profesional-andaluza/cf-grado-superior-detalle-titulo?backURL=%2Feducacion%2Fportales%2Fweb%2Fformacion-profesional-andaluza%2Fgrado-superior-catalogo-de-titulos&idTitulo=2491,https://www.juntadeandalucia.es/boja/2018/144/25,criterio_operativo_AL_LIO_alineado_al_modulo,2026-08-04
MP-BAS-001,"Organizar archivos, cuentas y activos de una campaña","Gestiona documentos, imágenes, permisos, versiones y carpetas de forma profesional.",5,Crea una estructura por campaña y canal || Nombra versiones y evita duplicados || Configura acceso y copia de seguridad,Carpeta de campaña ficticia organizada,3 de 3 criterios,formación|proyecto|empleo|oportunidad,https://www.juntadeandalucia.es/educacion/portals/web/formacion-profesional-andaluza/cf-grado-superior-detalle-titulo?backURL=%2Feducacion%2Fportales%2Fweb%2Fformacion-profesional-andaluza%2Fgrado-superior-catalogo-de-titulos&idTitulo=2339,https://www.juntadeandalucia.es/boja/2014/90/15,criterio_operativo_AL_LIO_alineado_al_modulo,2026-08-04
MP-BAS-002,Redactar mensajes claros y orientados a una acción,"Distingue objetivo, público, propuesta de valor, tono y llamada a la acción.",8,Redacta tres mensajes para públicos distintos || Mantiene una propuesta de valor concreta || Incluye llamada a la acción coherente,Tres piezas breves justificadas,Mensaje entendible en primera lectura,formación|proyecto|empleo|oportunidad,https://www.juntadeandalucia.es/educacion/portals/web/formacion-profesional-andaluza/cf-grado-superior-detalle-titulo?backURL=%2Feducacion%2Fportales%2Fweb%2Fformacion-profesional-andaluza%2Fgrado-superior-catalogo-de-titulos&idTitulo=2339,https://www.juntadeandalucia.es/boja/2014/90/15,criterio_operativo_AL_LIO_alineado_al_modulo,2026-08-04
MP-BAS-003,"Calcular porcentajes, costes y métricas básicas","Opera con porcentajes, tasas, variaciones, costes unitarios y ratios sin errores.",8,"Calcula variación porcentual y tasa de conversión || Diferencia ingreso, coste, margen y beneficio || Usa referencias correctas en una hoja de cálculo",Hoja con 15 ejercicios resueltos,80 % de resultados correctos,formación|proyecto|empleo|oportunidad,https://www.juntadeandalucia.es/educacion/portals/web/formacion-profesional-andaluza/cf-grado-superior-detalle-titulo?backURL=%2Feducacion%2Fportales%2Fweb%2Fformacion-profesional-andaluza%2Fgrado-superior-catalogo-de-titulos&idTitulo=2339,https://www.juntadeandalucia.es/boja/2014/90/15,criterio_operativo_AL_LIO_alineado_al_modulo,2026-08-04
MP-BAS-004,"Evaluar fuentes y diferenciar dato, opinión e hipótesis","Comprueba origen, fecha, método, muestra y limitaciones antes de usar información.",6,"Identifica autor, fecha y metodología || Distingue correlación de causalidad || Explica una limitación relevante",Ficha de evaluación de tres fuentes,Al menos 2 fuentes correctamente evaluadas,formación|proyecto|empleo|oportunidad,https://www.juntadeandalucia.es/educacion/portals/web/formacion-profesional-andaluza/cf-grado-superior-detalle-titulo?backURL=%2Feducacion%2Fportales%2Fweb%2Fformacion-profesional-andaluza%2Fgrado-superior-catalogo-de-titulos&idTitulo=2339,https://www.juntadeandalucia.es/boja/2014/90/15,criterio_operativo_AL_LIO_alineado_al_modulo,2026-08-04
MP-BAS-005,"Comprender cliente, problema y modelo de negocio","Relaciona segmento, necesidad, propuesta de valor, canal, ingreso y coste.",8,Define un segmento concreto || Formula problema y propuesta sin generalidades || Identifica cómo se entrega y monetiza valor,Canvas simplificado de una pyme,"Coherencia entre cliente, problema y propuesta",formación|proyecto|empleo|oportunidad,https://www.juntadeandalucia.es/educacion/portals/web/formacion-profesional-andaluza/cf-grado-superior-detalle-titulo?backURL=%2Feducacion%2Fportales%2Fweb%2Fformacion-profesional-andaluza%2Fgrado-superior-catalogo-de-titulos&idTitulo=2339,https://www.juntadeandalucia.es/boja/2014/90/15,criterio_operativo_AL_LIO_alineado_al_modulo,2026-08-04
MP-FIN-001,"Interpretar costes, presupuestos y viabilidad","Calcula costes, margen, punto de equilibrio, presupuesto y desviaciones de una acción.",22,Clasifica costes fijos y variables || Calcula margen y punto de equilibrio || Compara presupuesto y resultado explicando desviaciones,Presupuesto de campaña con escenario base y alternativo,Cálculos correctos y supuestos visibles,formación|proyecto|empleo|oportunidad,https://www.juntadeandalucia.es/educacion/portals/web/formacion-profesional-andaluza/cf-grado-superior-detalle-titulo?backURL=%2Feducacion%2Fportales%2Fweb%2Fformacion-profesional-andaluza%2Fgrado-superior-catalogo-de-titulos&idTitulo=2339,https://www.juntadeandalucia.es/boja/2014/90/15,criterio_operativo_AL_LIO_alineado_al_modulo,2026-08-04
MP-FIN-002,Evaluar inversión y retorno de marketing,"Relaciona objetivos, costes, ingresos atribuibles, riesgo y horizonte temporal.",16,Selecciona métrica de retorno adecuada || Explicita supuestos de atribución || Presenta recomendación con riesgo e incertidumbre,Caso ROI/ROAS con recomendación,Cálculos y límites correctamente explicados,formación|proyecto|empleo|oportunidad,https://www.juntadeandalucia.es/educacion/portals/web/formacion-profesional-andaluza/cf-grado-superior-detalle-titulo?backURL=%2Feducacion%2Fportales%2Fweb%2Fformacion-profesional-andaluza%2Fgrado-superior-catalogo-de-titulos&idTitulo=2339,https://www.juntadeandalucia.es/boja/2014/90/15,criterio_operativo_AL_LIO_alineado_al_modulo,2026-08-04
MP-POL-001,"Analizar mercado, competencia y situación","Recopila datos, segmenta el contexto y sintetiza amenazas, oportunidades y posición competitiva.",24,Define mercado y competidores comparables || Usa datos con fuente y fecha || Prioriza hallazgos relevantes en un diagnóstico,Análisis de mercado y competencia,Fuentes trazables y conclusiones accionables,formación|proyecto|empleo|oportunidad,https://www.juntadeandalucia.es/educacion/portals/web/formacion-profesional-andaluza/cf-grado-superior-detalle-titulo?backURL=%2Feducacion%2Fportales%2Fweb%2Fformacion-profesional-andaluza%2Fgrado-superior-catalogo-de-titulos&idTitulo=2339,https://www.juntadeandalucia.es/boja/2014/90/15,criterio_operativo_AL_LIO_alineado_al_modulo,2026-08-04
MP-POL-002,"Definir segmentación, posicionamiento y propuesta","Selecciona público, necesidades, diferenciación y mensaje central.",20,Segmentos medibles y diferenciados || Target elegido con justificación || Posicionamiento y propuesta coherentes,"Ficha de segmento, buyer persona prudente y mapa de posicionamiento","Decisiones basadas en datos, no estereotipos",formación|proyecto|empleo|oportunidad,https://www.juntadeandalucia.es/educacion/portals/web/formacion-profesional-andaluza/cf-grado-superior-detalle-titulo?backURL=%2Feducacion%2Fportales%2Fweb%2Fformacion-profesional-andaluza%2Fgrado-superior-catalogo-de-titulos&idTitulo=2339,https://www.juntadeandalucia.es/boja/2014/90/15,criterio_operativo_AL_LIO_alineado_al_modulo,2026-08-04
MP-POL-003,Construir un plan de marketing medible,"Define objetivos, estrategia, marketing mix, calendario, presupuesto, KPI y responsables.",30,"Objetivos específicos y medibles || Acciones conectadas con estrategia y público || KPI, presupuesto y calendario permiten seguimiento",Plan de marketing de 6 a 10 páginas,Trazabilidad completa de objetivo a métrica,formación|proyecto|empleo|oportunidad,https://www.juntadeandalucia.es/educacion/portals/web/formacion-profesional-andaluza/cf-grado-superior-detalle-titulo?backURL=%2Feducacion%2Fportales%2Fweb%2Fformacion-profesional-andaluza%2Fgrado-superior-catalogo-de-titulos&idTitulo=2339,https://www.juntadeandalucia.es/boja/2014/90/15,criterio_operativo_AL_LIO_alineado_al_modulo,2026-08-04
MP-INV-001,Diseñar una investigación de mercado,"Formula problema, objetivos, variables, fuentes y método de recogida.",22,Pregunta de investigación concreta || Método coherente con objetivo || Variables e indicadores definidos,Plan de investigación,"Problema, método y datos alineados",formación|proyecto|empleo|oportunidad,https://www.juntadeandalucia.es/educacion/portals/web/formacion-profesional-andaluza/cf-grado-superior-detalle-titulo?backURL=%2Feducacion%2Fportales%2Fweb%2Fformacion-profesional-andaluza%2Fgrado-superior-catalogo-de-titulos&idTitulo=2339,https://www.juntadeandalucia.es/boja/2014/90/15,criterio_operativo_AL_LIO_alineado_al_modulo,2026-08-04
MP-INV-002,Diseñar cuestionarios y muestras,"Construye instrumentos sin sesgos evidentes y define población, muestra y selección.",20,Preguntas claras y no inductivas || Orden y escalas coherentes || Muestra y limitaciones justificadas,Cuestionario de máximo 12 preguntas y ficha de muestreo,Prueba piloto sin confusiones graves,formación|proyecto|empleo|oportunidad,https://www.juntadeandalucia.es/educacion/portals/web/formacion-profesional-andaluza/cf-grado-superior-detalle-titulo?backURL=%2Feducacion%2Fportales%2Fweb%2Fformacion-profesional-andaluza%2Fgrado-superior-catalogo-de-titulos&idTitulo=2339,https://www.juntadeandalucia.es/boja/2014/90/15,criterio_operativo_AL_LIO_alineado_al_modulo,2026-08-04
MP-CAM-001,Planificar y controlar trabajo de campo,"Define selección, formación, guion, control de calidad, incidencias y protección de datos.",18,Crea instrucciones y guion de recogida || Define controles de calidad y respuesta a incidencias || Minimiza datos personales,Manual de campo y hoja de control,Proceso reproducible y ético,formación|proyecto|empleo|oportunidad,https://www.juntadeandalucia.es/educacion/portals/web/formacion-profesional-andaluza/cf-grado-superior-detalle-titulo?backURL=%2Feducacion%2Fportales%2Fweb%2Fformacion-profesional-andaluza%2Fgrado-superior-catalogo-de-titulos&idTitulo=2339,https://www.juntadeandalucia.es/boja/2014/90/15,criterio_operativo_AL_LIO_alineado_al_modulo,2026-08-04
MP-DAT-001,"Limpiar, analizar y visualizar datos","Corrige errores, codifica variables y obtiene tablas, gráficos y conclusiones.",24,Detecta duplicados y valores inválidos || Calcula indicadores adecuados || El gráfico responde a una pregunta y no distorsiona,"Dataset limpio, análisis y dashboard básico",Resultados reproducibles y conclusiones limitadas a los datos,formación|proyecto|empleo|oportunidad,https://www.juntadeandalucia.es/educacion/portals/web/formacion-profesional-andaluza/cf-grado-superior-detalle-titulo?backURL=%2Feducacion%2Fportales%2Fweb%2Fformacion-profesional-andaluza%2Fgrado-superior-catalogo-de-titulos&idTitulo=2339,https://www.juntadeandalucia.es/boja/2014/90/15,criterio_operativo_AL_LIO_alineado_al_modulo,2026-08-04
MP-CLI-001,"Atender consultas, quejas y reclamaciones","Escucha, registra, responde, deriva y cierra incidencias respetando derechos del consumidor.",18,"Identifica necesidad y emoción sin discutir || Registra hechos, plazos y responsable || Propone solución o derivación conforme al procedimiento",Role-play y registro de tres casos,Respuesta profesional y trazable,formación|proyecto|empleo|oportunidad,https://www.juntadeandalucia.es/educacion/portals/web/formacion-profesional-andaluza/cf-grado-superior-detalle-titulo?backURL=%2Feducacion%2Fportales%2Fweb%2Fformacion-profesional-andaluza%2Fgrado-superior-catalogo-de-titulos&idTitulo=2339,https://www.juntadeandalucia.es/boja/2014/90/15,criterio_operativo_AL_LIO_alineado_al_modulo,2026-08-04
MP-CRM-001,"Gestionar contactos, leads y consentimiento en CRM","Configura etapas, propiedades, tareas y segmentación con minimización de datos.",16,Define pipeline y criterios de etapa || Registra interacciones sin datos innecesarios || Mantiene consentimiento y baja,CRM ficticio con 10 contactos de prueba,Pipeline coherente y privacidad documentada,formación|proyecto|empleo|oportunidad,https://www.juntadeandalucia.es/educacion/portals/web/formacion-profesional-andaluza/cf-grado-superior-detalle-titulo?backURL=%2Feducacion%2Fportales%2Fweb%2Fformacion-profesional-andaluza%2Fgrado-superior-catalogo-de-titulos&idTitulo=2339,https://www.juntadeandalucia.es/boja/2014/90/15,criterio_operativo_AL_LIO_alineado_al_modulo,2026-08-04
MP-DIG-001,Planificar presencia web y conversión,"Define arquitectura, contenido, formularios, medición y recorrido de usuario.",22,"La web responde a objetivo y público || El recorrido incluye llamada y conversión medible || Incluye privacidad, accesibilidad y versión móvil",Wireframe y plan de medición de una landing,Flujo de conversión completo,formación|proyecto|empleo|oportunidad,https://www.juntadeandalucia.es/educacion/portals/web/formacion-profesional-andaluza/cf-grado-superior-detalle-titulo?backURL=%2Feducacion%2Fportales%2Fweb%2Fformacion-profesional-andaluza%2Fgrado-superior-catalogo-de-titulos&idTitulo=2339,https://www.juntadeandalucia.es/boja/2014/90/15,criterio_operativo_AL_LIO_alineado_al_modulo,2026-08-04
MP-DIG-002,Aplicar SEO y estrategia de contenidos,"Investiga intención, estructura contenido, metadatos, calendario y medición orgánica.",22,Selecciona temas e intención con evidencia || Crea contenido útil y estructurado || Define métricas y actualización,Cluster de contenido y pieza optimizada,Contenido responde a intención y tiene medición,formación|proyecto|empleo|oportunidad,https://www.juntadeandalucia.es/educacion/portals/web/formacion-profesional-andaluza/cf-grado-superior-detalle-titulo?backURL=%2Feducacion%2Fportales%2Fweb%2Fformacion-profesional-andaluza%2Fgrado-superior-catalogo-de-titulos&idTitulo=2339,https://www.juntadeandalucia.es/boja/2014/90/15,criterio_operativo_AL_LIO_alineado_al_modulo,2026-08-04
MP-DIG-003,Diseñar email marketing y automatizaciones,"Segmenta, crea secuencias, prueba asuntos y respeta consentimiento y baja.",18,"Segmentación y disparador están definidos || Cada mensaje tiene objetivo y CTA || Incluye consentimiento, baja y control de frecuencia",Secuencia de bienvenida de 3 mensajes,Flujo coherente y legalmente prudente,formación|proyecto|empleo|oportunidad,https://www.juntadeandalucia.es/educacion/portals/web/formacion-profesional-andaluza/cf-grado-superior-detalle-titulo?backURL=%2Feducacion%2Fportales%2Fweb%2Fformacion-profesional-andaluza%2Fgrado-superior-catalogo-de-titulos&idTitulo=2339,https://www.juntadeandalucia.es/boja/2014/90/15,criterio_operativo_AL_LIO_alineado_al_modulo,2026-08-04
MP-DIG-004,Planificar publicidad digital,"Define objetivo, audiencia, creatividad, puja, presupuesto, conversión y experimento.",24,"Campaña alineada con objetivo y etapa del embudo || Audiencia y exclusiones justificadas || Presupuesto, KPI y regla de optimización definidos",Plan de campaña con tres anuncios,Métricas y decisiones de optimización explícitas,formación|proyecto|empleo|oportunidad,https://www.juntadeandalucia.es/educacion/portals/web/formacion-profesional-andaluza/cf-grado-superior-detalle-titulo?backURL=%2Feducacion%2Fportales%2Fweb%2Fformacion-profesional-andaluza%2Fgrado-superior-catalogo-de-titulos&idTitulo=2339,https://www.juntadeandalucia.es/boja/2014/90/15,criterio_operativo_AL_LIO_alineado_al_modulo,2026-08-04
MP-DIG-005,"Medir adquisición, conversión y rendimiento","Configura eventos, UTM, embudos, dashboards y análisis con privacidad.",22,Define eventos y conversiones relevantes || Usa nomenclatura UTM consistente || Distingue dato observado de atribución estimada,Plan de etiquetado y dashboard,Datos trazables y sin métricas de vanidad como único criterio,formación|proyecto|empleo|oportunidad,https://www.juntadeandalucia.es/educacion/portals/web/formacion-profesional-andaluza/cf-grado-superior-detalle-titulo?backURL=%2Feducacion%2Fportales%2Fweb%2Fformacion-profesional-andaluza%2Fgrado-superior-catalogo-de-titulos&idTitulo=2339,https://www.juntadeandalucia.es/boja/2014/90/15,criterio_operativo_AL_LIO_alineado_al_modulo,2026-08-04
MP-DIS-001,Crear identidad visual y piezas coherentes,"Aplica jerarquía, tipografía, color, composición, formato y consistencia de marca.",24,Define reglas visuales mínimas || Adapta una idea a tres formatos || Mantiene legibilidad y derechos de uso de recursos,Mini sistema visual y tres piezas,Coherencia visual y archivos exportados correctamente,formación|proyecto|empleo|oportunidad,https://www.juntadeandalucia.es/educacion/portals/web/formacion-profesional-andaluza/cf-grado-superior-detalle-titulo?backURL=%2Feducacion%2Fportales%2Fweb%2Fformacion-profesional-andaluza%2Fgrado-superior-catalogo-de-titulos&idTitulo=2339,https://www.juntadeandalucia.es/boja/2014/90/15,criterio_operativo_AL_LIO_alineado_al_modulo,2026-08-04
MP-DIS-002,Producir contenido audiovisual breve,"Planifica guion, grabación, edición, subtítulos, formatos y llamada a la acción.",22,"Guion con objetivo y duración || Audio, encuadre y ritmo comprensibles || Incluye subtítulos y versión por canal",Vídeo de 30 a 60 segundos y archivos fuente,Mensaje claro y formato correcto,formación|proyecto|empleo|oportunidad,https://www.juntadeandalucia.es/educacion/portals/web/formacion-profesional-andaluza/cf-grado-superior-detalle-titulo?backURL=%2Feducacion%2Fportales%2Fweb%2Fformacion-profesional-andaluza%2Fgrado-superior-catalogo-de-titulos&idTitulo=2339,https://www.juntadeandalucia.es/boja/2014/90/15,criterio_operativo_AL_LIO_alineado_al_modulo,2026-08-04
MP-MED-001,Construir un plan de medios,"Selecciona canales, formatos, cobertura, frecuencia, calendario, coste y medición.",22,Canales corresponden al público y objetivo || Presupuesto y calendario son viables || Define métricas y criterios de ajuste,Plan de medios con distribución presupuestaria,Decisiones justificadas con datos,formación|proyecto|empleo|oportunidad,https://www.juntadeandalucia.es/educacion/portals/web/formacion-profesional-andaluza/cf-grado-superior-detalle-titulo?backURL=%2Feducacion%2Fportales%2Fweb%2Fformacion-profesional-andaluza%2Fgrado-superior-catalogo-de-titulos&idTitulo=2339,https://www.juntadeandalucia.es/boja/2014/90/15,criterio_operativo_AL_LIO_alineado_al_modulo,2026-08-04
MP-RRPP-001,Planificar relaciones públicas y comunicación institucional,"Define públicos, mensajes, portavoces, materiales, medios y respuesta a incidencias.",20,Mapa de públicos y mensajes || Material de prensa coherente || Protocolo de respuesta ante incidencia,Dossier de prensa y plan de contacto,Mensajes consistentes y responsables definidos,formación|proyecto|empleo|oportunidad,https://www.juntadeandalucia.es/educacion/portals/web/formacion-profesional-andaluza/cf-grado-superior-detalle-titulo?backURL=%2Feducacion%2Fportales%2Fweb%2Fformacion-profesional-andaluza%2Fgrado-superior-catalogo-de-titulos&idTitulo=2339,https://www.juntadeandalucia.es/boja/2014/90/15,criterio_operativo_AL_LIO_alineado_al_modulo,2026-08-04
MP-EVT-001,Diseñar y evaluar un evento de marketing,"Define objetivo, público, experiencia, proveedores, permisos, cronograma, riesgos y métricas.",26,"Cronograma y responsabilidades completos || Presupuesto, proveedores y contingencias definidos || Métricas de asistencia, interacción y resultado",Dossier de evento,"Evento viable, medible y con contingencia",formación|proyecto|empleo|oportunidad,https://www.juntadeandalucia.es/educacion/portals/web/formacion-profesional-andaluza/cf-grado-superior-detalle-titulo?backURL=%2Feducacion%2Fportales%2Fweb%2Fformacion-profesional-andaluza%2Fgrado-superior-catalogo-de-titulos&idTitulo=2339,https://www.juntadeandalucia.es/boja/2014/90/15,criterio_operativo_AL_LIO_alineado_al_modulo,2026-08-04
MP-LAN-001,Preparar el lanzamiento de un producto o servicio,"Integra insight, posicionamiento, oferta, canales, ventas, calendario y métricas.",28,"Define hipótesis y público de lanzamiento || Coordina contenido, medios y ventas || Incluye prueba, seguimiento y decisión posterior",Plan de lanzamiento de 30 días,"Acciones, responsables y métricas conectados",formación|proyecto|empleo|oportunidad,https://www.juntadeandalucia.es/educacion/portals/web/formacion-profesional-andaluza/cf-grado-superior-detalle-titulo?backURL=%2Feducacion%2Fportales%2Fweb%2Fformacion-profesional-andaluza%2Fgrado-superior-catalogo-de-titulos&idTitulo=2339,https://www.juntadeandalucia.es/boja/2014/90/15,criterio_operativo_AL_LIO_alineado_al_modulo,2026-08-04
MP-LEG-001,"Aplicar privacidad, propiedad intelectual y publicidad responsable","Gestiona consentimiento, cookies, derechos de imagen, licencias y mensajes verificables.",16,Identifica base y finalidad de datos || Verifica licencias y autorizaciones de activos || Evita afirmaciones engañosas y documenta evidencia,Checklist legal aplicado a una campaña,Sin uso no autorizado ni recogida innecesaria,formación|proyecto|empleo|oportunidad,https://www.juntadeandalucia.es/educacion/portals/web/formacion-profesional-andaluza/cf-grado-superior-detalle-titulo?backURL=%2Feducacion%2Fportales%2Fweb%2Fformacion-profesional-andaluza%2Fgrado-superior-catalogo-de-titulos&idTitulo=2339,https://www.juntadeandalucia.es/boja/2014/90/15,criterio_operativo_AL_LIO_alineado_al_modulo,2026-08-04
MP-DIGI-001,Automatizar procesos de marketing con control,"Selecciona automatizaciones, integra herramientas y define supervisión, datos y métricas.",14,"Mapea proceso actual y objetivo || Define disparadores, excepciones y revisión humana || Mide ahorro e impacto sin degradar experiencia",Flujo automatizado ficticio y ficha de control,Excepciones y privacidad contempladas,formación|proyecto|empleo|oportunidad,https://www.juntadeandalucia.es/educacion/portals/web/formacion-profesional-andaluza/cf-grado-superior-detalle-titulo?backURL=%2Feducacion%2Fportales%2Fweb%2Fformacion-profesional-andaluza%2Fgrado-superior-catalogo-de-titulos&idTitulo=2339,https://www.juntadeandalucia.es/boja/2014/90/15,criterio_operativo_AL_LIO_alineado_al_modulo,2026-08-04
MP-SUS-001,Aplicar sostenibilidad a campañas y eventos,"Reduce materiales, impactos y greenwashing y mejora accesibilidad e inclusión.",8,Identifica impactos principales || Propone acciones medibles y realistas || Revisa afirmaciones ambientales y accesibilidad,Checklist sostenible de campaña,Tres mejoras y ninguna afirmación no demostrable,formación|proyecto|empleo|oportunidad,https://www.juntadeandalucia.es/educacion/portals/web/formacion-profesional-andaluza/cf-grado-superior-detalle-titulo?backURL=%2Feducacion%2Fportales%2Fweb%2Fformacion-profesional-andaluza%2Fgrado-superior-catalogo-de-titulos&idTitulo=2339,https://www.juntadeandalucia.es/boja/2014/90/15,criterio_operativo_AL_LIO_alineado_al_modulo,2026-08-04
MP-ENG-001,Trabajar con briefs y comunicación de marketing en inglés,"Comprende documentación y redacta mensajes, informes y presentaciones breves.",16,Resume un brief en español || Redacta email y copy breve en inglés || Presenta resultados durante 2 minutos,Brief y presentación bilingüe,Comprensible y orientado a negocio,formación|proyecto|empleo|oportunidad,https://www.juntadeandalucia.es/educacion/portals/web/formacion-profesional-andaluza/cf-grado-superior-detalle-titulo?backURL=%2Feducacion%2Fportales%2Fweb%2Fformacion-profesional-andaluza%2Fgrado-superior-catalogo-de-titulos&idTitulo=2339,https://www.juntadeandalucia.es/boja/2014/90/15,criterio_operativo_AL_LIO_alineado_al_modulo,2026-08-04
MP-EMP-001,Construir portfolio y candidatura de marketing,"Selecciona evidencias, explica decisiones y adapta CV a puestos concretos.",18,"Portfolio incluye estrategia, pieza y resultados o métricas simuladas || CV usa vocabulario del puesto sin inventar experiencia || Matriz de brechas de tres ofertas","Portfolio, CV y matriz de brechas",Dos casos completos y candidatura adaptada,empleo|prácticas|beca|formación_en_empresa,https://www.juntadeandalucia.es/educacion/portals/web/formacion-profesional-andaluza/cf-grado-superior-detalle-titulo?backURL=%2Feducacion%2Fportales%2Fweb%2Fformacion-profesional-andaluza%2Fgrado-superior-catalogo-de-titulos&idTitulo=2339,https://www.juntadeandalucia.es/boja/2014/90/15,criterio_operativo_AL_LIO_alineado_al_modulo,2026-08-04
MP-PRJ-001,Crear una campaña integrada de principio a fin,"Integra investigación, estrategia, creatividad, canales, presupuesto, ejecución, medición y legal.",50,"Problema y público respaldados por información || Plan, piezas, presupuesto y medición están conectados || Incluye resultados simulados o reales y aprendizaje",Caso de campaña completo,Trazabilidad desde insight hasta evaluación,formación|proyecto|empleo|oportunidad,https://www.juntadeandalucia.es/educacion/portals/web/formacion-profesional-andaluza/cf-grado-superior-detalle-titulo?backURL=%2Feducacion%2Fportales%2Fweb%2Fformacion-profesional-andaluza%2Fgrado-superior-catalogo-de-titulos&idTitulo=2339,https://www.juntadeandalucia.es/boja/2014/90/15,criterio_operativo_AL_LIO_alineado_al_modulo,2026-08-04
MP-PRJ-002,Presentar y defender una propuesta,"Expone insight, decisión estratégica, creatividad, plan, inversión, riesgos y medición.",8,Pitch de 5 minutos || Muestra piezas y datos sin saturar || Responde objeciones y reconoce límites,Vídeo o presentación de pitch,Mensaje claro y decisión defendible,formación|proyecto|empleo|oportunidad,https://www.juntadeandalucia.es/educacion/portals/web/formacion-profesional-andaluza/cf-grado-superior-detalle-titulo?backURL=%2Feducacion%2Fportales%2Fweb%2Fformacion-profesional-andaluza%2Fgrado-superior-catalogo-de-titulos&idTitulo=2339,https://www.juntadeandalucia.es/boja/2014/90/15,criterio_operativo_AL_LIO_alineado_al_modulo,2026-08-04
AF-BAS-001,Organizar archivos y documentación administrativa,"Clasifica documentos, aplica nombres consistentes, versiones, permisos y copias de seguridad.",5,"Crea estructura por empresa, ejercicio y proceso || Localiza una versión concreta y explica su estado || Protege y respalda documentación sensible",Archivo administrativo ficticio organizado,3 de 3 criterios y sin datos reales,formación|proyecto|empleo|oportunidad,https://www.juntadeandalucia.es/educacion/portals/web/formacion-profesional-andaluza/cf-grado-superior-detalle-titulo?backURL=%2Feducacion%2Fportals%2Fweb%2Fformacion-profesional-andaluza%2Fgrado-superior-catalogo-de-titulos&idTitulo=2329,https://www.juntadeandalucia.es/boja/2013/77/9,criterio_operativo_AL_LIO_alineado_al_modulo,2026-08-04
AF-BAS-002,Escribir con precisión y usar funciones básicas de Office,"Crea documentos, tablas y presentaciones legibles y usa atajos y revisión.",10,Redacta un documento con estilos y tabla || Crea una hoja con fórmulas simples || Exporta correctamente a PDF,"Pack de documento, hoja y presentación",Sin errores de formato o cálculo esenciales,formación|proyecto|empleo|oportunidad,https://www.juntadeandalucia.es/educacion/portals/web/formacion-profesional-andaluza/cf-grado-superior-detalle-titulo?backURL=%2Feducacion%2Fportals%2Fweb%2Fformacion-profesional-andaluza%2Fgrado-superior-catalogo-de-titulos&idTitulo=2329,https://www.juntadeandalucia.es/boja/2013/77/9,criterio_operativo_AL_LIO_alineado_al_modulo,2026-08-04
AF-BAS-003,"Operar con porcentajes, reglas de tres e importes","Calcula bases, descuentos, recargos, impuestos, intereses simples y variaciones.",10,"Calcula porcentajes directos e inversos || Separa base, cuota y total || Comprueba resultado mediante estimación",Hoja con 20 ejercicios,80 % de resultados correctos,formación|proyecto|empleo|oportunidad,https://www.juntadeandalucia.es/educacion/portals/web/formacion-profesional-andaluza/cf-grado-superior-detalle-titulo?backURL=%2Feducacion%2Fportals%2Fweb%2Fformacion-profesional-andaluza%2Fgrado-superior-catalogo-de-titulos&idTitulo=2329,https://www.juntadeandalucia.es/boja/2013/77/9,criterio_operativo_AL_LIO_alineado_al_modulo,2026-08-04
AF-BAS-004,Redactar correos y comunicaciones profesionales,"Escribe mensajes con asunto, contexto, petición, plazo, tono y cierre adecuados.",6,Asunto permite identificar la acción || Mensaje contiene datos y petición necesarios || Mantiene tono profesional y revisa adjuntos,Tres correos de casos administrativos,Todos permiten actuar sin pedir aclaraciones esenciales,formación|proyecto|empleo|oportunidad,https://www.juntadeandalucia.es/educacion/portals/web/formacion-profesional-andaluza/cf-grado-superior-detalle-titulo?backURL=%2Feducacion%2Fportals%2Fweb%2Fformacion-profesional-andaluza%2Fgrado-superior-catalogo-de-titulos&idTitulo=2329,https://www.juntadeandalucia.es/boja/2013/77/9,criterio_operativo_AL_LIO_alineado_al_modulo,2026-08-04
AF-BAS-005,"Proteger datos, credenciales y documentación","Reconoce phishing, aplica mínimos accesos y evita compartir información por canales inadecuados.",6,Detecta señales de fraude en dos correos || Aplica principio de mínimo acceso || Define procedimiento de envío y destrucción segura,Checklist de seguridad administrativa,Sin prácticas críticas inseguras,formación|proyecto|empleo|oportunidad,https://www.juntadeandalucia.es/educacion/portals/web/formacion-profesional-andaluza/cf-grado-superior-detalle-titulo?backURL=%2Feducacion%2Fportals%2Fweb%2Fformacion-profesional-andaluza%2Fgrado-superior-catalogo-de-titulos&idTitulo=2329,https://www.juntadeandalucia.es/boja/2013/77/9,criterio_operativo_AL_LIO_alineado_al_modulo,2026-08-04
AF-JUR-001,Distinguir formas jurídicas y órganos de la empresa,"Relaciona responsabilidad, capital, gestión y trámites con la forma jurídica.",18,Compara autónomo y sociedades habituales || Identifica órganos y responsabilidades || Justifica una forma para un caso sencillo,Tabla comparativa y recomendación,Comparación correcta y supuestos visibles,formación|proyecto|empleo|oportunidad,https://www.juntadeandalucia.es/educacion/portals/web/formacion-profesional-andaluza/cf-grado-superior-detalle-titulo?backURL=%2Feducacion%2Fportals%2Fweb%2Fformacion-profesional-andaluza%2Fgrado-superior-catalogo-de-titulos&idTitulo=2329,https://www.juntadeandalucia.es/boja/2013/77/9,criterio_operativo_AL_LIO_alineado_al_modulo,2026-08-04
AF-JUR-002,Preparar trámites de constitución y documentación oficial,"Identifica organismos, secuencia, plazos y documentos para actuaciones empresariales.",20,Ordena trámites y responsables || Completa modelos simulados sin datos incoherentes || Mantiene registro de presentación y plazo,Expediente ficticio de constitución o modificación,Documentación completa y secuenciada,formación|proyecto|empleo|oportunidad,https://www.juntadeandalucia.es/educacion/portals/web/formacion-profesional-andaluza/cf-grado-superior-detalle-titulo?backURL=%2Feducacion%2Fportals%2Fweb%2Fformacion-profesional-andaluza%2Fgrado-superior-catalogo-de-titulos&idTitulo=2329,https://www.juntadeandalucia.es/boja/2013/77/9,criterio_operativo_AL_LIO_alineado_al_modulo,2026-08-04
AF-RRHH-001,"Analizar organización, puestos y selección","Describe estructura, funciones, competencias y un proceso de selección no discriminatorio.",20,Crea organigrama y ficha de puesto || Define criterios relacionados con el trabajo || Diseña proceso con trazabilidad e igualdad,"Organigrama, puesto y proceso de selección",Criterios objetivos y documentación completa,formación|proyecto|empleo|oportunidad,https://www.juntadeandalucia.es/educacion/portals/web/formacion-profesional-andaluza/cf-grado-superior-detalle-titulo?backURL=%2Feducacion%2Fportals%2Fweb%2Fformacion-profesional-andaluza%2Fgrado-superior-catalogo-de-titulos&idTitulo=2329,https://www.juntadeandalucia.es/boja/2013/77/9,criterio_operativo_AL_LIO_alineado_al_modulo,2026-08-04
AF-RRHH-002,"Aplicar responsabilidad social, igualdad y protección","Integra ética, sostenibilidad, igualdad, prevención y privacidad en políticas internas.",16,Identifica grupos afectados || Define medidas e indicadores || Evita recopilar o divulgar datos innecesarios,Política interna breve con indicadores,"Medidas concretas, responsables y revisión",formación|proyecto|empleo|oportunidad,https://www.juntadeandalucia.es/educacion/portals/web/formacion-profesional-andaluza/cf-grado-superior-detalle-titulo?backURL=%2Feducacion%2Fportals%2Fweb%2Fformacion-profesional-andaluza%2Fgrado-superior-catalogo-de-titulos&idTitulo=2329,https://www.juntadeandalucia.es/boja/2013/77/9,criterio_operativo_AL_LIO_alineado_al_modulo,2026-08-04
AF-OFI-001,Crear documentos administrativos mediante estilos y plantillas,"Automatiza cartas, informes, formularios y combinaciones de correspondencia.",20,"Usa estilos, secciones y numeración || Crea plantilla reutilizable || Genera combinación de correspondencia con datos ficticios",Plantilla y lote de documentos,Formato consistente y datos correctamente combinados,formación|proyecto|empleo|oportunidad,https://www.juntadeandalucia.es/educacion/portals/web/formacion-profesional-andaluza/cf-grado-superior-detalle-titulo?backURL=%2Feducacion%2Fportals%2Fweb%2Fformacion-profesional-andaluza%2Fgrado-superior-catalogo-de-titulos&idTitulo=2329,https://www.juntadeandalucia.es/boja/2013/77/9,criterio_operativo_AL_LIO_alineado_al_modulo,2026-08-04
AF-OFI-002,Usar Excel para gestión administrativa,"Aplica tablas, referencias, funciones lógicas, búsquedas, validación, filtros y gráficos.",28,Usa referencias absolutas y relativas || Aplica funciones de búsqueda y lógicas || Valida entradas y resume datos con tabla dinámica o equivalente,Libro de control administrativo,Fórmulas correctas y entradas controladas,formación|proyecto|empleo|oportunidad,https://www.juntadeandalucia.es/educacion/portals/web/formacion-profesional-andaluza/cf-grado-superior-detalle-titulo?backURL=%2Feducacion%2Fportals%2Fweb%2Fformacion-profesional-andaluza%2Fgrado-superior-catalogo-de-titulos&idTitulo=2329,https://www.juntadeandalucia.es/boja/2013/77/9,criterio_operativo_AL_LIO_alineado_al_modulo,2026-08-04
AF-OFI-003,Automatizar limpieza y consolidación de datos,"Importa CSV, transforma columnas, relaciona tablas y actualiza informes.",22,Importa dos fuentes sin copiar manualmente || Documenta transformaciones || Actualiza resultados al sustituir archivos de origen,Modelo con Power Query o proceso equivalente,Actualización reproducible sin fórmulas rotas,formación|proyecto|empleo|oportunidad,https://www.juntadeandalucia.es/educacion/portals/web/formacion-profesional-andaluza/cf-grado-superior-detalle-titulo?backURL=%2Feducacion%2Fportals%2Fweb%2Fformacion-profesional-andaluza%2Fgrado-superior-catalogo-de-titulos&idTitulo=2329,https://www.juntadeandalucia.es/boja/2013/77/9,criterio_operativo_AL_LIO_alineado_al_modulo,2026-08-04
AF-COM-001,"Gestionar compras, ventas, facturas y cobros","Relaciona pedido, albarán, factura, impuesto, vencimiento, pago y archivo.",24,"Documentos mantienen trazabilidad || Calcula bases, descuentos e impuestos || Registra vencimiento y forma de pago",Expediente completo de compra y venta,Importes y referencias coherentes,formación|proyecto|empleo|oportunidad,https://www.juntadeandalucia.es/educacion/portals/web/formacion-profesional-andaluza/cf-grado-superior-detalle-titulo?backURL=%2Feducacion%2Fportals%2Fweb%2Fformacion-profesional-andaluza%2Fgrado-superior-catalogo-de-titulos&idTitulo=2329,https://www.juntadeandalucia.es/boja/2013/77/9,criterio_operativo_AL_LIO_alineado_al_modulo,2026-08-04
AF-COM-002,Registrar el ciclo contable básico,"Clasifica hechos, realiza asientos sencillos y relaciona libro diario, mayor y balances.",30,"Distingue activo, pasivo, patrimonio, gasto e ingreso || Registra operaciones con partida doble || Comprueba sumas y saldos",Libro diario y balance de comprobación de caso ficticio,Al menos 90 % de asientos correctos,formación|proyecto|empleo|oportunidad,https://www.juntadeandalucia.es/educacion/portals/web/formacion-profesional-andaluza/cf-grado-superior-detalle-titulo?backURL=%2Feducacion%2Fportals%2Fweb%2Fformacion-profesional-andaluza%2Fgrado-superior-catalogo-de-titulos&idTitulo=2329,https://www.juntadeandalucia.es/boja/2013/77/9,criterio_operativo_AL_LIO_alineado_al_modulo,2026-08-04
AF-CLI-001,"Atender y registrar consultas, quejas y reclamaciones","Escucha, informa, documenta, deriva y cierra incidencias con lenguaje profesional.",18,"Recoge hechos y necesidad || Explica plazo, responsable y siguiente paso || Registra y cierra la incidencia",Role-play y ficha de tres casos,Respuesta trazable y respetuosa,formación|proyecto|empleo|oportunidad,https://www.juntadeandalucia.es/educacion/portals/web/formacion-profesional-andaluza/cf-grado-superior-detalle-titulo?backURL=%2Feducacion%2Fportals%2Fweb%2Fformacion-profesional-andaluza%2Fgrado-superior-catalogo-de-titulos&idTitulo=2329,https://www.juntadeandalucia.es/boja/2013/77/9,criterio_operativo_AL_LIO_alineado_al_modulo,2026-08-04
AF-CLI-002,Gestionar comunicaciones y archivo multicanal,"Mantiene registro de entradas, salidas, llamadas, reuniones y documentación con criterios de acceso.",16,Clasifica cada comunicación || Mantiene plazos y responsables || Controla acceso y conservación,Registro de comunicaciones ficticio,"Sin pérdidas, duplicados ni acceso inadecuado",formación|proyecto|empleo|oportunidad,https://www.juntadeandalucia.es/educacion/portals/web/formacion-profesional-andaluza/cf-grado-superior-detalle-titulo?backURL=%2Feducacion%2Fportals%2Fweb%2Fformacion-profesional-andaluza%2Fgrado-superior-catalogo-de-titulos&idTitulo=2329,https://www.juntadeandalucia.es/boja/2013/77/9,criterio_operativo_AL_LIO_alineado_al_modulo,2026-08-04
AF-LAB-001,"Interpretar contratos, jornada y documentación laboral","Relaciona modalidad, jornada, periodo, salario, altas, bajas y expediente.",22,Selecciona modalidad coherente con caso || Identifica documentación y plazos || Mantiene expediente completo y confidencial,Expediente laboral ficticio,Documentos coherentes y plazos identificados,formación|proyecto|empleo|oportunidad,https://www.juntadeandalucia.es/educacion/portals/web/formacion-profesional-andaluza/cf-grado-superior-detalle-titulo?backURL=%2Feducacion%2Fportals%2Fweb%2Fformacion-profesional-andaluza%2Fgrado-superior-catalogo-de-titulos&idTitulo=2329,https://www.juntadeandalucia.es/boja/2013/77/9,criterio_operativo_AL_LIO_alineado_al_modulo,2026-08-04
AF-LAB-002,Calcular y revisar una nómina,"Calcula devengos, deducciones, bases y líquido y verifica coherencia.",30,Identifica conceptos salariales y extrasalariales || Calcula bases y deducciones del caso || Comprueba líquido y coste empresarial,Tres nóminas ficticias con hoja de cálculo,90 % de cálculos correctos,formación|proyecto|empleo|oportunidad,https://www.juntadeandalucia.es/educacion/portals/web/formacion-profesional-andaluza/cf-grado-superior-detalle-titulo?backURL=%2Feducacion%2Fportals%2Fweb%2Fformacion-profesional-andaluza%2Fgrado-superior-catalogo-de-titulos&idTitulo=2329,https://www.juntadeandalucia.es/boja/2013/77/9,criterio_operativo_AL_LIO_alineado_al_modulo,2026-08-04
AF-FIN-001,Aplicar cálculo financiero,"Calcula interés, descuento, equivalencia, cuotas y coste efectivo en casos administrativos.",24,Distingue tipo nominal y efectivo || Calcula cuotas o valor temporal || Explica supuestos y verifica resultados,Hoja de cálculo financiera,80 % de casos correctos y fórmulas documentadas,formación|proyecto|empleo|oportunidad,https://www.juntadeandalucia.es/educacion/portals/web/formacion-profesional-andaluza/cf-grado-superior-detalle-titulo?backURL=%2Feducacion%2Fportals%2Fweb%2Fformacion-profesional-andaluza%2Fgrado-superior-catalogo-de-titulos&idTitulo=2329,https://www.juntadeandalucia.es/boja/2013/77/9,criterio_operativo_AL_LIO_alineado_al_modulo,2026-08-04
AF-FIN-002,"Gestionar tesorería, financiación y riesgo","Prepara previsiones, compara alternativas y controla cobros, pagos y liquidez.",26,"Elabora previsión de tesorería || Detecta déficit o excedente || Compara financiación por coste, plazo y riesgo",Presupuesto de tesorería y recomendación,Saldos correctos y decisión justificada,formación|proyecto|empleo|oportunidad,https://www.juntadeandalucia.es/educacion/portals/web/formacion-profesional-andaluza/cf-grado-superior-detalle-titulo?backURL=%2Feducacion%2Fportals%2Fweb%2Fformacion-profesional-andaluza%2Fgrado-superior-catalogo-de-titulos&idTitulo=2329,https://www.juntadeandalucia.es/boja/2013/77/9,criterio_operativo_AL_LIO_alineado_al_modulo,2026-08-04
AF-CON-001,Completar el ciclo contable,"Registra ajustes, amortizaciones, periodificaciones, regularización y cierre.",34,Registra ajustes de fin de ejercicio || Calcula resultado y cierre || Prepara balance y cuenta de resultados coherentes,Caso contable completo,Descuadres inexistentes y asientos principales correctos,formación|proyecto|empleo|oportunidad,https://www.juntadeandalucia.es/educacion/portals/web/formacion-profesional-andaluza/cf-grado-superior-detalle-titulo?backURL=%2Feducacion%2Fportals%2Fweb%2Fformacion-profesional-andaluza%2Fgrado-superior-catalogo-de-titulos&idTitulo=2329,https://www.juntadeandalucia.es/boja/2013/77/9,criterio_operativo_AL_LIO_alineado_al_modulo,2026-08-04
AF-CON-002,Gestionar obligaciones fiscales básicas,"Relaciona operaciones con IVA, retenciones y otros modelos aplicables sin sustituir asesoramiento especializado.",26,"Clasifica operaciones y tipos del caso || Calcula liquidación simulada || Identifica modelo, periodo y documentación soporte",Liquidación fiscal ficticia y expediente,Cálculos coherentes y fuentes normativas anotadas,formación|proyecto|empleo|oportunidad,https://www.juntadeandalucia.es/educacion/portals/web/formacion-profesional-andaluza/cf-grado-superior-detalle-titulo?backURL=%2Feducacion%2Fportals%2Fweb%2Fformacion-profesional-andaluza%2Fgrado-superior-catalogo-de-titulos&idTitulo=2329,https://www.juntadeandalucia.es/boja/2013/77/9,criterio_operativo_AL_LIO_alineado_al_modulo,2026-08-04
AF-LOG-001,Planificar aprovisionamiento e inventario,"Calcula necesidades, stock, punto de pedido y coste y evalúa proveedores.",24,Calcula stock y punto de pedido || Compara proveedores con criterios ponderados || Documenta pedido y recepción,Plan de aprovisionamiento,Cálculos y selección justificadas,formación|proyecto|empleo|oportunidad,https://www.juntadeandalucia.es/educacion/portals/web/formacion-profesional-andaluza/cf-grado-superior-detalle-titulo?backURL=%2Feducacion%2Fportals%2Fweb%2Fformacion-profesional-andaluza%2Fgrado-superior-catalogo-de-titulos&idTitulo=2329,https://www.juntadeandalucia.es/boja/2013/77/9,criterio_operativo_AL_LIO_alineado_al_modulo,2026-08-04
AF-LOG-002,Negociar y controlar compras,"Prepara condiciones, compara ofertas, registra incidencias y evalúa servicio.",18,Define criterios y límites de negociación || Compara coste total y servicio || Registra acuerdo e incidencia,Cuadro comparativo y acta de negociación simulada,Decisión trazable y condiciones completas,formación|proyecto|empleo|oportunidad,https://www.juntadeandalucia.es/educacion/portals/web/formacion-profesional-andaluza/cf-grado-superior-detalle-titulo?backURL=%2Feducacion%2Fportals%2Fweb%2Fformacion-profesional-andaluza%2Fgrado-superior-catalogo-de-titulos&idTitulo=2329,https://www.juntadeandalucia.es/boja/2013/77/9,criterio_operativo_AL_LIO_alineado_al_modulo,2026-08-04
AF-BI-001,Crear cuadros de mando administrativos y financieros,"Conecta datos, define KPI y presenta evolución, desviación y alertas.",22,KPI tiene definición y fuente || Datos se actualizan de forma reproducible || El panel permite detectar una acción necesaria,"Dashboard de ingresos, gastos, tesorería y cobros",Cifras reconciliadas y métricas documentadas,formación|proyecto|empleo|oportunidad,https://www.juntadeandalucia.es/educacion/portals/web/formacion-profesional-andaluza/cf-grado-superior-detalle-titulo?backURL=%2Feducacion%2Fportals%2Fweb%2Fformacion-profesional-andaluza%2Fgrado-superior-catalogo-de-titulos&idTitulo=2329,https://www.juntadeandalucia.es/boja/2013/77/9,criterio_operativo_AL_LIO_alineado_al_modulo,2026-08-04
AF-DIG-001,Automatizar procesos administrativos con control,"Mapea flujo, elimina duplicación, define excepciones, trazabilidad y revisión humana.",16,"Proceso actual y futuro documentados || Automatización conserva trazabilidad || Excepciones, errores y permisos están definidos",Flujo automatizado ficticio,Ahorro medible y controles presentes,formación|proyecto|empleo|oportunidad,https://www.juntadeandalucia.es/educacion/portals/web/formacion-profesional-andaluza/cf-grado-superior-detalle-titulo?backURL=%2Feducacion%2Fportals%2Fweb%2Fformacion-profesional-andaluza%2Fgrado-superior-catalogo-de-titulos&idTitulo=2329,https://www.juntadeandalucia.es/boja/2013/77/9,criterio_operativo_AL_LIO_alineado_al_modulo,2026-08-04
AF-SUS-001,Aplicar sostenibilidad y calidad a procesos administrativos,"Reduce papel, errores, desplazamientos y consumo y mejora accesibilidad y conservación.",8,Identifica impactos de un proceso || Propone tres mejoras con indicador || Incluye accesibilidad y cumplimiento,Plan de mejora,Tres acciones medibles,formación|proyecto|empleo|oportunidad,https://www.juntadeandalucia.es/educacion/portals/web/formacion-profesional-andaluza/cf-grado-superior-detalle-titulo?backURL=%2Feducacion%2Fportals%2Fweb%2Fformacion-profesional-andaluza%2Fgrado-superior-catalogo-de-titulos&idTitulo=2329,https://www.juntadeandalucia.es/boja/2013/77/9,criterio_operativo_AL_LIO_alineado_al_modulo,2026-08-04
AF-ENG-001,Gestionar comunicaciones administrativas en inglés,"Comprende facturas, pedidos y correos y responde de forma profesional.",16,Interpreta campos de un documento comercial || Redacta email de seguimiento || Explica un estado de pedido o pago,Expediente bilingüe breve,Información esencial correcta,formación|proyecto|empleo|oportunidad,https://www.juntadeandalucia.es/educacion/portals/web/formacion-profesional-andaluza/cf-grado-superior-detalle-titulo?backURL=%2Feducacion%2Fportals%2Fweb%2Fformacion-profesional-andaluza%2Fgrado-superior-catalogo-de-titulos&idTitulo=2329,https://www.juntadeandalucia.es/boja/2013/77/9,criterio_operativo_AL_LIO_alineado_al_modulo,2026-08-04
AF-EMP-001,Preparar candidatura administrativa,"Adapta CV, demuestra Excel y procesos y analiza requisitos de ofertas y bolsas.",18,"CV adaptado a un puesto || Portfolio con hoja, expediente y dashboard || Matriz de requisitos y documentación de tres ofertas","CV, portfolio y matriz de brechas",Evidencias verificables y candidatura completa,empleo|prácticas|bolsa|formación_en_empresa,https://www.juntadeandalucia.es/educacion/portals/web/formacion-profesional-andaluza/cf-grado-superior-detalle-titulo?backURL=%2Feducacion%2Fportals%2Fweb%2Fformacion-profesional-andaluza%2Fgrado-superior-catalogo-de-titulos&idTitulo=2329,https://www.juntadeandalucia.es/boja/2013/77/9,criterio_operativo_AL_LIO_alineado_al_modulo,2026-08-04
AF-SIM-001,Gestionar una empresa simulada de forma integrada,"Coordina constitución, compras, ventas, personal, contabilidad, fiscalidad, tesorería y atención.",48,Procesos mantienen trazabilidad entre departamentos || Documentación e importes cuadran || Se revisan resultados y se corrigen incidencias,Expediente anual de empresa simulada,Sin incoherencias críticas entre áreas,formación|proyecto|empleo|oportunidad,https://www.juntadeandalucia.es/educacion/portals/web/formacion-profesional-andaluza/cf-grado-superior-detalle-titulo?backURL=%2Feducacion%2Fportals%2Fweb%2Fformacion-profesional-andaluza%2Fgrado-superior-catalogo-de-titulos&idTitulo=2329,https://www.juntadeandalucia.es/boja/2013/77/9,criterio_operativo_AL_LIO_alineado_al_modulo,2026-08-04
AF-PRJ-001,Diseñar una solución administrativa integral,"Analiza necesidad, proceso, normativa, datos, recursos, costes, riesgos y evaluación.",45,"Problema y alcance definidos || Proceso y documentación son completos || Incluye indicadores, seguridad y viabilidad","Memoria, plantillas, dashboard y presentación",Solución reproducible y coherente,formación|proyecto|empleo|oportunidad,https://www.juntadeandalucia.es/educacion/portals/web/formacion-profesional-andaluza/cf-grado-superior-detalle-titulo?backURL=%2Feducacion%2Fportals%2Fweb%2Fformacion-profesional-andaluza%2Fgrado-superior-catalogo-de-titulos&idTitulo=2329,https://www.juntadeandalucia.es/boja/2013/77/9,criterio_operativo_AL_LIO_alineado_al_modulo,2026-08-04
AF-PRJ-002,Presentar y defender una propuesta administrativa,"Expone problema, proceso, ahorro, control, riesgos, datos y resultados.",8,Presentación de 5 minutos || Demuestra documentos o panel || Responde dudas y reconoce límites normativos,Vídeo o defensa,Mensaje claro y cifras coherentes,formación|proyecto|empleo|oportunidad,https://www.juntadeandalucia.es/educacion/portals/web/formacion-profesional-andaluza/cf-grado-superior-detalle-titulo?backURL=%2Feducacion%2Fportals%2Fweb%2Fformacion-profesional-andaluza%2Fgrado-superior-catalogo-de-titulos&idTitulo=2329,https://www.juntadeandalucia.es/boja/2013/77/9,criterio_operativo_AL_LIO_alineado_al_modulo,2026-08-04
