item_id_slug,ciclo_siglas,competencia_id,tipo_relacion,orden_preparacion,nivel_minimo_recomendado,obligatoria_para_item,motivo_relacion,ultima_revision
daw_andalucia_vuela_html_css,DAW,DAW-BAS-003,desarrolla,1,0,no,"Iniciación a la programación web con HTML y CSS se relaciona con Resolver problemas mediante algoritmos simples por su tipo, descripción o etiquetas.",2026-08-04
daw_andalucia_vuela_html_css,DAW,DAW-PRO-001,desarrolla,2,1,no,"Iniciación a la programación web con HTML y CSS se relaciona con Programar con variables, decisiones y bucles por su tipo, descripción o etiquetas.",2026-08-04
daw_andalucia_vuela_html_css,DAW,DAW-LM-002,desarrolla,3,1,no,"Iniciación a la programación web con HTML y CSS se relaciona con Presentar información de forma responsive por su tipo, descripción o etiquetas.",2026-08-04
daw_andalucia_vuela_html_css,DAW,DAW-BAS-004,desarrolla,4,0,no,"Iniciación a la programación web con HTML y CSS se relaciona con Comprender cómo funciona una aplicación conectada por su tipo, descripción o etiquetas.",2026-08-04
daw_andalucia_vuela_html_css,DAW,DAW-PRO-002,desarrolla,5,1,no,"Iniciación a la programación web con HTML y CSS se relaciona con Diseñar funciones y trabajar con colecciones por su tipo, descripción o etiquetas.",2026-08-04
daw_mdn_aprende_desarrollo_web,DAW,DAW-LM-002,desarrolla,1,1,no,"Aprende desarrollo web con MDN se relaciona con Presentar información de forma responsive por su tipo, descripción o etiquetas.",2026-08-04
daw_mdn_aprende_desarrollo_web,DAW,DAW-CLI-001,desarrolla,2,2,no,"Aprende desarrollo web con MDN se relaciona con Programar interacción con JavaScript en el navegador por su tipo, descripción o etiquetas.",2026-08-04
daw_mdn_aprende_desarrollo_web,DAW,DAW-BAS-004,desarrolla,3,0,no,"Aprende desarrollo web con MDN se relaciona con Comprender cómo funciona una aplicación conectada por su tipo, descripción o etiquetas.",2026-08-04
daw_mdn_aprende_desarrollo_web,DAW,DAW-PRO-001,desarrolla,4,1,no,"Aprende desarrollo web con MDN se relaciona con Programar con variables, decisiones y bucles por su tipo, descripción o etiquetas.",2026-08-04
daw_mdn_aprende_desarrollo_web,DAW,DAW-LM-001,desarrolla,5,1,no,"Aprende desarrollo web con MDN se relaciona con Estructurar información con lenguajes de marcas por su tipo, descripción o etiquetas.",2026-08-04
daw_microsoft_web_dev_beginners,DAW,DAW-PRO-001,desarrolla,1,1,no,"Web Development for Beginners se relaciona con Programar con variables, decisiones y bucles por su tipo, descripción o etiquetas.",2026-08-04
daw_microsoft_web_dev_beginners,DAW,DAW-BAS-004,desarrolla,2,0,no,"Web Development for Beginners se relaciona con Comprender cómo funciona una aplicación conectada por su tipo, descripción o etiquetas.",2026-08-04
daw_microsoft_web_dev_beginners,DAW,DAW-LM-001,desarrolla,3,1,no,"Web Development for Beginners se relaciona con Estructurar información con lenguajes de marcas por su tipo, descripción o etiquetas.",2026-08-04
daw_microsoft_web_dev_beginners,DAW,DAW-LM-002,desarrolla,4,1,no,"Web Development for Beginners se relaciona con Presentar información de forma responsive por su tipo, descripción o etiquetas.",2026-08-04
daw_microsoft_web_dev_beginners,DAW,DAW-ED-001,desarrolla,5,1,no,"Web Development for Beginners se relaciona con Usar Git y un flujo de trabajo colaborativo por su tipo, descripción o etiquetas.",2026-08-04
daw_react_learn,DAW,DAW-CLI-001,desarrolla,1,2,no,"Learn React se relaciona con Programar interacción con JavaScript en el navegador por su tipo, descripción o etiquetas.",2026-08-04
daw_react_learn,DAW,DAW-CLI-003,desarrolla,2,3,no,"Learn React se relaciona con Construir interfaces basadas en componentes por su tipo, descripción o etiquetas.",2026-08-04
daw_react_learn,DAW,DAW-PRO-001,desarrolla,3,1,no,"Learn React se relaciona con Programar con variables, decisiones y bucles por su tipo, descripción o etiquetas.",2026-08-04
daw_react_learn,DAW,DAW-PRO-003,desarrolla,4,2,no,"Learn React se relaciona con Aplicar programación orientada a objetos por su tipo, descripción o etiquetas.",2026-08-04
daw_react_learn,DAW,DAW-LM-002,desarrolla,5,1,no,"Learn React se relaciona con Presentar información de forma responsive por su tipo, descripción o etiquetas.",2026-08-04
daw_nextjs_learn,DAW,DAW-CLI-003,desarrolla,1,3,no,"Learn Next.js se relaciona con Construir interfaces basadas en componentes por su tipo, descripción o etiquetas.",2026-08-04
daw_nextjs_learn,DAW,DAW-LM-001,desarrolla,2,1,no,"Learn Next.js se relaciona con Estructurar información con lenguajes de marcas por su tipo, descripción o etiquetas.",2026-08-04
daw_nextjs_learn,DAW,DAW-DIG-001,desarrolla,3,1,no,"Learn Next.js se relaciona con Analizar digitalización, datos e IA de forma responsable por su tipo, descripción o etiquetas.",2026-08-04
daw_nextjs_learn,DAW,DAW-SUS-001,desarrolla,4,1,no,"Learn Next.js se relaciona con Aplicar sostenibilidad al desarrollo y operación por su tipo, descripción o etiquetas.",2026-08-04
daw_nextjs_learn,DAW,DAW-SRV-002,desarrolla,5,3,no,"Learn Next.js se relaciona con Implementar autenticación y autorización seguras por su tipo, descripción o etiquetas.",2026-08-04
daw_github_skills,DAW,DAW-ED-001,desarrolla,1,1,no,"GitHub Skills se relaciona con Usar Git y un flujo de trabajo colaborativo por su tipo, descripción o etiquetas.",2026-08-04
daw_github_skills,DAW,DAW-DIG-001,desarrolla,2,1,no,"GitHub Skills se relaciona con Analizar digitalización, datos e IA de forma responsable por su tipo, descripción o etiquetas.",2026-08-04
daw_github_skills,DAW,DAW-ED-002,desarrolla,3,2,no,"GitHub Skills se relaciona con Depurar, automatizar y mantener calidad por su tipo, descripción o etiquetas.",2026-08-04
daw_github_skills,DAW,DAW-DEP-002,desarrolla,4,3,no,"GitHub Skills se relaciona con Contenerizar y automatizar entrega por su tipo, descripción o etiquetas.",2026-08-04
daw_github_skills,DAW,DAW-BAS-005,desarrolla,5,0,no,"GitHub Skills se relaciona con Documentar errores y aprender mediante práctica por su tipo, descripción o etiquetas.",2026-08-04
daw_visual_studio_code,DAW,DAW-LM-002,desarrolla,1,1,no,"Visual Studio Code se relaciona con Presentar información de forma responsive por su tipo, descripción o etiquetas.",2026-08-04
daw_visual_studio_code,DAW,DAW-CLI-001,desarrolla,2,2,no,"Visual Studio Code se relaciona con Programar interacción con JavaScript en el navegador por su tipo, descripción o etiquetas.",2026-08-04
daw_visual_studio_code,DAW,DAW-CLI-003,desarrolla,3,3,no,"Visual Studio Code se relaciona con Construir interfaces basadas en componentes por su tipo, descripción o etiquetas.",2026-08-04
daw_visual_studio_code,DAW,DAW-PRO-001,desarrolla,4,1,no,"Visual Studio Code se relaciona con Programar con variables, decisiones y bucles por su tipo, descripción o etiquetas.",2026-08-04
daw_visual_studio_code,DAW,DAW-LM-001,desarrolla,5,1,no,"Visual Studio Code se relaciona con Estructurar información con lenguajes de marcas por su tipo, descripción o etiquetas.",2026-08-04
daw_github_student_pack,DAW,DAW-ED-001,desarrolla,1,1,no,"GitHub Student Developer Pack se relaciona con Usar Git y un flujo de trabajo colaborativo por su tipo, descripción o etiquetas.",2026-08-04
daw_github_student_pack,DAW,DAW-DIG-001,desarrolla,2,1,no,"GitHub Student Developer Pack se relaciona con Analizar digitalización, datos e IA de forma responsable por su tipo, descripción o etiquetas.",2026-08-04
daw_github_student_pack,DAW,DAW-DEP-001,desarrolla,3,3,no,"GitHub Student Developer Pack se relaciona con Desplegar una aplicación web con configuración segura por su tipo, descripción o etiquetas.",2026-08-04
daw_github_student_pack,DAW,DAW-ED-002,desarrolla,4,2,no,"GitHub Student Developer Pack se relaciona con Depurar, automatizar y mantener calidad por su tipo, descripción o etiquetas.",2026-08-04
daw_github_student_pack,DAW,DAW-DEP-002,desarrolla,5,3,no,"GitHub Student Developer Pack se relaciona con Contenerizar y automatizar entrega por su tipo, descripción o etiquetas.",2026-08-04
daw_docker,DAW,DAW-DEP-002,desarrolla,1,3,no,"Docker se relaciona con Contenerizar y automatizar entrega por su tipo, descripción o etiquetas.",2026-08-04
daw_docker,DAW,DAW-BD-001,desarrolla,2,1,no,"Docker se relaciona con Modelar datos relacionales por su tipo, descripción o etiquetas.",2026-08-04
daw_docker,DAW,DAW-BD-002,desarrolla,3,1,no,"Docker se relaciona con Crear y consultar una base de datos con SQL por su tipo, descripción o etiquetas.",2026-08-04
daw_docker,DAW,DAW-BD-003,desarrolla,4,2,no,"Docker se relaciona con Mantener integridad, transacciones y acceso seguro por su tipo, descripción o etiquetas.",2026-08-04
daw_docker,DAW,DAW-LM-001,desarrolla,5,1,no,"Docker se relaciona con Estructurar información con lenguajes de marcas por su tipo, descripción o etiquetas.",2026-08-04
daw_postman,DAW,DAW-BAS-004,desarrolla,1,0,no,"Postman se relaciona con Comprender cómo funciona una aplicación conectada por su tipo, descripción o etiquetas.",2026-08-04
daw_postman,DAW,DAW-CLI-002,desarrolla,2,2,no,"Postman se relaciona con Consumir APIs y gestionar asincronía por su tipo, descripción o etiquetas.",2026-08-04
daw_postman,DAW,DAW-PRO-002,desarrolla,3,1,no,"Postman se relaciona con Diseñar funciones y trabajar con colecciones por su tipo, descripción o etiquetas.",2026-08-04
daw_postman,DAW,DAW-PRO-004,desarrolla,4,2,no,"Postman se relaciona con Gestionar errores, ficheros y pruebas por su tipo, descripción o etiquetas.",2026-08-04
daw_postman,DAW,DAW-SRV-001,desarrolla,5,2,no,"Postman se relaciona con Crear rutas, validación y lógica de servidor por su tipo, descripción o etiquetas.",2026-08-04
daw_figma_education,DAW,DAW-UI-001,desarrolla,1,2,no,"Figma for Education se relaciona con Diseñar experiencias usables y coherentes por su tipo, descripción o etiquetas.",2026-08-04
daw_figma_education,DAW,DAW-SI-001,desarrolla,2,1,no,"Figma for Education se relaciona con Instalar y configurar un sistema de trabajo por su tipo, descripción o etiquetas.",2026-08-04
daw_figma_education,DAW,DAW-PRO-001,desarrolla,3,1,no,"Figma for Education se relaciona con Programar con variables, decisiones y bucles por su tipo, descripción o etiquetas.",2026-08-04
daw_figma_education,DAW,DAW-PRO-003,desarrolla,4,2,no,"Figma for Education se relaciona con Aplicar programación orientada a objetos por su tipo, descripción o etiquetas.",2026-08-04
daw_figma_education,DAW,DAW-LM-002,desarrolla,5,1,no,"Figma for Education se relaciona con Presentar información de forma responsive por su tipo, descripción o etiquetas.",2026-08-04
daw_sae_ofertas_empleo,DAW,DAW-BAS-004,requiere,1,0,sí,"Ofertas de empleo del SAE se relaciona con Comprender cómo funciona una aplicación conectada por su tipo, descripción o etiquetas.",2026-08-04
daw_sae_ofertas_empleo,DAW,DAW-LM-002,requiere,2,1,sí,"Ofertas de empleo del SAE se relaciona con Presentar información de forma responsive por su tipo, descripción o etiquetas.",2026-08-04
daw_sae_ofertas_empleo,DAW,DAW-EMP-001,requiere,3,2,no,"Ofertas de empleo del SAE se relaciona con Preparar perfil profesional y candidatura por su tipo, descripción o etiquetas.",2026-08-04
daw_sae_ofertas_empleo,DAW,DAW-CLI-001,requiere,4,2,no,"Ofertas de empleo del SAE se relaciona con Programar interacción con JavaScript en el navegador por su tipo, descripción o etiquetas.",2026-08-04
daw_sae_ofertas_empleo,DAW,DAW-CLI-003,requiere,5,3,no,"Ofertas de empleo del SAE se relaciona con Construir interfaces basadas en componentes por su tipo, descripción o etiquetas.",2026-08-04
daw_tecnoempleo,DAW,DAW-EMP-001,requiere,1,2,sí,"Tecnoempleo se relaciona con Preparar perfil profesional y candidatura por su tipo, descripción o etiquetas.",2026-08-04
daw_tecnoempleo,DAW,DAW-LM-002,requiere,2,1,sí,"Tecnoempleo se relaciona con Presentar información de forma responsive por su tipo, descripción o etiquetas.",2026-08-04
daw_tecnoempleo,DAW,DAW-CLI-001,requiere,3,2,no,"Tecnoempleo se relaciona con Programar interacción con JavaScript en el navegador por su tipo, descripción o etiquetas.",2026-08-04
daw_tecnoempleo,DAW,DAW-CLI-003,requiere,4,3,no,"Tecnoempleo se relaciona con Construir interfaces basadas en componentes por su tipo, descripción o etiquetas.",2026-08-04
daw_tecnoempleo,DAW,DAW-ED-001,requiere,5,1,no,"Tecnoempleo se relaciona con Usar Git y un flujo de trabajo colaborativo por su tipo, descripción o etiquetas.",2026-08-04
daw_camara_granada_talento_joven,DAW,DAW-EMP-001,requiere,1,2,sí,"Talento Joven Granada se relaciona con Preparar perfil profesional y candidatura por su tipo, descripción o etiquetas.",2026-08-04
daw_camara_granada_talento_joven,DAW,DAW-ED-001,requiere,2,1,sí,"Talento Joven Granada se relaciona con Usar Git y un flujo de trabajo colaborativo por su tipo, descripción o etiquetas.",2026-08-04
daw_camara_granada_talento_joven,DAW,DAW-PRJ-001,requiere,3,3,no,"Talento Joven Granada se relaciona con Planificar y entregar un proyecto integrador por su tipo, descripción o etiquetas.",2026-08-04
daw_granada_empleo_iii,DAW,DAW-EMP-001,requiere,1,2,sí,"Granada Empleo III se relaciona con Preparar perfil profesional y candidatura por su tipo, descripción o etiquetas.",2026-08-04
daw_granada_empleo_iii,DAW,DAW-ED-001,requiere,2,1,sí,"Granada Empleo III se relaciona con Usar Git y un flujo de trabajo colaborativo por su tipo, descripción o etiquetas.",2026-08-04
daw_granada_empleo_iii,DAW,DAW-PRJ-001,requiere,3,3,no,"Granada Empleo III se relaciona con Planificar y entregar un proyecto integrador por su tipo, descripción o etiquetas.",2026-08-04
daw_fp_dual_empresas_andalucia,DAW,DAW-EMP-001,requiere,1,2,sí,"Proyectos de FP Dual en Andalucía se relaciona con Preparar perfil profesional y candidatura por su tipo, descripción o etiquetas.",2026-08-04
daw_fp_dual_empresas_andalucia,DAW,DAW-ED-001,requiere,2,1,sí,"Proyectos de FP Dual en Andalucía se relaciona con Usar Git y un flujo de trabajo colaborativo por su tipo, descripción o etiquetas.",2026-08-04
daw_fp_dual_empresas_andalucia,DAW,DAW-PRJ-001,requiere,3,3,no,"Proyectos de FP Dual en Andalucía se relaciona con Planificar y entregar un proyecto integrador por su tipo, descripción o etiquetas.",2026-08-04
daw_gdg_granada,DAW,DAW-DIG-001,apoya,1,1,no,"GDG Granada se relaciona con Analizar digitalización, datos e IA de forma responsable por su tipo, descripción o etiquetas.",2026-08-04
daw_gdg_granada,DAW,DAW-BAS-004,apoya,2,0,no,"GDG Granada se relaciona con Comprender cómo funciona una aplicación conectada por su tipo, descripción o etiquetas.",2026-08-04
daw_gdg_granada,DAW,DAW-DEP-001,apoya,3,3,no,"GDG Granada se relaciona con Desplegar una aplicación web con configuración segura por su tipo, descripción o etiquetas.",2026-08-04
daw_gdg_granada,DAW,DAW-EMP-001,apoya,4,2,no,"GDG Granada se relaciona con Preparar perfil profesional y candidatura por su tipo, descripción o etiquetas.",2026-08-04
daw_gdg_granada,DAW,DAW-BAS-005,apoya,5,0,no,"GDG Granada se relaciona con Documentar errores y aprender mediante práctica por su tipo, descripción o etiquetas.",2026-08-04
daw_granada_tech_open_space_2026,DAW,DAW-EMP-001,requiere,1,2,sí,"Granada Tech Open Space 2026 se relaciona con Preparar perfil profesional y candidatura por su tipo, descripción o etiquetas.",2026-08-04
daw_granada_tech_open_space_2026,DAW,DAW-PRJ-002,requiere,2,3,sí,"Granada Tech Open Space 2026 se relaciona con Presentar y defender una solución por su tipo, descripción o etiquetas.",2026-08-04
daw_granada_tech_open_space_2026,DAW,DAW-ED-001,requiere,3,1,no,"Granada Tech Open Space 2026 se relaciona con Usar Git y un flujo de trabajo colaborativo por su tipo, descripción o etiquetas.",2026-08-04
daw_hacktoberfest_2026,DAW,DAW-ED-001,requiere,1,1,sí,"Hacktoberfest 2026 se relaciona con Usar Git y un flujo de trabajo colaborativo por su tipo, descripción o etiquetas.",2026-08-04
daw_hacktoberfest_2026,DAW,DAW-ED-002,requiere,2,2,sí,"Hacktoberfest 2026 se relaciona con Depurar, automatizar y mantener calidad por su tipo, descripción o etiquetas.",2026-08-04
daw_hacktoberfest_2026,DAW,DAW-DEP-002,requiere,3,3,no,"Hacktoberfest 2026 se relaciona con Contenerizar y automatizar entrega por su tipo, descripción o etiquetas.",2026-08-04
daw_hacktoberfest_2026,DAW,DAW-EMP-001,requiere,4,2,no,"Hacktoberfest 2026 se relaciona con Preparar perfil profesional y candidatura por su tipo, descripción o etiquetas.",2026-08-04
daw_hacktoberfest_2026,DAW,DAW-PRJ-002,requiere,5,3,no,"Hacktoberfest 2026 se relaciona con Presentar y defender una solución por su tipo, descripción o etiquetas.",2026-08-04
daw_opensouthcode_2026,DAW,DAW-BAS-004,requiere,1,0,sí,"OpenSouthCode 2026 se relaciona con Comprender cómo funciona una aplicación conectada por su tipo, descripción o etiquetas.",2026-08-04
daw_opensouthcode_2026,DAW,DAW-SI-002,requiere,2,1,sí,"OpenSouthCode 2026 se relaciona con Aplicar red y seguridad básica por su tipo, descripción o etiquetas.",2026-08-04
daw_opensouthcode_2026,DAW,DAW-BD-003,requiere,3,2,no,"OpenSouthCode 2026 se relaciona con Mantener integridad, transacciones y acceso seguro por su tipo, descripción o etiquetas.",2026-08-04
daw_opensouthcode_2026,DAW,DAW-ED-001,requiere,4,1,no,"OpenSouthCode 2026 se relaciona con Usar Git y un flujo de trabajo colaborativo por su tipo, descripción o etiquetas.",2026-08-04
daw_opensouthcode_2026,DAW,DAW-DIG-001,requiere,5,1,no,"OpenSouthCode 2026 se relaciona con Analizar digitalización, datos e IA de forma responsable por su tipo, descripción o etiquetas.",2026-08-04
daw_nasa_space_apps_2026,DAW,DAW-BAS-004,requiere,1,0,sí,"NASA Space Apps Challenge 2026 se relaciona con Comprender cómo funciona una aplicación conectada por su tipo, descripción o etiquetas.",2026-08-04
daw_nasa_space_apps_2026,DAW,DAW-LM-001,requiere,2,1,sí,"NASA Space Apps Challenge 2026 se relaciona con Estructurar información con lenguajes de marcas por su tipo, descripción o etiquetas.",2026-08-04
daw_nasa_space_apps_2026,DAW,DAW-DIG-001,requiere,3,1,no,"NASA Space Apps Challenge 2026 se relaciona con Analizar digitalización, datos e IA de forma responsable por su tipo, descripción o etiquetas.",2026-08-04
daw_nasa_space_apps_2026,DAW,DAW-PRJ-001,requiere,4,3,no,"NASA Space Apps Challenge 2026 se relaciona con Planificar y entregar un proyecto integrador por su tipo, descripción o etiquetas.",2026-08-04
daw_nasa_space_apps_2026,DAW,DAW-PRJ-002,requiere,5,3,no,"NASA Space Apps Challenge 2026 se relaciona con Presentar y defender una solución por su tipo, descripción o etiquetas.",2026-08-04
daw_fp_andalucia_portal,DAW,DAW-EMP-001,apoya,1,2,no,"Portal de Formación Profesional Andaluza se relaciona con Preparar perfil profesional y candidatura por su tipo, descripción o etiquetas.",2026-08-04
daw_fp_andalucia_portal,DAW,DAW-BAS-005,apoya,2,0,no,"Portal de Formación Profesional Andaluza se relaciona con Documentar errores y aprender mediante práctica por su tipo, descripción o etiquetas.",2026-08-04
daw_todofp_perfil,DAW,DAW-BAS-004,apoya,1,0,no,"TodoFP: Desarrollo de Aplicaciones Web se relaciona con Comprender cómo funciona una aplicación conectada por su tipo, descripción o etiquetas.",2026-08-04
daw_todofp_perfil,DAW,DAW-EMP-001,apoya,2,2,no,"TodoFP: Desarrollo de Aplicaciones Web se relaciona con Preparar perfil profesional y candidatura por su tipo, descripción o etiquetas.",2026-08-04
daw_todofp_perfil,DAW,DAW-BAS-005,apoya,3,0,no,"TodoFP: Desarrollo de Aplicaciones Web se relaciona con Documentar errores y aprender mediante práctica por su tipo, descripción o etiquetas.",2026-08-04
daw_mdn_web_docs,DAW,DAW-BAS-004,apoya,1,0,no,"MDN Web Docs se relaciona con Comprender cómo funciona una aplicación conectada por su tipo, descripción o etiquetas.",2026-08-04
daw_mdn_web_docs,DAW,DAW-PRO-001,apoya,2,1,no,"MDN Web Docs se relaciona con Programar con variables, decisiones y bucles por su tipo, descripción o etiquetas.",2026-08-04
daw_mdn_web_docs,DAW,DAW-LM-001,apoya,3,1,no,"MDN Web Docs se relaciona con Estructurar información con lenguajes de marcas por su tipo, descripción o etiquetas.",2026-08-04
daw_mdn_web_docs,DAW,DAW-LM-002,apoya,4,1,no,"MDN Web Docs se relaciona con Presentar información de forma responsive por su tipo, descripción o etiquetas.",2026-08-04
daw_mdn_web_docs,DAW,DAW-SUS-001,apoya,5,1,no,"MDN Web Docs se relaciona con Aplicar sostenibilidad al desarrollo y operación por su tipo, descripción o etiquetas.",2026-08-04
daw_github_blog,DAW,DAW-ED-001,apoya,1,1,no,"The GitHub Blog se relaciona con Usar Git y un flujo de trabajo colaborativo por su tipo, descripción o etiquetas.",2026-08-04
daw_github_blog,DAW,DAW-SI-002,apoya,2,1,no,"The GitHub Blog se relaciona con Aplicar red y seguridad básica por su tipo, descripción o etiquetas.",2026-08-04
daw_github_blog,DAW,DAW-BD-003,apoya,3,2,no,"The GitHub Blog se relaciona con Mantener integridad, transacciones y acceso seguro por su tipo, descripción o etiquetas.",2026-08-04
daw_github_blog,DAW,DAW-DIG-001,apoya,4,1,no,"The GitHub Blog se relaciona con Analizar digitalización, datos e IA de forma responsable por su tipo, descripción o etiquetas.",2026-08-04
daw_github_blog,DAW,DAW-EMP-001,apoya,5,2,no,"The GitHub Blog se relaciona con Preparar perfil profesional y candidatura por su tipo, descripción o etiquetas.",2026-08-04
daw_evidencia_portfolio_accesible,DAW,DAW-LM-002,demuestra,1,1,no,"Portfolio responsive y accesible se relaciona con Presentar información de forma responsive por su tipo, descripción o etiquetas.",2026-08-04
daw_evidencia_portfolio_accesible,DAW,DAW-LM-001,demuestra,2,1,no,"Portfolio responsive y accesible se relaciona con Estructurar información con lenguajes de marcas por su tipo, descripción o etiquetas.",2026-08-04
daw_evidencia_portfolio_accesible,DAW,DAW-SUS-001,demuestra,3,1,no,"Portfolio responsive y accesible se relaciona con Aplicar sostenibilidad al desarrollo y operación por su tipo, descripción o etiquetas.",2026-08-04
daw_evidencia_portfolio_accesible,DAW,DAW-EMP-001,demuestra,4,2,no,"Portfolio responsive y accesible se relaciona con Preparar perfil profesional y candidatura por su tipo, descripción o etiquetas.",2026-08-04
daw_evidencia_portfolio_accesible,DAW,DAW-PRJ-001,demuestra,5,3,no,"Portfolio responsive y accesible se relaciona con Planificar y entregar un proyecto integrador por su tipo, descripción o etiquetas.",2026-08-04
daw_evidencia_dashboard_fullstack,DAW,DAW-CLI-003,demuestra,1,3,no,"Dashboard full-stack con autenticación se relaciona con Construir interfaces basadas en componentes por su tipo, descripción o etiquetas.",2026-08-04
daw_evidencia_dashboard_fullstack,DAW,DAW-SRV-002,demuestra,2,3,no,"Dashboard full-stack con autenticación se relaciona con Implementar autenticación y autorización seguras por su tipo, descripción o etiquetas.",2026-08-04
daw_evidencia_dashboard_fullstack,DAW,DAW-BD-001,demuestra,3,1,no,"Dashboard full-stack con autenticación se relaciona con Modelar datos relacionales por su tipo, descripción o etiquetas.",2026-08-04
daw_evidencia_dashboard_fullstack,DAW,DAW-BAS-005,demuestra,4,0,no,"Dashboard full-stack con autenticación se relaciona con Documentar errores y aprender mediante práctica por su tipo, descripción o etiquetas.",2026-08-04
daw_evidencia_dashboard_fullstack,DAW,DAW-LM-001,demuestra,5,1,no,"Dashboard full-stack con autenticación se relaciona con Estructurar información con lenguajes de marcas por su tipo, descripción o etiquetas.",2026-08-04
daw_evidencia_api_openapi,DAW,DAW-SRV-001,demuestra,1,2,no,"API REST documentada con OpenAPI se relaciona con Crear rutas, validación y lógica de servidor por su tipo, descripción o etiquetas.",2026-08-04
daw_evidencia_api_openapi,DAW,DAW-BAS-005,demuestra,2,0,no,"API REST documentada con OpenAPI se relaciona con Documentar errores y aprender mediante práctica por su tipo, descripción o etiquetas.",2026-08-04
daw_evidencia_api_openapi,DAW,DAW-CLI-002,demuestra,3,2,no,"API REST documentada con OpenAPI se relaciona con Consumir APIs y gestionar asincronía por su tipo, descripción o etiquetas.",2026-08-04
daw_evidencia_api_openapi,DAW,DAW-SRV-003,demuestra,4,3,no,"API REST documentada con OpenAPI se relaciona con Persistir datos y exponer una API mantenible por su tipo, descripción o etiquetas.",2026-08-04
daw_evidencia_api_openapi,DAW,DAW-BAS-004,demuestra,5,0,no,"API REST documentada con OpenAPI se relaciona con Comprender cómo funciona una aplicación conectada por su tipo, descripción o etiquetas.",2026-08-04
daw_evidencia_pwa_offline,DAW,DAW-BAS-004,demuestra,1,0,no,"PWA instalable con modo offline se relaciona con Comprender cómo funciona una aplicación conectada por su tipo, descripción o etiquetas.",2026-08-04
daw_evidencia_pwa_offline,DAW,DAW-UI-003,demuestra,2,3,no,"PWA instalable con modo offline se relaciona con Optimizar rendimiento, SEO técnico y compatibilidad por su tipo, descripción o etiquetas.",2026-08-04
daw_evidencia_pwa_offline,DAW,DAW-BAS-005,demuestra,3,0,no,"PWA instalable con modo offline se relaciona con Documentar errores y aprender mediante práctica por su tipo, descripción o etiquetas.",2026-08-04
daw_ies_zaidin_vergeles,DAW,DAW-EMP-001,apoya,1,2,no,"IES Zaidín-Vergeles se relaciona con Preparar perfil profesional y candidatura por su tipo, descripción o etiquetas.",2026-08-04
daw_ies_zaidin_vergeles,DAW,DAW-BAS-005,apoya,2,0,no,"IES Zaidín-Vergeles se relaciona con Documentar errores y aprender mediante práctica por su tipo, descripción o etiquetas.",2026-08-04
daw_ies_alonso_cano_durcal,DAW,DAW-BAS-004,apoya,1,0,no,"IES Alonso Cano de Dúrcal se relaciona con Comprender cómo funciona una aplicación conectada por su tipo, descripción o etiquetas.",2026-08-04
daw_ies_alonso_cano_durcal,DAW,DAW-EMP-001,apoya,2,2,no,"IES Alonso Cano de Dúrcal se relaciona con Preparar perfil profesional y candidatura por su tipo, descripción o etiquetas.",2026-08-04
daw_ies_alonso_cano_durcal,DAW,DAW-BAS-005,apoya,3,0,no,"IES Alonso Cano de Dúrcal se relaciona con Documentar errores y aprender mediante práctica por su tipo, descripción o etiquetas.",2026-08-04
daw_etsiit_ugr_recurso_local,DAW,DAW-CLI-001,apoya,1,2,no,"ETSIIT Universidad de Granada se relaciona con Programar interacción con JavaScript en el navegador por su tipo, descripción o etiquetas.",2026-08-04
daw_etsiit_ugr_recurso_local,DAW,DAW-EMP-001,apoya,2,2,no,"ETSIIT Universidad de Granada se relaciona con Preparar perfil profesional y candidatura por su tipo, descripción o etiquetas.",2026-08-04
daw_etsiit_ugr_recurso_local,DAW,DAW-BAS-005,apoya,3,0,no,"ETSIIT Universidad de Granada se relaciona con Documentar errores y aprender mediante práctica por su tipo, descripción o etiquetas.",2026-08-04
dam_andalucia_vuela_iniciacion_programacion,DAM,DAM-PRO-001,desarrolla,1,1,no,"Iniciación a la programación se relaciona con Programar con variables, decisiones y bucles por su tipo, descripción o etiquetas.",2026-08-04
dam_andalucia_vuela_iniciacion_programacion,DAM,DAM-BAS-003,desarrolla,2,0,no,"Iniciación a la programación se relaciona con Resolver problemas mediante algoritmos simples por su tipo, descripción o etiquetas.",2026-08-04
dam_andalucia_vuela_iniciacion_programacion,DAM,DAM-PRO-002,desarrolla,3,1,no,"Iniciación a la programación se relaciona con Diseñar funciones y trabajar con colecciones por su tipo, descripción o etiquetas.",2026-08-04
dam_andalucia_vuela_iniciacion_programacion,DAM,DAM-PRO-003,desarrolla,4,2,no,"Iniciación a la programación se relaciona con Aplicar programación orientada a objetos por su tipo, descripción o etiquetas.",2026-08-04
dam_andalucia_vuela_iniciacion_programacion,DAM,DAM-PRO-004,desarrolla,5,2,no,"Iniciación a la programación se relaciona con Gestionar errores, ficheros y pruebas por su tipo, descripción o etiquetas.",2026-08-04
dam_dev_java_learn,DAM,DAM-PRO-003,desarrolla,1,2,no,"Learn Java se relaciona con Aplicar programación orientada a objetos por su tipo, descripción o etiquetas.",2026-08-04
dam_dev_java_learn,DAM,DAM-PRO-002,desarrolla,2,1,no,"Learn Java se relaciona con Diseñar funciones y trabajar con colecciones por su tipo, descripción o etiquetas.",2026-08-04
dam_dev_java_learn,DAM,DAM-PRO-001,desarrolla,3,1,no,"Learn Java se relaciona con Programar con variables, decisiones y bucles por su tipo, descripción o etiquetas.",2026-08-04
dam_dev_java_learn,DAM,DAM-BAS-005,desarrolla,4,0,no,"Learn Java se relaciona con Documentar errores y aprender mediante práctica por su tipo, descripción o etiquetas.",2026-08-04
dam_android_basics_compose,DAM,DAM-MOB-001,desarrolla,1,3,no,"Android Basics with Compose se relaciona con Crear una aplicación móvil con navegación y estado por su tipo, descripción o etiquetas.",2026-08-04
dam_android_basics_compose,DAM,DAM-UI-001,desarrolla,2,2,no,"Android Basics with Compose se relaciona con Construir interfaces de escritorio o multiplataforma por su tipo, descripción o etiquetas.",2026-08-04
dam_android_basics_compose,DAM,DAM-MOB-002,desarrolla,3,3,no,"Android Basics with Compose se relaciona con Integrar datos, red y capacidades del dispositivo por su tipo, descripción o etiquetas.",2026-08-04
dam_android_basics_compose,DAM,DAM-BAS-005,desarrolla,4,0,no,"Android Basics with Compose se relaciona con Documentar errores y aprender mediante práctica por su tipo, descripción o etiquetas.",2026-08-04
dam_kotlin_get_started,DAM,DAM-MOB-001,desarrolla,1,3,no,"Get started with Kotlin se relaciona con Crear una aplicación móvil con navegación y estado por su tipo, descripción o etiquetas.",2026-08-04
dam_kotlin_get_started,DAM,DAM-MOB-002,desarrolla,2,3,no,"Get started with Kotlin se relaciona con Integrar datos, red y capacidades del dispositivo por su tipo, descripción o etiquetas.",2026-08-04
dam_kotlin_get_started,DAM,DAM-BAS-005,desarrolla,3,0,no,"Get started with Kotlin se relaciona con Documentar errores y aprender mediante práctica por su tipo, descripción o etiquetas.",2026-08-04
dam_spring_guides,DAM,DAM-AD-001,desarrolla,1,2,no,"Spring Guides se relaciona con Conectar aplicaciones a bases de datos por su tipo, descripción o etiquetas.",2026-08-04
dam_spring_guides,DAM,DAM-SI-002,desarrolla,2,1,no,"Spring Guides se relaciona con Aplicar red y seguridad básica por su tipo, descripción o etiquetas.",2026-08-04
dam_spring_guides,DAM,DAM-BD-003,desarrolla,3,2,no,"Spring Guides se relaciona con Mantener integridad, transacciones y acceso seguro por su tipo, descripción o etiquetas.",2026-08-04
dam_spring_guides,DAM,DAM-PRO-001,desarrolla,4,1,no,"Spring Guides se relaciona con Programar con variables, decisiones y bucles por su tipo, descripción o etiquetas.",2026-08-04
dam_spring_guides,DAM,DAM-PRO-002,desarrolla,5,1,no,"Spring Guides se relaciona con Diseñar funciones y trabajar con colecciones por su tipo, descripción o etiquetas.",2026-08-04
dam_github_skills,DAM,DAM-ED-001,desarrolla,1,1,no,"GitHub Skills se relaciona con Usar Git y un flujo de trabajo colaborativo por su tipo, descripción o etiquetas.",2026-08-04
dam_github_skills,DAM,DAM-ED-002,desarrolla,2,2,no,"GitHub Skills se relaciona con Depurar, automatizar y mantener calidad por su tipo, descripción o etiquetas.",2026-08-04
dam_github_skills,DAM,DAM-PRO-001,desarrolla,3,1,no,"GitHub Skills se relaciona con Programar con variables, decisiones y bucles por su tipo, descripción o etiquetas.",2026-08-04
dam_github_skills,DAM,DAM-PRO-002,desarrolla,4,1,no,"GitHub Skills se relaciona con Diseñar funciones y trabajar con colecciones por su tipo, descripción o etiquetas.",2026-08-04
dam_github_skills,DAM,DAM-PRO-003,desarrolla,5,2,no,"GitHub Skills se relaciona con Aplicar programación orientada a objetos por su tipo, descripción o etiquetas.",2026-08-04
dam_android_studio,DAM,DAM-MOB-001,desarrolla,1,3,no,"Android Studio se relaciona con Crear una aplicación móvil con navegación y estado por su tipo, descripción o etiquetas.",2026-08-04
dam_android_studio,DAM,DAM-ED-002,desarrolla,2,2,no,"Android Studio se relaciona con Depurar, automatizar y mantener calidad por su tipo, descripción o etiquetas.",2026-08-04
dam_android_studio,DAM,DAM-MOB-002,desarrolla,3,3,no,"Android Studio se relaciona con Integrar datos, red y capacidades del dispositivo por su tipo, descripción o etiquetas.",2026-08-04
dam_android_studio,DAM,DAM-BAS-005,desarrolla,4,0,no,"Android Studio se relaciona con Documentar errores y aprender mediante práctica por su tipo, descripción o etiquetas.",2026-08-04
dam_intellij_idea,DAM,DAM-ED-002,desarrolla,1,2,no,"IntelliJ IDEA se relaciona con Depurar, automatizar y mantener calidad por su tipo, descripción o etiquetas.",2026-08-04
dam_intellij_idea,DAM,DAM-PRO-004,desarrolla,2,2,no,"IntelliJ IDEA se relaciona con Gestionar errores, ficheros y pruebas por su tipo, descripción o etiquetas.",2026-08-04
dam_intellij_idea,DAM,DAM-BAS-005,desarrolla,3,0,no,"IntelliJ IDEA se relaciona con Documentar errores y aprender mediante práctica por su tipo, descripción o etiquetas.",2026-08-04
dam_intellij_idea,DAM,DAM-PRO-001,desarrolla,4,1,no,"IntelliJ IDEA se relaciona con Programar con variables, decisiones y bucles por su tipo, descripción o etiquetas.",2026-08-04
dam_intellij_idea,DAM,DAM-PRO-002,desarrolla,5,1,no,"IntelliJ IDEA se relaciona con Diseñar funciones y trabajar con colecciones por su tipo, descripción o etiquetas.",2026-08-04
dam_gradle,DAM,DAM-MOB-001,desarrolla,1,3,no,"Gradle Build Tool se relaciona con Crear una aplicación móvil con navegación y estado por su tipo, descripción o etiquetas.",2026-08-04
dam_gradle,DAM,DAM-PRO-001,desarrolla,2,1,no,"Gradle Build Tool se relaciona con Programar con variables, decisiones y bucles por su tipo, descripción o etiquetas.",2026-08-04
dam_gradle,DAM,DAM-PRO-002,desarrolla,3,1,no,"Gradle Build Tool se relaciona con Diseñar funciones y trabajar con colecciones por su tipo, descripción o etiquetas.",2026-08-04
dam_gradle,DAM,DAM-PRO-003,desarrolla,4,2,no,"Gradle Build Tool se relaciona con Aplicar programación orientada a objetos por su tipo, descripción o etiquetas.",2026-08-04
dam_gradle,DAM,DAM-DIG-001,desarrolla,5,1,no,"Gradle Build Tool se relaciona con Analizar digitalización, datos e IA de forma responsable por su tipo, descripción o etiquetas.",2026-08-04
dam_docker,DAM,DAM-BD-001,desarrolla,1,1,no,"Docker se relaciona con Modelar datos relacionales por su tipo, descripción o etiquetas.",2026-08-04
dam_docker,DAM,DAM-BD-002,desarrolla,2,1,no,"Docker se relaciona con Crear y consultar una base de datos con SQL por su tipo, descripción o etiquetas.",2026-08-04
dam_docker,DAM,DAM-BD-003,desarrolla,3,2,no,"Docker se relaciona con Mantener integridad, transacciones y acceso seguro por su tipo, descripción o etiquetas.",2026-08-04
dam_docker,DAM,DAM-PRO-001,desarrolla,4,1,no,"Docker se relaciona con Programar con variables, decisiones y bucles por su tipo, descripción o etiquetas.",2026-08-04
dam_docker,DAM,DAM-PRO-002,desarrolla,5,1,no,"Docker se relaciona con Diseñar funciones y trabajar con colecciones por su tipo, descripción o etiquetas.",2026-08-04
dam_github_actions,DAM,DAM-ED-002,desarrolla,1,2,no,"GitHub Actions se relaciona con Depurar, automatizar y mantener calidad por su tipo, descripción o etiquetas.",2026-08-04
dam_github_actions,DAM,DAM-PRO-004,desarrolla,2,2,no,"GitHub Actions se relaciona con Gestionar errores, ficheros y pruebas por su tipo, descripción o etiquetas.",2026-08-04
dam_github_actions,DAM,DAM-ED-001,desarrolla,3,1,no,"GitHub Actions se relaciona con Usar Git y un flujo de trabajo colaborativo por su tipo, descripción o etiquetas.",2026-08-04
dam_github_actions,DAM,DAM-DIG-001,desarrolla,4,1,no,"GitHub Actions se relaciona con Analizar digitalización, datos e IA de forma responsable por su tipo, descripción o etiquetas.",2026-08-04
dam_github_actions,DAM,DAM-UI-002,desarrolla,5,3,no,"GitHub Actions se relaciona con Aplicar usabilidad, accesibilidad y empaquetado por su tipo, descripción o etiquetas.",2026-08-04
dam_sepe_empleate,DAM,DAM-EMP-001,requiere,1,2,sí,"Portal Empléate se relaciona con Preparar perfil profesional y candidatura por su tipo, descripción o etiquetas.",2026-08-04
dam_sepe_empleate,DAM,DAM-PRO-001,requiere,2,1,sí,"Portal Empléate se relaciona con Programar con variables, decisiones y bucles por su tipo, descripción o etiquetas.",2026-08-04
dam_sepe_empleate,DAM,DAM-PRO-002,requiere,3,1,no,"Portal Empléate se relaciona con Diseñar funciones y trabajar con colecciones por su tipo, descripción o etiquetas.",2026-08-04
dam_sepe_empleate,DAM,DAM-PRO-003,requiere,4,2,no,"Portal Empléate se relaciona con Aplicar programación orientada a objetos por su tipo, descripción o etiquetas.",2026-08-04
dam_sepe_empleate,DAM,DAM-MOB-001,requiere,5,3,no,"Portal Empléate se relaciona con Crear una aplicación móvil con navegación y estado por su tipo, descripción o etiquetas.",2026-08-04
dam_andalucia_orienta,DAM,DAM-EMP-001,requiere,1,2,sí,"Andalucía Orienta se relaciona con Preparar perfil profesional y candidatura por su tipo, descripción o etiquetas.",2026-08-04
dam_andalucia_orienta,DAM,DAM-ED-001,requiere,2,1,sí,"Andalucía Orienta se relaciona con Usar Git y un flujo de trabajo colaborativo por su tipo, descripción o etiquetas.",2026-08-04
dam_andalucia_orienta,DAM,DAM-PRJ-001,requiere,3,3,no,"Andalucía Orienta se relaciona con Planificar y entregar un proyecto integrador por su tipo, descripción o etiquetas.",2026-08-04
dam_fundacion_sepi_becas,DAM,DAM-EMP-001,requiere,1,2,sí,"Becas Fundación SEPI se relaciona con Preparar perfil profesional y candidatura por su tipo, descripción o etiquetas.",2026-08-04
dam_fundacion_sepi_becas,DAM,DAM-ERP-001,requiere,2,2,sí,"Becas Fundación SEPI se relaciona con Comprender e implantar procesos ERP y CRM por su tipo, descripción o etiquetas.",2026-08-04
dam_fundacion_sepi_becas,DAM,DAM-ED-001,requiere,3,1,no,"Becas Fundación SEPI se relaciona con Usar Git y un flujo de trabajo colaborativo por su tipo, descripción o etiquetas.",2026-08-04
dam_fundacion_sepi_becas,DAM,DAM-PRJ-001,requiere,4,3,no,"Becas Fundación SEPI se relaciona con Planificar y entregar un proyecto integrador por su tipo, descripción o etiquetas.",2026-08-04
dam_ayuntamiento_granada_empleo,DAM,DAM-BAS-004,requiere,1,0,sí,"Empleo Web Granada se relaciona con Comprender cómo funciona una aplicación conectada por su tipo, descripción o etiquetas.",2026-08-04
dam_ayuntamiento_granada_empleo,DAM,DAM-EMP-001,requiere,2,2,sí,"Empleo Web Granada se relaciona con Preparar perfil profesional y candidatura por su tipo, descripción o etiquetas.",2026-08-04
dam_ayuntamiento_granada_empleo,DAM,DAM-ED-001,requiere,3,1,no,"Empleo Web Granada se relaciona con Usar Git y un flujo de trabajo colaborativo por su tipo, descripción o etiquetas.",2026-08-04
dam_ayuntamiento_granada_empleo,DAM,DAM-PRJ-001,requiere,4,3,no,"Empleo Web Granada se relaciona con Planificar y entregar un proyecto integrador por su tipo, descripción o etiquetas.",2026-08-04
dam_feria_empleo_granada_2026,DAM,DAM-EMP-001,requiere,1,2,sí,"Feria Internacional de Empleo de Granada 2026 se relaciona con Preparar perfil profesional y candidatura por su tipo, descripción o etiquetas.",2026-08-04
dam_feria_empleo_granada_2026,DAM,DAM-PRJ-002,requiere,2,3,sí,"Feria Internacional de Empleo de Granada 2026 se relaciona con Presentar y defender una solución por su tipo, descripción o etiquetas.",2026-08-04
dam_feria_empleo_granada_2026,DAM,DAM-ED-001,requiere,3,1,no,"Feria Internacional de Empleo de Granada 2026 se relaciona con Usar Git y un flujo de trabajo colaborativo por su tipo, descripción o etiquetas.",2026-08-04
dam_ugr_lan_party_2026,DAM,DAM-SI-001,requiere,1,1,sí,"UGR LAN Party 2026 se relaciona con Instalar y configurar un sistema de trabajo por su tipo, descripción o etiquetas.",2026-08-04
dam_ugr_lan_party_2026,DAM,DAM-EMP-001,requiere,2,2,sí,"UGR LAN Party 2026 se relaciona con Preparar perfil profesional y candidatura por su tipo, descripción o etiquetas.",2026-08-04
dam_ugr_lan_party_2026,DAM,DAM-PRJ-002,requiere,3,3,no,"UGR LAN Party 2026 se relaciona con Presentar y defender una solución por su tipo, descripción o etiquetas.",2026-08-04
dam_ugr_lan_party_2026,DAM,DAM-ED-001,requiere,4,1,no,"UGR LAN Party 2026 se relaciona con Usar Git y un flujo de trabajo colaborativo por su tipo, descripción o etiquetas.",2026-08-04
dam_commit_conf_2026,DAM,DAM-PRO-001,requiere,1,1,sí,"Commit Conf 2026 se relaciona con Programar con variables, decisiones y bucles por su tipo, descripción o etiquetas.",2026-08-04
dam_commit_conf_2026,DAM,DAM-PRO-002,requiere,2,1,sí,"Commit Conf 2026 se relaciona con Diseñar funciones y trabajar con colecciones por su tipo, descripción o etiquetas.",2026-08-04
dam_commit_conf_2026,DAM,DAM-PRO-003,requiere,3,2,no,"Commit Conf 2026 se relaciona con Aplicar programación orientada a objetos por su tipo, descripción o etiquetas.",2026-08-04
dam_commit_conf_2026,DAM,DAM-ED-001,requiere,4,1,no,"Commit Conf 2026 se relaciona con Usar Git y un flujo de trabajo colaborativo por su tipo, descripción o etiquetas.",2026-08-04
dam_commit_conf_2026,DAM,DAM-DIG-001,requiere,5,1,no,"Commit Conf 2026 se relaciona con Analizar digitalización, datos e IA de forma responsable por su tipo, descripción o etiquetas.",2026-08-04
dam_gsoc_2026,DAM,DAM-PRO-001,requiere,1,1,sí,"Google Summer of Code 2026 se relaciona con Programar con variables, decisiones y bucles por su tipo, descripción o etiquetas.",2026-08-04
dam_gsoc_2026,DAM,DAM-PRO-002,requiere,2,1,sí,"Google Summer of Code 2026 se relaciona con Diseñar funciones y trabajar con colecciones por su tipo, descripción o etiquetas.",2026-08-04
dam_gsoc_2026,DAM,DAM-PRO-003,requiere,3,2,no,"Google Summer of Code 2026 se relaciona con Aplicar programación orientada a objetos por su tipo, descripción o etiquetas.",2026-08-04
dam_gsoc_2026,DAM,DAM-ED-001,requiere,4,1,no,"Google Summer of Code 2026 se relaciona con Usar Git y un flujo de trabajo colaborativo por su tipo, descripción o etiquetas.",2026-08-04
dam_gsoc_2026,DAM,DAM-MOB-001,requiere,5,3,no,"Google Summer of Code 2026 se relaciona con Crear una aplicación móvil con navegación y estado por su tipo, descripción o etiquetas.",2026-08-04
dam_nasa_space_apps_2026,DAM,DAM-LM-001,requiere,1,1,sí,"NASA Space Apps Challenge 2026 se relaciona con Estructurar información con lenguajes de marcas por su tipo, descripción o etiquetas.",2026-08-04
dam_nasa_space_apps_2026,DAM,DAM-DIG-001,requiere,2,1,sí,"NASA Space Apps Challenge 2026 se relaciona con Analizar digitalización, datos e IA de forma responsable por su tipo, descripción o etiquetas.",2026-08-04
dam_nasa_space_apps_2026,DAM,DAM-PRJ-001,requiere,3,3,no,"NASA Space Apps Challenge 2026 se relaciona con Planificar y entregar un proyecto integrador por su tipo, descripción o etiquetas.",2026-08-04
dam_nasa_space_apps_2026,DAM,DAM-PRJ-002,requiere,4,3,no,"NASA Space Apps Challenge 2026 se relaciona con Presentar y defender una solución por su tipo, descripción o etiquetas.",2026-08-04
dam_nasa_space_apps_2026,DAM,DAM-MOB-001,requiere,5,3,no,"NASA Space Apps Challenge 2026 se relaciona con Crear una aplicación móvil con navegación y estado por su tipo, descripción o etiquetas.",2026-08-04
dam_todofp_perfil,DAM,DAM-EMP-001,apoya,1,2,no,"TodoFP: Desarrollo de Aplicaciones Multiplataforma se relaciona con Preparar perfil profesional y candidatura por su tipo, descripción o etiquetas.",2026-08-04
dam_todofp_perfil,DAM,DAM-BAS-005,apoya,2,0,no,"TodoFP: Desarrollo de Aplicaciones Multiplataforma se relaciona con Documentar errores y aprender mediante práctica por su tipo, descripción o etiquetas.",2026-08-04
dam_android_developers_blog,DAM,DAM-MOB-001,apoya,1,3,no,"Android Developers Blog se relaciona con Crear una aplicación móvil con navegación y estado por su tipo, descripción o etiquetas.",2026-08-04
dam_android_developers_blog,DAM,DAM-UI-001,apoya,2,2,no,"Android Developers Blog se relaciona con Construir interfaces de escritorio o multiplataforma por su tipo, descripción o etiquetas.",2026-08-04
dam_android_developers_blog,DAM,DAM-MOB-002,apoya,3,3,no,"Android Developers Blog se relaciona con Integrar datos, red y capacidades del dispositivo por su tipo, descripción o etiquetas.",2026-08-04
dam_android_developers_blog,DAM,DAM-EMP-001,apoya,4,2,no,"Android Developers Blog se relaciona con Preparar perfil profesional y candidatura por su tipo, descripción o etiquetas.",2026-08-04
dam_android_developers_blog,DAM,DAM-BAS-005,apoya,5,0,no,"Android Developers Blog se relaciona con Documentar errores y aprender mediante práctica por su tipo, descripción o etiquetas.",2026-08-04
dam_dev_java,DAM,DAM-PRO-001,apoya,1,1,no,"Dev.java se relaciona con Programar con variables, decisiones y bucles por su tipo, descripción o etiquetas.",2026-08-04
dam_dev_java,DAM,DAM-PRO-002,apoya,2,1,no,"Dev.java se relaciona con Diseñar funciones y trabajar con colecciones por su tipo, descripción o etiquetas.",2026-08-04
dam_dev_java,DAM,DAM-PRO-003,apoya,3,2,no,"Dev.java se relaciona con Aplicar programación orientada a objetos por su tipo, descripción o etiquetas.",2026-08-04
dam_dev_java,DAM,DAM-EMP-001,apoya,4,2,no,"Dev.java se relaciona con Preparar perfil profesional y candidatura por su tipo, descripción o etiquetas.",2026-08-04
dam_dev_java,DAM,DAM-BAS-005,apoya,5,0,no,"Dev.java se relaciona con Documentar errores y aprender mediante práctica por su tipo, descripción o etiquetas.",2026-08-04
dam_incibe_formacion,DAM,DAM-SI-002,apoya,1,1,no,"Formación de INCIBE se relaciona con Aplicar red y seguridad básica por su tipo, descripción o etiquetas.",2026-08-04
dam_incibe_formacion,DAM,DAM-EMP-001,apoya,2,2,no,"Formación de INCIBE se relaciona con Preparar perfil profesional y candidatura por su tipo, descripción o etiquetas.",2026-08-04
dam_incibe_formacion,DAM,DAM-BAS-005,apoya,3,0,no,"Formación de INCIBE se relaciona con Documentar errores y aprender mediante práctica por su tipo, descripción o etiquetas.",2026-08-04
dam_evidencia_android_compose,DAM,DAM-PRO-004,demuestra,1,2,no,"Aplicación Android con Jetpack Compose se relaciona con Gestionar errores, ficheros y pruebas por su tipo, descripción o etiquetas.",2026-08-04
dam_evidencia_android_compose,DAM,DAM-MOB-001,demuestra,2,3,no,"Aplicación Android con Jetpack Compose se relaciona con Crear una aplicación móvil con navegación y estado por su tipo, descripción o etiquetas.",2026-08-04
dam_evidencia_android_compose,DAM,DAM-ARC-001,demuestra,3,3,no,"Aplicación Android con Jetpack Compose se relaciona con Diseñar una arquitectura multiplataforma mantenible por su tipo, descripción o etiquetas.",2026-08-04
dam_evidencia_android_compose,DAM,DAM-UI-001,demuestra,4,2,no,"Aplicación Android con Jetpack Compose se relaciona con Construir interfaces de escritorio o multiplataforma por su tipo, descripción o etiquetas.",2026-08-04
dam_evidencia_android_compose,DAM,DAM-UI-002,demuestra,5,3,no,"Aplicación Android con Jetpack Compose se relaciona con Aplicar usabilidad, accesibilidad y empaquetado por su tipo, descripción o etiquetas.",2026-08-04
dam_evidencia_android_room,DAM,DAM-BD-002,demuestra,1,1,no,"Aplicación Android con Room se relaciona con Crear y consultar una base de datos con SQL por su tipo, descripción o etiquetas.",2026-08-04
dam_evidencia_android_room,DAM,DAM-MOB-002,demuestra,2,3,no,"Aplicación Android con Room se relaciona con Integrar datos, red y capacidades del dispositivo por su tipo, descripción o etiquetas.",2026-08-04
dam_evidencia_android_room,DAM,DAM-BAS-005,demuestra,3,0,no,"Aplicación Android con Room se relaciona con Documentar errores y aprender mediante práctica por su tipo, descripción o etiquetas.",2026-08-04
dam_evidencia_android_room,DAM,DAM-BD-001,demuestra,4,1,no,"Aplicación Android con Room se relaciona con Modelar datos relacionales por su tipo, descripción o etiquetas.",2026-08-04
dam_evidencia_android_room,DAM,DAM-BD-003,demuestra,5,2,no,"Aplicación Android con Room se relaciona con Mantener integridad, transacciones y acceso seguro por su tipo, descripción o etiquetas.",2026-08-04
dam_evidencia_spring_boot_api,DAM,DAM-PRO-004,demuestra,1,2,no,"Backend Java con Spring Boot y JPA se relaciona con Gestionar errores, ficheros y pruebas por su tipo, descripción o etiquetas.",2026-08-04
dam_evidencia_spring_boot_api,DAM,DAM-BAS-004,demuestra,2,0,no,"Backend Java con Spring Boot y JPA se relaciona con Comprender cómo funciona una aplicación conectada por su tipo, descripción o etiquetas.",2026-08-04
dam_evidencia_spring_boot_api,DAM,DAM-BD-001,demuestra,3,1,no,"Backend Java con Spring Boot y JPA se relaciona con Modelar datos relacionales por su tipo, descripción o etiquetas.",2026-08-04
dam_evidencia_spring_boot_api,DAM,DAM-BD-002,demuestra,4,1,no,"Backend Java con Spring Boot y JPA se relaciona con Crear y consultar una base de datos con SQL por su tipo, descripción o etiquetas.",2026-08-04
dam_evidencia_spring_boot_api,DAM,DAM-BD-003,demuestra,5,2,no,"Backend Java con Spring Boot y JPA se relaciona con Mantener integridad, transacciones y acceso seguro por su tipo, descripción o etiquetas.",2026-08-04
dam_evidencia_ci_docker,DAM,DAM-ED-002,demuestra,1,2,no,"Proyecto con CI y despliegue reproducible se relaciona con Depurar, automatizar y mantener calidad por su tipo, descripción o etiquetas.",2026-08-04
dam_evidencia_ci_docker,DAM,DAM-PRO-004,demuestra,2,2,no,"Proyecto con CI y despliegue reproducible se relaciona con Gestionar errores, ficheros y pruebas por su tipo, descripción o etiquetas.",2026-08-04
dam_evidencia_ci_docker,DAM,DAM-PRO-001,demuestra,3,1,no,"Proyecto con CI y despliegue reproducible se relaciona con Programar con variables, decisiones y bucles por su tipo, descripción o etiquetas.",2026-08-04
dam_evidencia_ci_docker,DAM,DAM-PRO-002,demuestra,4,1,no,"Proyecto con CI y despliegue reproducible se relaciona con Diseñar funciones y trabajar con colecciones por su tipo, descripción o etiquetas.",2026-08-04
dam_evidencia_ci_docker,DAM,DAM-PRO-003,demuestra,5,2,no,"Proyecto con CI y despliegue reproducible se relaciona con Aplicar programación orientada a objetos por su tipo, descripción o etiquetas.",2026-08-04
dam_camara_comercio_granada,DAM,DAM-BD-001,apoya,1,1,no,"Cámara de Comercio de Granada se relaciona con Modelar datos relacionales por su tipo, descripción o etiquetas.",2026-08-04
dam_camara_comercio_granada,DAM,DAM-EMP-001,apoya,2,2,no,"Cámara de Comercio de Granada se relaciona con Preparar perfil profesional y candidatura por su tipo, descripción o etiquetas.",2026-08-04
dam_camara_comercio_granada,DAM,DAM-BAS-005,apoya,3,0,no,"Cámara de Comercio de Granada se relaciona con Documentar errores y aprender mediante práctica por su tipo, descripción o etiquetas.",2026-08-04
dam_ayuntamiento_granada_recurso_local,DAM,DAM-EMP-001,apoya,1,2,no,"Área de Empleo del Ayuntamiento de Granada se relaciona con Preparar perfil profesional y candidatura por su tipo, descripción o etiquetas.",2026-08-04
dam_ayuntamiento_granada_recurso_local,DAM,DAM-BAS-005,apoya,2,0,no,"Área de Empleo del Ayuntamiento de Granada se relaciona con Documentar errores y aprender mediante práctica por su tipo, descripción o etiquetas.",2026-08-04
dam_oferta_modular_andalucia,DAM,DAM-SI-001,desarrolla,1,1,no,"Oferta Modular Diferenciada de FP se relaciona con Instalar y configurar un sistema de trabajo por su tipo, descripción o etiquetas.",2026-08-04
dam_oferta_modular_andalucia,DAM,DAM-BAS-005,desarrolla,2,0,no,"Oferta Modular Diferenciada de FP se relaciona con Documentar errores y aprender mediante práctica por su tipo, descripción o etiquetas.",2026-08-04
tsaf_titulo_oficial_andalucia,TSAF,TSAF-BAS-005,desarrolla,1,0,no,"Ficha oficial de Técnico Superior en Acondicionamiento Físico se relaciona con Distinguir alcance profesional, derivación y consentimiento por su tipo, descripción o etiquetas.",2026-08-04
tsaf_titulo_oficial_andalucia,TSAF,TSAF-MUS-002,desarrolla,2,2,no,"Ficha oficial de Técnico Superior en Acondicionamiento Físico se relaciona con Diseñar coreografías por niveles por su tipo, descripción o etiquetas.",2026-08-04
tsaf_titulo_oficial_andalucia,TSAF,TSAF-MUS-003,desarrolla,3,2,no,"Ficha oficial de Técnico Superior en Acondicionamiento Físico se relaciona con Dirigir una clase grupal especializada por su tipo, descripción o etiquetas.",2026-08-04
tsaf_todofp_ficha_nacional,TSAF,TSAF-FIT-001,desarrolla,1,1,no,"Técnico Superior en Acondicionamiento Físico en TodoFP se relaciona con Seleccionar ejercicios y enseñar técnica por su tipo, descripción o etiquetas.",2026-08-04
tsaf_todofp_ficha_nacional,TSAF,TSAF-ENG-001,desarrolla,2,1,no,"Técnico Superior en Acondicionamiento Físico en TodoFP se relaciona con Comprender instrucciones y recursos profesionales en inglés por su tipo, descripción o etiquetas.",2026-08-04
tsaf_todofp_ficha_nacional,TSAF,TSAF-EMP-001,desarrolla,3,2,no,"Técnico Superior en Acondicionamiento Físico en TodoFP se relaciona con Preparar candidatura profesional en fitness y deporte por su tipo, descripción o etiquetas.",2026-08-04
tsaf_todofp_ficha_nacional,TSAF,TSAF-PRJ-001,desarrolla,4,3,no,"Técnico Superior en Acondicionamiento Físico en TodoFP se relaciona con Crear un programa integral de acondicionamiento físico por su tipo, descripción o etiquetas.",2026-08-04
tsaf_todofp_ficha_nacional,TSAF,TSAF-MUS-003,desarrolla,5,2,no,"Técnico Superior en Acondicionamiento Físico en TodoFP se relaciona con Dirigir una clase grupal especializada por su tipo, descripción o etiquetas.",2026-08-04
tsaf_curriculo_boja_andalucia,TSAF,TSAF-MUS-002,desarrolla,1,2,no,"Currículo oficial de TSAF en Andalucía se relaciona con Diseñar coreografías por niveles por su tipo, descripción o etiquetas.",2026-08-04
tsaf_curriculo_boja_andalucia,TSAF,TSAF-MUS-003,desarrolla,2,2,no,"Currículo oficial de TSAF en Andalucía se relaciona con Dirigir una clase grupal especializada por su tipo, descripción o etiquetas.",2026-08-04
tsaf_curriculo_boja_andalucia,TSAF,TSAF-BAS-005,desarrolla,3,0,no,"Currículo oficial de TSAF en Andalucía se relaciona con Distinguir alcance profesional, derivación y consentimiento por su tipo, descripción o etiquetas.",2026-08-04
tsaf_iad_formacion_continua_2026,TSAF,TSAF-GES-001,desarrolla,1,2,no,"Programa de Formación Continua 2026 del IAD se relaciona con Organizar recursos, calidad y seguridad de una instalación por su tipo, descripción o etiquetas.",2026-08-04
tsaf_iad_formacion_continua_2026,TSAF,TSAF-BAS-003,desarrolla,2,0,no,"Programa de Formación Continua 2026 del IAD se relaciona con Comprender respuestas básicas al ejercicio por su tipo, descripción o etiquetas.",2026-08-04
tsaf_iad_formacion_continua_2026,TSAF,TSAF-BAS-005,desarrolla,3,0,no,"Programa de Formación Continua 2026 del IAD se relaciona con Distinguir alcance profesional, derivación y consentimiento por su tipo, descripción o etiquetas.",2026-08-04
tsaf_iad_formacion_continua_2026,TSAF,TSAF-SUS-001,desarrolla,4,1,no,"Programa de Formación Continua 2026 del IAD se relaciona con Aplicar sostenibilidad a servicios deportivos por su tipo, descripción o etiquetas.",2026-08-04
tsaf_iad_formacion_continua_2026,TSAF,TSAF-PRJ-001,desarrolla,5,3,no,"Programa de Formación Continua 2026 del IAD se relaciona con Crear un programa integral de acondicionamiento físico por su tipo, descripción o etiquetas.",2026-08-04
tsaf_iad_fundamentos_entrenamiento,TSAF,TSAF-VAL-002,desarrolla,1,1,no,"Fundamentos del entrenamiento: rendimiento y salud se relaciona con Aplicar pruebas básicas de condición física por su tipo, descripción o etiquetas.",2026-08-04
tsaf_iad_fundamentos_entrenamiento,TSAF,TSAF-FIT-002,desarrolla,2,2,no,"Fundamentos del entrenamiento: rendimiento y salud se relaciona con Programar fuerza, resistencia y movilidad por su tipo, descripción o etiquetas.",2026-08-04
tsaf_iad_fundamentos_entrenamiento,TSAF,TSAF-BAS-002,desarrolla,3,0,no,"Fundamentos del entrenamiento: rendimiento y salud se relaciona con Reconocer anatomía y movimientos fundamentales por su tipo, descripción o etiquetas.",2026-08-04
tsaf_iad_fundamentos_entrenamiento,TSAF,TSAF-BAS-003,desarrolla,4,0,no,"Fundamentos del entrenamiento: rendimiento y salud se relaciona con Comprender respuestas básicas al ejercicio por su tipo, descripción o etiquetas.",2026-08-04
tsaf_iad_fundamentos_entrenamiento,TSAF,TSAF-VAL-001,desarrolla,5,1,no,"Fundamentos del entrenamiento: rendimiento y salud se relaciona con Realizar entrevista inicial y cribado básico por su tipo, descripción o etiquetas.",2026-08-04
tsaf_iad_rcp_profesionales_deporte,TSAF,TSAF-AUX-002,desarrolla,1,1,no,"Reanimación cardiopulmonar para profesionales del deporte se relaciona con Aplicar RCP básica y DEA por su tipo, descripción o etiquetas.",2026-08-04
tsaf_iad_rcp_profesionales_deporte,TSAF,TSAF-AUX-001,desarrolla,2,1,no,"Reanimación cardiopulmonar para profesionales del deporte se relaciona con Actuar ante una emergencia y activar ayuda por su tipo, descripción o etiquetas.",2026-08-04
tsaf_iad_rcp_profesionales_deporte,TSAF,TSAF-BAS-005,desarrolla,3,0,no,"Reanimación cardiopulmonar para profesionales del deporte se relaciona con Distinguir alcance profesional, derivación y consentimiento por su tipo, descripción o etiquetas.",2026-08-04
tsaf_iad_rcp_profesionales_deporte,TSAF,TSAF-GES-001,desarrolla,4,2,no,"Reanimación cardiopulmonar para profesionales del deporte se relaciona con Organizar recursos, calidad y seguridad de una instalación por su tipo, descripción o etiquetas.",2026-08-04
tsaf_iad_tecnicos_personas_mayores,TSAF,TSAF-BAS-003,desarrolla,1,0,no,"Formación de técnicos en actividad física para personas mayores se relaciona con Comprender respuestas básicas al ejercicio por su tipo, descripción o etiquetas.",2026-08-04
tsaf_iad_tecnicos_personas_mayores,TSAF,TSAF-ESP-001,desarrolla,2,2,no,"Formación de técnicos en actividad física para personas mayores se relaciona con Adaptar actividad a personas mayores y colectivos diversos por su tipo, descripción o etiquetas.",2026-08-04
tsaf_iad_tecnicos_personas_mayores,TSAF,TSAF-FIT-003,desarrolla,3,2,no,"Formación de técnicos en actividad física para personas mayores se relaciona con Dirigir y adaptar una sesión individual por su tipo, descripción o etiquetas.",2026-08-04
tsaf_iad_tecnicos_personas_mayores,TSAF,TSAF-HID-001,desarrolla,4,2,no,"Formación de técnicos en actividad física para personas mayores se relaciona con Diseñar actividades de movilidad y bienestar en agua por su tipo, descripción o etiquetas.",2026-08-04
tsaf_iad_tecnicos_personas_mayores,TSAF,TSAF-POS-002,desarrolla,5,2,no,"Formación de técnicos en actividad física para personas mayores se relaciona con Programar movilidad, estabilidad y mantenimiento funcional por su tipo, descripción o etiquetas.",2026-08-04
tsaf_iad_dolor_lumbar_2026,TSAF,TSAF-BAS-003,desarrolla,1,0,no,"Diseño de ejercicio para dolor lumbar inespecífico se relaciona con Comprender respuestas básicas al ejercicio por su tipo, descripción o etiquetas.",2026-08-04
tsaf_iad_dolor_lumbar_2026,TSAF,TSAF-VAL-001,desarrolla,2,1,no,"Diseño de ejercicio para dolor lumbar inespecífico se relaciona con Realizar entrevista inicial y cribado básico por su tipo, descripción o etiquetas.",2026-08-04
tsaf_iad_dolor_lumbar_2026,TSAF,TSAF-FIT-002,desarrolla,3,2,no,"Diseño de ejercicio para dolor lumbar inespecífico se relaciona con Programar fuerza, resistencia y movilidad por su tipo, descripción o etiquetas.",2026-08-04
tsaf_iad_dolor_lumbar_2026,TSAF,TSAF-AQU-002,desarrolla,4,2,no,"Diseño de ejercicio para dolor lumbar inespecífico se relaciona con Programar y dirigir una sesión acuática por su tipo, descripción o etiquetas.",2026-08-04
tsaf_iad_dolor_lumbar_2026,TSAF,TSAF-POS-001,desarrolla,5,2,no,"Diseño de ejercicio para dolor lumbar inespecífico se relaciona con Analizar patrones posturales y funcionales sin diagnosticar por su tipo, descripción o etiquetas.",2026-08-04
tsaf_iad_entrenamiento_fuerza,TSAF,TSAF-FIT-002,desarrolla,1,2,no,"Optimización del rendimiento mediante entrenamiento de fuerza se relaciona con Programar fuerza, resistencia y movilidad por su tipo, descripción o etiquetas.",2026-08-04
tsaf_iad_entrenamiento_fuerza,TSAF,TSAF-VAL-002,desarrolla,2,1,no,"Optimización del rendimiento mediante entrenamiento de fuerza se relaciona con Aplicar pruebas básicas de condición física por su tipo, descripción o etiquetas.",2026-08-04
tsaf_iad_entrenamiento_fuerza,TSAF,TSAF-FIT-001,desarrolla,3,1,no,"Optimización del rendimiento mediante entrenamiento de fuerza se relaciona con Seleccionar ejercicios y enseñar técnica por su tipo, descripción o etiquetas.",2026-08-04
tsaf_iad_entrenamiento_fuerza,TSAF,TSAF-AQU-002,desarrolla,4,2,no,"Optimización del rendimiento mediante entrenamiento de fuerza se relaciona con Programar y dirigir una sesión acuática por su tipo, descripción o etiquetas.",2026-08-04
tsaf_iad_entrenamiento_fuerza,TSAF,TSAF-POS-001,desarrolla,5,2,no,"Optimización del rendimiento mediante entrenamiento de fuerza se relaciona con Analizar patrones posturales y funcionales sin diagnosticar por su tipo, descripción o etiquetas.",2026-08-04
tsaf_iad_accesibilidad_instalaciones,TSAF,TSAF-ESP-001,desarrolla,1,2,no,"Accesibilidad universal en instalaciones deportivas se relaciona con Adaptar actividad a personas mayores y colectivos diversos por su tipo, descripción o etiquetas.",2026-08-04
tsaf_iad_accesibilidad_instalaciones,TSAF,TSAF-GES-001,desarrolla,2,2,no,"Accesibilidad universal en instalaciones deportivas se relaciona con Organizar recursos, calidad y seguridad de una instalación por su tipo, descripción o etiquetas.",2026-08-04
tsaf_iad_accesibilidad_instalaciones,TSAF,TSAF-HID-001,desarrolla,3,2,no,"Accesibilidad universal en instalaciones deportivas se relaciona con Diseñar actividades de movilidad y bienestar en agua por su tipo, descripción o etiquetas.",2026-08-04
tsaf_iad_accesibilidad_instalaciones,TSAF,TSAF-POS-002,desarrolla,4,2,no,"Accesibilidad universal en instalaciones deportivas se relaciona con Programar movilidad, estabilidad y mantenimiento funcional por su tipo, descripción o etiquetas.",2026-08-04
tsaf_iad_accesibilidad_instalaciones,TSAF,TSAF-SUS-001,desarrolla,5,1,no,"Accesibilidad universal en instalaciones deportivas se relaciona con Aplicar sostenibilidad a servicios deportivos por su tipo, descripción o etiquetas.",2026-08-04
tsaf_iad_material_adultos_mayores,TSAF,TSAF-BAS-003,desarrolla,1,0,no,"Material didáctico de ejercicio para adultos y mayores se relaciona con Comprender respuestas básicas al ejercicio por su tipo, descripción o etiquetas.",2026-08-04
tsaf_iad_material_adultos_mayores,TSAF,TSAF-HID-001,desarrolla,2,2,no,"Material didáctico de ejercicio para adultos y mayores se relaciona con Diseñar actividades de movilidad y bienestar en agua por su tipo, descripción o etiquetas.",2026-08-04
tsaf_iad_material_adultos_mayores,TSAF,TSAF-POS-002,desarrolla,3,2,no,"Material didáctico de ejercicio para adultos y mayores se relaciona con Programar movilidad, estabilidad y mantenimiento funcional por su tipo, descripción o etiquetas.",2026-08-04
tsaf_iad_material_adultos_mayores,TSAF,TSAF-ESP-001,desarrolla,4,2,no,"Material didáctico de ejercicio para adultos y mayores se relaciona con Adaptar actividad a personas mayores y colectivos diversos por su tipo, descripción o etiquetas.",2026-08-04
tsaf_iad_material_adultos_mayores,TSAF,TSAF-BAS-005,desarrolla,5,0,no,"Material didáctico de ejercicio para adultos y mayores se relaciona con Distinguir alcance profesional, derivación y consentimiento por su tipo, descripción o etiquetas.",2026-08-04
tsaf_csd_estrategia_sedentarismo_2026,TSAF,TSAF-BAS-003,desarrolla,1,0,no,"Estrategia nacional contra el sedentarismo y la inactividad física se relaciona con Comprender respuestas básicas al ejercicio por su tipo, descripción o etiquetas.",2026-08-04
tsaf_csd_estrategia_sedentarismo_2026,TSAF,TSAF-BAS-005,desarrolla,2,0,no,"Estrategia nacional contra el sedentarismo y la inactividad física se relaciona con Distinguir alcance profesional, derivación y consentimiento por su tipo, descripción o etiquetas.",2026-08-04
tsaf_oms_directrices_actividad_fisica,TSAF,TSAF-BAS-005,desarrolla,1,0,no,"Directrices de actividad física y comportamiento sedentario se relaciona con Distinguir alcance profesional, derivación y consentimiento por su tipo, descripción o etiquetas.",2026-08-04
tsaf_junta_buscador_fpe_deporte,TSAF,TSAF-FIT-001,desarrolla,1,1,no,"Buscador andaluz de Formación Profesional para el Empleo se relaciona con Seleccionar ejercicios y enseñar técnica por su tipo, descripción o etiquetas.",2026-08-04
tsaf_junta_buscador_fpe_deporte,TSAF,TSAF-EMP-001,desarrolla,2,2,no,"Buscador andaluz de Formación Profesional para el Empleo se relaciona con Preparar candidatura profesional en fitness y deporte por su tipo, descripción o etiquetas.",2026-08-04
tsaf_junta_buscador_fpe_deporte,TSAF,TSAF-AUX-001,desarrolla,3,1,no,"Buscador andaluz de Formación Profesional para el Empleo se relaciona con Actuar ante una emergencia y activar ayuda por su tipo, descripción o etiquetas.",2026-08-04
tsaf_junta_buscador_fpe_deporte,TSAF,TSAF-ENG-001,desarrolla,4,1,no,"Buscador andaluz de Formación Profesional para el Empleo se relaciona con Comprender instrucciones y recursos profesionales en inglés por su tipo, descripción o etiquetas.",2026-08-04
tsaf_junta_buscador_fpe_deporte,TSAF,TSAF-PRJ-001,desarrolla,5,3,no,"Buscador andaluz de Formación Profesional para el Empleo se relaciona con Crear un programa integral de acondicionamiento físico por su tipo, descripción o etiquetas.",2026-08-04
tsaf_herramienta_kinovea,TSAF,TSAF-BAS-002,desarrolla,1,0,no,"Kinovea se relaciona con Reconocer anatomía y movimientos fundamentales por su tipo, descripción o etiquetas.",2026-08-04
tsaf_herramienta_kinovea,TSAF,TSAF-FIT-001,desarrolla,2,1,no,"Kinovea se relaciona con Seleccionar ejercicios y enseñar técnica por su tipo, descripción o etiquetas.",2026-08-04
tsaf_herramienta_kinovea,TSAF,TSAF-BAS-005,desarrolla,3,0,no,"Kinovea se relaciona con Distinguir alcance profesional, derivación y consentimiento por su tipo, descripción o etiquetas.",2026-08-04
tsaf_herramienta_trainingpeaks,TSAF,TSAF-FIT-002,desarrolla,1,2,no,"TrainingPeaks para entrenadores se relaciona con Programar fuerza, resistencia y movilidad por su tipo, descripción o etiquetas.",2026-08-04
tsaf_herramienta_trainingpeaks,TSAF,TSAF-VAL-002,desarrolla,2,1,no,"TrainingPeaks para entrenadores se relaciona con Aplicar pruebas básicas de condición física por su tipo, descripción o etiquetas.",2026-08-04
tsaf_herramienta_trainingpeaks,TSAF,TSAF-FIT-003,desarrolla,3,2,no,"TrainingPeaks para entrenadores se relaciona con Dirigir y adaptar una sesión individual por su tipo, descripción o etiquetas.",2026-08-04
tsaf_herramienta_trainingpeaks,TSAF,TSAF-DIG-001,desarrolla,4,2,no,"TrainingPeaks para entrenadores se relaciona con Usar tecnología y datos en seguimiento sin invadir privacidad por su tipo, descripción o etiquetas.",2026-08-04
tsaf_herramienta_trainingpeaks,TSAF,TSAF-PRJ-001,desarrolla,5,3,no,"TrainingPeaks para entrenadores se relaciona con Crear un programa integral de acondicionamiento físico por su tipo, descripción o etiquetas.",2026-08-04
tsaf_herramienta_polar_flow,TSAF,TSAF-BAS-003,desarrolla,1,0,no,"Polar Flow se relaciona con Comprender respuestas básicas al ejercicio por su tipo, descripción o etiquetas.",2026-08-04
tsaf_herramienta_polar_flow,TSAF,TSAF-VAL-003,desarrolla,2,2,no,"Polar Flow se relaciona con Registrar y analizar evolución por su tipo, descripción o etiquetas.",2026-08-04
tsaf_herramienta_polar_flow,TSAF,TSAF-FIT-002,desarrolla,3,2,no,"Polar Flow se relaciona con Programar fuerza, resistencia y movilidad por su tipo, descripción o etiquetas.",2026-08-04
tsaf_herramienta_polar_flow,TSAF,TSAF-DIG-001,desarrolla,4,2,no,"Polar Flow se relaciona con Usar tecnología y datos en seguimiento sin invadir privacidad por su tipo, descripción o etiquetas.",2026-08-04
tsaf_herramienta_polar_flow,TSAF,TSAF-BAS-005,desarrolla,5,0,no,"Polar Flow se relaciona con Distinguir alcance profesional, derivación y consentimiento por su tipo, descripción o etiquetas.",2026-08-04
tsaf_herramienta_garmin_connect,TSAF,TSAF-DIG-001,desarrolla,1,2,no,"Garmin Connect se relaciona con Usar tecnología y datos en seguimiento sin invadir privacidad por su tipo, descripción o etiquetas.",2026-08-04
tsaf_herramienta_garmin_connect,TSAF,TSAF-BAS-001,desarrolla,2,0,no,"Garmin Connect se relaciona con Organizar archivos, formularios y hojas de cálculo por su tipo, descripción o etiquetas.",2026-08-04
tsaf_herramienta_garmin_connect,TSAF,TSAF-BAS-003,desarrolla,3,0,no,"Garmin Connect se relaciona con Comprender respuestas básicas al ejercicio por su tipo, descripción o etiquetas.",2026-08-04
tsaf_herramienta_garmin_connect,TSAF,TSAF-VAL-003,desarrolla,4,2,no,"Garmin Connect se relaciona con Registrar y analizar evolución por su tipo, descripción o etiquetas.",2026-08-04
tsaf_herramienta_garmin_connect,TSAF,TSAF-BAS-005,desarrolla,5,0,no,"Garmin Connect se relaciona con Distinguir alcance profesional, derivación y consentimiento por su tipo, descripción o etiquetas.",2026-08-04
tsaf_herramienta_strava,TSAF,TSAF-VAL-001,desarrolla,1,1,no,"Strava se relaciona con Realizar entrevista inicial y cribado básico por su tipo, descripción o etiquetas.",2026-08-04
tsaf_herramienta_strava,TSAF,TSAF-BAS-005,desarrolla,2,0,no,"Strava se relaciona con Distinguir alcance profesional, derivación y consentimiento por su tipo, descripción o etiquetas.",2026-08-04
tsaf_herramienta_trainerize,TSAF,TSAF-VAL-003,desarrolla,1,2,no,"ABC Trainerize se relaciona con Registrar y analizar evolución por su tipo, descripción o etiquetas.",2026-08-04
tsaf_herramienta_trainerize,TSAF,TSAF-FIT-003,desarrolla,2,2,no,"ABC Trainerize se relaciona con Dirigir y adaptar una sesión individual por su tipo, descripción o etiquetas.",2026-08-04
tsaf_herramienta_trainerize,TSAF,TSAF-BAS-005,desarrolla,3,0,no,"ABC Trainerize se relaciona con Distinguir alcance profesional, derivación y consentimiento por su tipo, descripción o etiquetas.",2026-08-04
tsaf_herramienta_hexfit,TSAF,TSAF-FIT-002,desarrolla,1,2,no,"Hexfit se relaciona con Programar fuerza, resistencia y movilidad por su tipo, descripción o etiquetas.",2026-08-04
tsaf_herramienta_hexfit,TSAF,TSAF-BAS-005,desarrolla,2,0,no,"Hexfit se relaciona con Distinguir alcance profesional, derivación y consentimiento por su tipo, descripción o etiquetas.",2026-08-04
tsaf_herramienta_excel,TSAF,TSAF-BAS-001,desarrolla,1,0,no,"Microsoft Excel se relaciona con Organizar archivos, formularios y hojas de cálculo por su tipo, descripción o etiquetas.",2026-08-04
tsaf_herramienta_excel,TSAF,TSAF-VAL-002,desarrolla,2,1,no,"Microsoft Excel se relaciona con Aplicar pruebas básicas de condición física por su tipo, descripción o etiquetas.",2026-08-04
tsaf_herramienta_excel,TSAF,TSAF-VAL-003,desarrolla,3,2,no,"Microsoft Excel se relaciona con Registrar y analizar evolución por su tipo, descripción o etiquetas.",2026-08-04
tsaf_herramienta_excel,TSAF,TSAF-PRJ-001,desarrolla,4,3,no,"Microsoft Excel se relaciona con Crear un programa integral de acondicionamiento físico por su tipo, descripción o etiquetas.",2026-08-04
tsaf_herramienta_excel,TSAF,TSAF-BAS-005,desarrolla,5,0,no,"Microsoft Excel se relaciona con Distinguir alcance profesional, derivación y consentimiento por su tipo, descripción o etiquetas.",2026-08-04
tsaf_herramienta_google_forms,TSAF,TSAF-BAS-005,desarrolla,1,0,no,"Formularios de Google se relaciona con Distinguir alcance profesional, derivación y consentimiento por su tipo, descripción o etiquetas.",2026-08-04
tsaf_sae_busqueda_empleo,TSAF,TSAF-EMP-001,requiere,1,2,sí,"Servicio Andaluz de Empleo se relaciona con Preparar candidatura profesional en fitness y deporte por su tipo, descripción o etiquetas.",2026-08-04
tsaf_sae_busqueda_empleo,TSAF,TSAF-BAS-005,requiere,2,0,sí,"Servicio Andaluz de Empleo se relaciona con Distinguir alcance profesional, derivación y consentimiento por su tipo, descripción o etiquetas.",2026-08-04
tsaf_sae_busqueda_empleo,TSAF,TSAF-SOC-001,requiere,3,2,no,"Servicio Andaluz de Empleo se relaciona con Gestionar comunicación, motivación y conflictos por su tipo, descripción o etiquetas.",2026-08-04
tsaf_portal_empleate_sepe,TSAF,TSAF-EMP-001,requiere,1,2,sí,"Portal Empléate se relaciona con Preparar candidatura profesional en fitness y deporte por su tipo, descripción o etiquetas.",2026-08-04
tsaf_portal_empleate_sepe,TSAF,TSAF-FIT-001,requiere,2,1,sí,"Portal Empléate se relaciona con Seleccionar ejercicios y enseñar técnica por su tipo, descripción o etiquetas.",2026-08-04
tsaf_portal_empleate_sepe,TSAF,TSAF-ENG-001,requiere,3,1,no,"Portal Empléate se relaciona con Comprender instrucciones y recursos profesionales en inglés por su tipo, descripción o etiquetas.",2026-08-04
tsaf_portal_empleate_sepe,TSAF,TSAF-PRJ-001,requiere,4,3,no,"Portal Empléate se relaciona con Crear un programa integral de acondicionamiento físico por su tipo, descripción o etiquetas.",2026-08-04
tsaf_portal_empleate_sepe,TSAF,TSAF-MUS-001,requiere,5,1,no,"Portal Empléate se relaciona con Comprender ritmo, frase musical y estructura de sesión por su tipo, descripción o etiquetas.",2026-08-04
tsaf_empleo_deporte_portal,TSAF,TSAF-EMP-001,requiere,1,2,sí,"Empleo Deporte se relaciona con Preparar candidatura profesional en fitness y deporte por su tipo, descripción o etiquetas.",2026-08-04
tsaf_empleo_deporte_portal,TSAF,TSAF-GES-001,requiere,2,2,sí,"Empleo Deporte se relaciona con Organizar recursos, calidad y seguridad de una instalación por su tipo, descripción o etiquetas.",2026-08-04
tsaf_empleo_deporte_portal,TSAF,TSAF-BAS-003,requiere,3,0,no,"Empleo Deporte se relaciona con Comprender respuestas básicas al ejercicio por su tipo, descripción o etiquetas.",2026-08-04
tsaf_empleo_deporte_portal,TSAF,TSAF-FIT-001,requiere,4,1,no,"Empleo Deporte se relaciona con Seleccionar ejercicios y enseñar técnica por su tipo, descripción o etiquetas.",2026-08-04
tsaf_empleo_deporte_portal,TSAF,TSAF-ENG-001,requiere,5,1,no,"Empleo Deporte se relaciona con Comprender instrucciones y recursos profesionales en inglés por su tipo, descripción o etiquetas.",2026-08-04
tsaf_plataforma_colef_empleo,TSAF,TSAF-BAS-003,requiere,1,0,sí,"Bolsa de empleo de Plataforma COLEF se relaciona con Comprender respuestas básicas al ejercicio por su tipo, descripción o etiquetas.",2026-08-04
tsaf_plataforma_colef_empleo,TSAF,TSAF-EMP-001,requiere,2,2,sí,"Bolsa de empleo de Plataforma COLEF se relaciona con Preparar candidatura profesional en fitness y deporte por su tipo, descripción o etiquetas.",2026-08-04
tsaf_plataforma_colef_empleo,TSAF,TSAF-GES-001,requiere,3,2,no,"Bolsa de empleo de Plataforma COLEF se relaciona con Organizar recursos, calidad y seguridad de una instalación por su tipo, descripción o etiquetas.",2026-08-04
tsaf_plataforma_colef_empleo,TSAF,TSAF-BAS-005,requiere,4,0,no,"Bolsa de empleo de Plataforma COLEF se relaciona con Distinguir alcance profesional, derivación y consentimiento por su tipo, descripción o etiquetas.",2026-08-04
tsaf_plataforma_colef_empleo,TSAF,TSAF-SOC-001,requiere,5,2,no,"Bolsa de empleo de Plataforma COLEF se relaciona con Gestionar comunicación, motivación y conflictos por su tipo, descripción o etiquetas.",2026-08-04
tsaf_ayuntamiento_granada_bolsas,TSAF,TSAF-EMP-001,requiere,1,2,sí,"Bolsas de empleo del Ayuntamiento de Granada se relaciona con Preparar candidatura profesional en fitness y deporte por su tipo, descripción o etiquetas.",2026-08-04
tsaf_ayuntamiento_granada_bolsas,TSAF,TSAF-BAS-005,requiere,2,0,sí,"Bolsas de empleo del Ayuntamiento de Granada se relaciona con Distinguir alcance profesional, derivación y consentimiento por su tipo, descripción o etiquetas.",2026-08-04
tsaf_ayuntamiento_granada_bolsas,TSAF,TSAF-SOC-001,requiere,3,2,no,"Bolsas de empleo del Ayuntamiento de Granada se relaciona con Gestionar comunicación, motivación y conflictos por su tipo, descripción o etiquetas.",2026-08-04
tsaf_bop_granada_bolsa_monitores_2026,TSAF,TSAF-EMP-001,requiere,1,2,sí,"Bolsa de trabajo de monitores deportivos y culturales se relaciona con Preparar candidatura profesional en fitness y deporte por su tipo, descripción o etiquetas.",2026-08-04
tsaf_bop_granada_bolsa_monitores_2026,TSAF,TSAF-BAS-005,requiere,2,0,sí,"Bolsa de trabajo de monitores deportivos y culturales se relaciona con Distinguir alcance profesional, derivación y consentimiento por su tipo, descripción o etiquetas.",2026-08-04
tsaf_bop_granada_bolsa_monitores_2026,TSAF,TSAF-SOC-001,requiere,3,2,no,"Bolsa de trabajo de monitores deportivos y culturales se relaciona con Gestionar comunicación, motivación y conflictos por su tipo, descripción o etiquetas.",2026-08-04
tsaf_gofit_empleo_practicas,TSAF,TSAF-EMP-001,requiere,1,2,sí,"Empleo y prácticas en GO fit se relaciona con Preparar candidatura profesional en fitness y deporte por su tipo, descripción o etiquetas.",2026-08-04
tsaf_gofit_empleo_practicas,TSAF,TSAF-FIT-001,requiere,2,1,sí,"Empleo y prácticas en GO fit se relaciona con Seleccionar ejercicios y enseñar técnica por su tipo, descripción o etiquetas.",2026-08-04
tsaf_gofit_empleo_practicas,TSAF,TSAF-ENG-001,requiere,3,1,no,"Empleo y prácticas en GO fit se relaciona con Comprender instrucciones y recursos profesionales en inglés por su tipo, descripción o etiquetas.",2026-08-04
tsaf_gofit_empleo_practicas,TSAF,TSAF-PRJ-001,requiere,4,3,no,"Empleo y prácticas en GO fit se relaciona con Crear un programa integral de acondicionamiento físico por su tipo, descripción o etiquetas.",2026-08-04
tsaf_gofit_empleo_practicas,TSAF,TSAF-MUS-001,requiere,5,1,no,"Empleo y prácticas en GO fit se relaciona con Comprender ritmo, frase musical y estructura de sesión por su tipo, descripción o etiquetas.",2026-08-04
tsaf_synergym_empleo,TSAF,TSAF-EMP-001,requiere,1,2,sí,"Ofertas de empleo de Synergym se relaciona con Preparar candidatura profesional en fitness y deporte por su tipo, descripción o etiquetas.",2026-08-04
tsaf_synergym_empleo,TSAF,TSAF-FIT-001,requiere,2,1,sí,"Ofertas de empleo de Synergym se relaciona con Seleccionar ejercicios y enseñar técnica por su tipo, descripción o etiquetas.",2026-08-04
tsaf_synergym_empleo,TSAF,TSAF-ENG-001,requiere,3,1,no,"Ofertas de empleo de Synergym se relaciona con Comprender instrucciones y recursos profesionales en inglés por su tipo, descripción o etiquetas.",2026-08-04
tsaf_synergym_empleo,TSAF,TSAF-PRJ-001,requiere,4,3,no,"Ofertas de empleo de Synergym se relaciona con Crear un programa integral de acondicionamiento físico por su tipo, descripción o etiquetas.",2026-08-04
tsaf_synergym_empleo,TSAF,TSAF-MUS-001,requiere,5,1,no,"Ofertas de empleo de Synergym se relaciona con Comprender ritmo, frase musical y estructura de sesión por su tipo, descripción o etiquetas.",2026-08-04
tsaf_basic_fit_empleo,TSAF,TSAF-EMP-001,requiere,1,2,sí,"Empleo en Basic-Fit España se relaciona con Preparar candidatura profesional en fitness y deporte por su tipo, descripción o etiquetas.",2026-08-04
tsaf_basic_fit_empleo,TSAF,TSAF-FIT-001,requiere,2,1,sí,"Empleo en Basic-Fit España se relaciona con Seleccionar ejercicios y enseñar técnica por su tipo, descripción o etiquetas.",2026-08-04
tsaf_basic_fit_empleo,TSAF,TSAF-ENG-001,requiere,3,1,no,"Empleo en Basic-Fit España se relaciona con Comprender instrucciones y recursos profesionales en inglés por su tipo, descripción o etiquetas.",2026-08-04
tsaf_basic_fit_empleo,TSAF,TSAF-PRJ-001,requiere,4,3,no,"Empleo en Basic-Fit España se relaciona con Crear un programa integral de acondicionamiento físico por su tipo, descripción o etiquetas.",2026-08-04
tsaf_basic_fit_empleo,TSAF,TSAF-MUS-001,requiere,5,1,no,"Empleo en Basic-Fit España se relaciona con Comprender ritmo, frase musical y estructura de sesión por su tipo, descripción o etiquetas.",2026-08-04
tsaf_eures_empleo_deporte,TSAF,TSAF-FIT-001,requiere,1,1,sí,"EURES para empleo deportivo en Europa se relaciona con Seleccionar ejercicios y enseñar técnica por su tipo, descripción o etiquetas.",2026-08-04
tsaf_eures_empleo_deporte,TSAF,TSAF-EMP-001,requiere,2,2,sí,"EURES para empleo deportivo en Europa se relaciona con Preparar candidatura profesional en fitness y deporte por su tipo, descripción o etiquetas.",2026-08-04
tsaf_eures_empleo_deporte,TSAF,TSAF-VAL-002,requiere,3,1,no,"EURES para empleo deportivo en Europa se relaciona con Aplicar pruebas básicas de condición física por su tipo, descripción o etiquetas.",2026-08-04
tsaf_eures_empleo_deporte,TSAF,TSAF-FIT-002,requiere,4,2,no,"EURES para empleo deportivo en Europa se relaciona con Programar fuerza, resistencia y movilidad por su tipo, descripción o etiquetas.",2026-08-04
tsaf_eures_empleo_deporte,TSAF,TSAF-HID-001,requiere,5,2,no,"EURES para empleo deportivo en Europa se relaciona con Diseñar actividades de movilidad y bienestar en agua por su tipo, descripción o etiquetas.",2026-08-04
tsaf_congreso_agesport_2026,TSAF,TSAF-GES-001,requiere,1,2,sí,"XXIII Congreso AGESPORT 2026 se relaciona con Organizar recursos, calidad y seguridad de una instalación por su tipo, descripción o etiquetas.",2026-08-04
tsaf_congreso_agesport_2026,TSAF,TSAF-GES-002,requiere,2,3,sí,"XXIII Congreso AGESPORT 2026 se relaciona con Diseñar y ejecutar un evento de actividad física por su tipo, descripción o etiquetas.",2026-08-04
tsaf_congreso_agesport_2026,TSAF,TSAF-SUS-001,requiere,3,1,no,"XXIII Congreso AGESPORT 2026 se relaciona con Aplicar sostenibilidad a servicios deportivos por su tipo, descripción o etiquetas.",2026-08-04
tsaf_congreso_agesport_2026,TSAF,TSAF-PRJ-002,requiere,4,3,no,"XXIII Congreso AGESPORT 2026 se relaciona con Presentar y defender una propuesta de servicio por su tipo, descripción o etiquetas.",2026-08-04
tsaf_congreso_agesport_2026,TSAF,TSAF-SOC-001,requiere,5,2,no,"XXIII Congreso AGESPORT 2026 se relaciona con Gestionar comunicación, motivación y conflictos por su tipo, descripción o etiquetas.",2026-08-04
tsaf_semana_europea_deporte_2026,TSAF,TSAF-GES-002,requiere,1,3,sí,"Semana Europea del Deporte 2026 se relaciona con Diseñar y ejecutar un evento de actividad física por su tipo, descripción o etiquetas.",2026-08-04
tsaf_semana_europea_deporte_2026,TSAF,TSAF-PRJ-002,requiere,2,3,sí,"Semana Europea del Deporte 2026 se relaciona con Presentar y defender una propuesta de servicio por su tipo, descripción o etiquetas.",2026-08-04
tsaf_semana_europea_deporte_2026,TSAF,TSAF-SOC-001,requiere,3,2,no,"Semana Europea del Deporte 2026 se relaciona con Gestionar comunicación, motivación y conflictos por su tipo, descripción o etiquetas.",2026-08-04
tsaf_semana_europea_deporte_2026,TSAF,TSAF-AUX-001,requiere,4,1,no,"Semana Europea del Deporte 2026 se relaciona con Actuar ante una emergencia y activar ayuda por su tipo, descripción o etiquetas.",2026-08-04
tsaf_gran_premio_fondo_granada_2026,TSAF,TSAF-GES-002,requiere,1,3,sí,"Gran Premio de Fondo Diputación de Granada 2026 se relaciona con Diseñar y ejecutar un evento de actividad física por su tipo, descripción o etiquetas.",2026-08-04
tsaf_gran_premio_fondo_granada_2026,TSAF,TSAF-PRJ-002,requiere,2,3,sí,"Gran Premio de Fondo Diputación de Granada 2026 se relaciona con Presentar y defender una propuesta de servicio por su tipo, descripción o etiquetas.",2026-08-04
tsaf_gran_premio_fondo_granada_2026,TSAF,TSAF-POS-001,requiere,3,2,no,"Gran Premio de Fondo Diputación de Granada 2026 se relaciona con Analizar patrones posturales y funcionales sin diagnosticar por su tipo, descripción o etiquetas.",2026-08-04
tsaf_gran_premio_fondo_granada_2026,TSAF,TSAF-SOC-001,requiere,4,2,no,"Gran Premio de Fondo Diputación de Granada 2026 se relaciona con Gestionar comunicación, motivación y conflictos por su tipo, descripción o etiquetas.",2026-08-04
tsaf_gran_premio_fondo_granada_2026,TSAF,TSAF-AUX-001,requiere,5,1,no,"Gran Premio de Fondo Diputación de Granada 2026 se relaciona con Actuar ante una emergencia y activar ayuda por su tipo, descripción o etiquetas.",2026-08-04
tsaf_carreras_montana_granada_2026,TSAF,TSAF-BAS-005,requiere,1,0,sí,"Circuito Provincial de Carreras por Montaña 2026 se relaciona con Distinguir alcance profesional, derivación y consentimiento por su tipo, descripción o etiquetas.",2026-08-04
tsaf_carreras_montana_granada_2026,TSAF,TSAF-VAL-002,requiere,2,1,sí,"Circuito Provincial de Carreras por Montaña 2026 se relaciona con Aplicar pruebas básicas de condición física por su tipo, descripción o etiquetas.",2026-08-04
tsaf_carreras_montana_granada_2026,TSAF,TSAF-FIT-002,requiere,3,2,no,"Circuito Provincial de Carreras por Montaña 2026 se relaciona con Programar fuerza, resistencia y movilidad por su tipo, descripción o etiquetas.",2026-08-04
tsaf_carreras_montana_granada_2026,TSAF,TSAF-GES-001,requiere,4,2,no,"Circuito Provincial de Carreras por Montaña 2026 se relaciona con Organizar recursos, calidad y seguridad de una instalación por su tipo, descripción o etiquetas.",2026-08-04
tsaf_carreras_montana_granada_2026,TSAF,TSAF-GES-002,requiere,5,3,no,"Circuito Provincial de Carreras por Montaña 2026 se relaciona con Diseñar y ejecutar un evento de actividad física por su tipo, descripción o etiquetas.",2026-08-04
tsaf_circuito_campo_traves_granada,TSAF,TSAF-GES-002,requiere,1,3,sí,"Circuito Provincial de Campo a Través se relaciona con Diseñar y ejecutar un evento de actividad física por su tipo, descripción o etiquetas.",2026-08-04
tsaf_circuito_campo_traves_granada,TSAF,TSAF-VAL-002,requiere,2,1,sí,"Circuito Provincial de Campo a Través se relaciona con Aplicar pruebas básicas de condición física por su tipo, descripción o etiquetas.",2026-08-04
tsaf_circuito_campo_traves_granada,TSAF,TSAF-FIT-002,requiere,3,2,no,"Circuito Provincial de Campo a Través se relaciona con Programar fuerza, resistencia y movilidad por su tipo, descripción o etiquetas.",2026-08-04
tsaf_circuito_campo_traves_granada,TSAF,TSAF-PRJ-002,requiere,4,3,no,"Circuito Provincial de Campo a Través se relaciona con Presentar y defender una propuesta de servicio por su tipo, descripción o etiquetas.",2026-08-04
tsaf_circuito_campo_traves_granada,TSAF,TSAF-SOC-001,requiere,5,2,no,"Circuito Provincial de Campo a Través se relaciona con Gestionar comunicación, motivación y conflictos por su tipo, descripción o etiquetas.",2026-08-04
tsaf_hyrox_malaga_2026,TSAF,TSAF-GES-002,requiere,1,3,sí,"HYROX Málaga 2026 se relaciona con Diseñar y ejecutar un evento de actividad física por su tipo, descripción o etiquetas.",2026-08-04
tsaf_hyrox_malaga_2026,TSAF,TSAF-FIT-001,requiere,2,1,sí,"HYROX Málaga 2026 se relaciona con Seleccionar ejercicios y enseñar técnica por su tipo, descripción o etiquetas.",2026-08-04
tsaf_hyrox_malaga_2026,TSAF,TSAF-ENG-001,requiere,3,1,no,"HYROX Málaga 2026 se relaciona con Comprender instrucciones y recursos profesionales en inglés por su tipo, descripción o etiquetas.",2026-08-04
tsaf_hyrox_malaga_2026,TSAF,TSAF-EMP-001,requiere,4,2,no,"HYROX Málaga 2026 se relaciona con Preparar candidatura profesional en fitness y deporte por su tipo, descripción o etiquetas.",2026-08-04
tsaf_hyrox_malaga_2026,TSAF,TSAF-PRJ-001,requiere,5,3,no,"HYROX Málaga 2026 se relaciona con Crear un programa integral de acondicionamiento físico por su tipo, descripción o etiquetas.",2026-08-04
tsaf_congreso_addijes_granada_2026,TSAF,TSAF-GES-002,requiere,1,3,sí,"X Congreso de Investigación y Didáctica de la Educación Física se relaciona con Diseñar y ejecutar un evento de actividad física por su tipo, descripción o etiquetas.",2026-08-04
tsaf_congreso_addijes_granada_2026,TSAF,TSAF-PRJ-002,requiere,2,3,sí,"X Congreso de Investigación y Didáctica de la Educación Física se relaciona con Presentar y defender una propuesta de servicio por su tipo, descripción o etiquetas.",2026-08-04
tsaf_congreso_addijes_granada_2026,TSAF,TSAF-SOC-001,requiere,3,2,no,"X Congreso de Investigación y Didáctica de la Educación Física se relaciona con Gestionar comunicación, motivación y conflictos por su tipo, descripción o etiquetas.",2026-08-04
tsaf_congreso_addijes_granada_2026,TSAF,TSAF-AUX-001,requiere,4,1,no,"X Congreso de Investigación y Didáctica de la Educación Física se relaciona con Actuar ante una emergencia y activar ayuda por su tipo, descripción o etiquetas.",2026-08-04
tsaf_agesport_comunidad,TSAF,TSAF-GES-001,apoya,1,2,no,"Asociación Andaluza de Gestión del Deporte se relaciona con Organizar recursos, calidad y seguridad de una instalación por su tipo, descripción o etiquetas.",2026-08-04
tsaf_agesport_comunidad,TSAF,TSAF-SUS-001,apoya,2,1,no,"Asociación Andaluza de Gestión del Deporte se relaciona con Aplicar sostenibilidad a servicios deportivos por su tipo, descripción o etiquetas.",2026-08-04
tsaf_agesport_comunidad,TSAF,TSAF-EMP-001,apoya,3,2,no,"Asociación Andaluza de Gestión del Deporte se relaciona con Preparar candidatura profesional en fitness y deporte por su tipo, descripción o etiquetas.",2026-08-04
tsaf_agesport_comunidad,TSAF,TSAF-BAS-005,apoya,4,0,no,"Asociación Andaluza de Gestión del Deporte se relaciona con Distinguir alcance profesional, derivación y consentimiento por su tipo, descripción o etiquetas.",2026-08-04
tsaf_colef_andalucia_comunidad,TSAF,TSAF-EMP-001,apoya,1,2,no,"COLEF Andalucía se relaciona con Preparar candidatura profesional en fitness y deporte por su tipo, descripción o etiquetas.",2026-08-04
tsaf_colef_andalucia_comunidad,TSAF,TSAF-BAS-005,apoya,2,0,no,"COLEF Andalucía se relaciona con Distinguir alcance profesional, derivación y consentimiento por su tipo, descripción o etiquetas.",2026-08-04
tsaf_liga_hibrida_andalucia,TSAF,TSAF-VAL-002,requiere,1,1,sí,"Liga Híbrida Andalucía se relaciona con Aplicar pruebas básicas de condición física por su tipo, descripción o etiquetas.",2026-08-04
tsaf_liga_hibrida_andalucia,TSAF,TSAF-FIT-001,requiere,2,1,sí,"Liga Híbrida Andalucía se relaciona con Seleccionar ejercicios y enseñar técnica por su tipo, descripción o etiquetas.",2026-08-04
tsaf_liga_hibrida_andalucia,TSAF,TSAF-FIT-002,requiere,3,2,no,"Liga Híbrida Andalucía se relaciona con Programar fuerza, resistencia y movilidad por su tipo, descripción o etiquetas.",2026-08-04
tsaf_liga_hibrida_andalucia,TSAF,TSAF-GES-002,requiere,4,3,no,"Liga Híbrida Andalucía se relaciona con Diseñar y ejecutar un evento de actividad física por su tipo, descripción o etiquetas.",2026-08-04
tsaf_liga_hibrida_andalucia,TSAF,TSAF-ENG-001,requiere,5,1,no,"Liga Híbrida Andalucía se relaciona con Comprender instrucciones y recursos profesionales en inglés por su tipo, descripción o etiquetas.",2026-08-04
tsaf_fuente_csd,TSAF,TSAF-GES-002,apoya,1,3,no,"Consejo Superior de Deportes se relaciona con Diseñar y ejecutar un evento de actividad física por su tipo, descripción o etiquetas.",2026-08-04
tsaf_fuente_csd,TSAF,TSAF-GES-001,apoya,2,2,no,"Consejo Superior de Deportes se relaciona con Organizar recursos, calidad y seguridad de una instalación por su tipo, descripción o etiquetas.",2026-08-04
tsaf_fuente_csd,TSAF,TSAF-EMP-001,apoya,3,2,no,"Consejo Superior de Deportes se relaciona con Preparar candidatura profesional en fitness y deporte por su tipo, descripción o etiquetas.",2026-08-04
tsaf_fuente_csd,TSAF,TSAF-BAS-005,apoya,4,0,no,"Consejo Superior de Deportes se relaciona con Distinguir alcance profesional, derivación y consentimiento por su tipo, descripción o etiquetas.",2026-08-04
tsaf_fuente_iad_noticias,TSAF,TSAF-EMP-001,apoya,1,2,no,"Noticias y formación del Instituto Andaluz del Deporte se relaciona con Preparar candidatura profesional en fitness y deporte por su tipo, descripción o etiquetas.",2026-08-04
tsaf_fuente_iad_noticias,TSAF,TSAF-BAS-005,apoya,2,0,no,"Noticias y formación del Instituto Andaluz del Deporte se relaciona con Distinguir alcance profesional, derivación y consentimiento por su tipo, descripción o etiquetas.",2026-08-04
tsaf_fuente_colef_andalucia,TSAF,TSAF-EMP-001,apoya,1,2,no,"Noticias de COLEF Andalucía se relaciona con Preparar candidatura profesional en fitness y deporte por su tipo, descripción o etiquetas.",2026-08-04
tsaf_fuente_colef_andalucia,TSAF,TSAF-BAS-005,apoya,2,0,no,"Noticias de COLEF Andalucía se relaciona con Distinguir alcance profesional, derivación y consentimiento por su tipo, descripción o etiquetas.",2026-08-04
tsaf_fuente_consejo_colef_boletin,TSAF,TSAF-EMP-001,apoya,1,2,no,"Boletín del Consejo COLEF se relaciona con Preparar candidatura profesional en fitness y deporte por su tipo, descripción o etiquetas.",2026-08-04
tsaf_fuente_consejo_colef_boletin,TSAF,TSAF-BAS-005,apoya,2,0,no,"Boletín del Consejo COLEF se relaciona con Distinguir alcance profesional, derivación y consentimiento por su tipo, descripción o etiquetas.",2026-08-04
tsaf_fuente_espana_activa_observatorio,TSAF,TSAF-FIT-001,apoya,1,1,no,"Observatorio de la Fundación España Activa se relaciona con Seleccionar ejercicios y enseñar técnica por su tipo, descripción o etiquetas.",2026-08-04
tsaf_fuente_espana_activa_observatorio,TSAF,TSAF-ENG-001,apoya,2,1,no,"Observatorio de la Fundación España Activa se relaciona con Comprender instrucciones y recursos profesionales en inglés por su tipo, descripción o etiquetas.",2026-08-04
tsaf_fuente_espana_activa_observatorio,TSAF,TSAF-EMP-001,apoya,3,2,no,"Observatorio de la Fundación España Activa se relaciona con Preparar candidatura profesional en fitness y deporte por su tipo, descripción o etiquetas.",2026-08-04
tsaf_fuente_espana_activa_observatorio,TSAF,TSAF-PRJ-001,apoya,4,3,no,"Observatorio de la Fundación España Activa se relaciona con Crear un programa integral de acondicionamiento físico por su tipo, descripción o etiquetas.",2026-08-04
tsaf_fuente_espana_activa_observatorio,TSAF,TSAF-MUS-001,apoya,5,1,no,"Observatorio de la Fundación España Activa se relaciona con Comprender ritmo, frase musical y estructura de sesión por su tipo, descripción o etiquetas.",2026-08-04
tsaf_fuente_revista_andaluza_medicina_deporte,TSAF,TSAF-BAS-003,apoya,1,0,no,"Revista Andaluza de Medicina del Deporte se relaciona con Comprender respuestas básicas al ejercicio por su tipo, descripción o etiquetas.",2026-08-04
tsaf_fuente_revista_andaluza_medicina_deporte,TSAF,TSAF-EMP-001,apoya,2,2,no,"Revista Andaluza de Medicina del Deporte se relaciona con Preparar candidatura profesional en fitness y deporte por su tipo, descripción o etiquetas.",2026-08-04
tsaf_fuente_revista_andaluza_medicina_deporte,TSAF,TSAF-BAS-005,apoya,3,0,no,"Revista Andaluza de Medicina del Deporte se relaciona con Distinguir alcance profesional, derivación y consentimiento por su tipo, descripción o etiquetas.",2026-08-04
tsaf_fuente_oms_actividad_fisica,TSAF,TSAF-BAS-001,apoya,1,0,no,"Actividad física de la Organización Mundial de la Salud se relaciona con Organizar archivos, formularios y hojas de cálculo por su tipo, descripción o etiquetas.",2026-08-04
tsaf_fuente_oms_actividad_fisica,TSAF,TSAF-BAS-003,apoya,2,0,no,"Actividad física de la Organización Mundial de la Salud se relaciona con Comprender respuestas básicas al ejercicio por su tipo, descripción o etiquetas.",2026-08-04
tsaf_fuente_oms_actividad_fisica,TSAF,TSAF-VAL-003,apoya,3,2,no,"Actividad física de la Organización Mundial de la Salud se relaciona con Registrar y analizar evolución por su tipo, descripción o etiquetas.",2026-08-04
tsaf_fuente_oms_actividad_fisica,TSAF,TSAF-GES-002,apoya,4,3,no,"Actividad física de la Organización Mundial de la Salud se relaciona con Diseñar y ejecutar un evento de actividad física por su tipo, descripción o etiquetas.",2026-08-04
tsaf_fuente_oms_actividad_fisica,TSAF,TSAF-DIG-001,apoya,5,2,no,"Actividad física de la Organización Mundial de la Salud se relaciona con Usar tecnología y datos en seguimiento sin invadir privacidad por su tipo, descripción o etiquetas.",2026-08-04
tsaf_evidencia_valoracion_inicial,TSAF,TSAF-BAS-005,demuestra,1,0,no,"Protocolo de valoración inicial y consentimiento se relaciona con Distinguir alcance profesional, derivación y consentimiento por su tipo, descripción o etiquetas.",2026-08-04
tsaf_evidencia_valoracion_inicial,TSAF,TSAF-VAL-001,demuestra,2,1,no,"Protocolo de valoración inicial y consentimiento se relaciona con Realizar entrevista inicial y cribado básico por su tipo, descripción o etiquetas.",2026-08-04
tsaf_evidencia_valoracion_inicial,TSAF,TSAF-GES-001,demuestra,3,2,no,"Protocolo de valoración inicial y consentimiento se relaciona con Organizar recursos, calidad y seguridad de una instalación por su tipo, descripción o etiquetas.",2026-08-04
tsaf_evidencia_valoracion_inicial,TSAF,TSAF-PRJ-001,demuestra,4,3,no,"Protocolo de valoración inicial y consentimiento se relaciona con Crear un programa integral de acondicionamiento físico por su tipo, descripción o etiquetas.",2026-08-04
tsaf_evidencia_valoracion_inicial,TSAF,TSAF-VAL-002,demuestra,5,1,no,"Protocolo de valoración inicial y consentimiento se relaciona con Aplicar pruebas básicas de condición física por su tipo, descripción o etiquetas.",2026-08-04
tsaf_evidencia_programa_fuerza_12_semanas,TSAF,TSAF-FIT-002,demuestra,1,2,no,"Programa progresivo de fuerza de doce semanas se relaciona con Programar fuerza, resistencia y movilidad por su tipo, descripción o etiquetas.",2026-08-04
tsaf_evidencia_programa_fuerza_12_semanas,TSAF,TSAF-FIT-001,demuestra,2,1,no,"Programa progresivo de fuerza de doce semanas se relaciona con Seleccionar ejercicios y enseñar técnica por su tipo, descripción o etiquetas.",2026-08-04
tsaf_evidencia_programa_fuerza_12_semanas,TSAF,TSAF-PRJ-001,demuestra,3,3,no,"Programa progresivo de fuerza de doce semanas se relaciona con Crear un programa integral de acondicionamiento físico por su tipo, descripción o etiquetas.",2026-08-04
tsaf_evidencia_programa_fuerza_12_semanas,TSAF,TSAF-VAL-001,demuestra,4,1,no,"Programa progresivo de fuerza de doce semanas se relaciona con Realizar entrevista inicial y cribado básico por su tipo, descripción o etiquetas.",2026-08-04
tsaf_evidencia_programa_fuerza_12_semanas,TSAF,TSAF-VAL-002,demuestra,5,1,no,"Programa progresivo de fuerza de doce semanas se relaciona con Aplicar pruebas básicas de condición física por su tipo, descripción o etiquetas.",2026-08-04
tsaf_evidencia_sesion_soporte_musical,TSAF,TSAF-BAS-004,demuestra,1,0,no,"Sesión colectiva con soporte musical se relaciona con Comunicar instrucciones de forma clara y segura por su tipo, descripción o etiquetas.",2026-08-04
tsaf_evidencia_sesion_soporte_musical,TSAF,TSAF-FIT-003,demuestra,2,2,no,"Sesión colectiva con soporte musical se relaciona con Dirigir y adaptar una sesión individual por su tipo, descripción o etiquetas.",2026-08-04
tsaf_evidencia_sesion_soporte_musical,TSAF,TSAF-MUS-001,demuestra,3,1,no,"Sesión colectiva con soporte musical se relaciona con Comprender ritmo, frase musical y estructura de sesión por su tipo, descripción o etiquetas.",2026-08-04
tsaf_evidencia_sesion_soporte_musical,TSAF,TSAF-AQU-002,demuestra,4,2,no,"Sesión colectiva con soporte musical se relaciona con Programar y dirigir una sesión acuática por su tipo, descripción o etiquetas.",2026-08-04
tsaf_evidencia_sesion_soporte_musical,TSAF,TSAF-BAS-005,demuestra,5,0,no,"Sesión colectiva con soporte musical se relaciona con Distinguir alcance profesional, derivación y consentimiento por su tipo, descripción o etiquetas.",2026-08-04
tsaf_evidencia_acondicionamiento_agua,TSAF,TSAF-AQU-002,demuestra,1,2,no,"Programa básico de acondicionamiento físico en el agua se relaciona con Programar y dirigir una sesión acuática por su tipo, descripción o etiquetas.",2026-08-04
tsaf_evidencia_acondicionamiento_agua,TSAF,TSAF-AQU-001,demuestra,2,1,no,"Programa básico de acondicionamiento físico en el agua se relaciona con Aplicar propiedades del medio acuático al ejercicio por su tipo, descripción o etiquetas.",2026-08-04
tsaf_evidencia_acondicionamiento_agua,TSAF,TSAF-BAS-005,demuestra,3,0,no,"Programa básico de acondicionamiento físico en el agua se relaciona con Distinguir alcance profesional, derivación y consentimiento por su tipo, descripción o etiquetas.",2026-08-04
tsaf_evidencia_acondicionamiento_agua,TSAF,TSAF-VAL-001,demuestra,4,1,no,"Programa básico de acondicionamiento físico en el agua se relaciona con Realizar entrevista inicial y cribado básico por su tipo, descripción o etiquetas.",2026-08-04
tsaf_evidencia_acondicionamiento_agua,TSAF,TSAF-FIT-002,demuestra,5,2,no,"Programa básico de acondicionamiento físico en el agua se relaciona con Programar fuerza, resistencia y movilidad por su tipo, descripción o etiquetas.",2026-08-04
tsaf_evidencia_programa_personas_mayores,TSAF,TSAF-VAL-002,demuestra,1,1,no,"Programa de ejercicio para personas mayores se relaciona con Aplicar pruebas básicas de condición física por su tipo, descripción o etiquetas.",2026-08-04
tsaf_evidencia_programa_personas_mayores,TSAF,TSAF-FIT-001,demuestra,2,1,no,"Programa de ejercicio para personas mayores se relaciona con Seleccionar ejercicios y enseñar técnica por su tipo, descripción o etiquetas.",2026-08-04
tsaf_evidencia_programa_personas_mayores,TSAF,TSAF-FIT-002,demuestra,3,2,no,"Programa de ejercicio para personas mayores se relaciona con Programar fuerza, resistencia y movilidad por su tipo, descripción o etiquetas.",2026-08-04
tsaf_evidencia_programa_personas_mayores,TSAF,TSAF-HID-001,demuestra,4,2,no,"Programa de ejercicio para personas mayores se relaciona con Diseñar actividades de movilidad y bienestar en agua por su tipo, descripción o etiquetas.",2026-08-04
tsaf_evidencia_programa_personas_mayores,TSAF,TSAF-POS-002,demuestra,5,2,no,"Programa de ejercicio para personas mayores se relaciona con Programar movilidad, estabilidad y mantenimiento funcional por su tipo, descripción o etiquetas.",2026-08-04
tsaf_evidencia_videoanalisis_kinovea,TSAF,TSAF-BAS-002,demuestra,1,0,no,"Análisis técnico de movimiento con Kinovea se relaciona con Reconocer anatomía y movimientos fundamentales por su tipo, descripción o etiquetas.",2026-08-04
tsaf_evidencia_videoanalisis_kinovea,TSAF,TSAF-PRJ-001,demuestra,2,3,no,"Análisis técnico de movimiento con Kinovea se relaciona con Crear un programa integral de acondicionamiento físico por su tipo, descripción o etiquetas.",2026-08-04
tsaf_evidencia_videoanalisis_kinovea,TSAF,TSAF-BAS-005,demuestra,3,0,no,"Análisis técnico de movimiento con Kinovea se relaciona con Distinguir alcance profesional, derivación y consentimiento por su tipo, descripción o etiquetas.",2026-08-04
tsaf_evidencia_plan_emergencia_dea,TSAF,TSAF-AUX-002,demuestra,1,1,no,"Plan de actuación ante emergencias en una sala fitness se relaciona con Aplicar RCP básica y DEA por su tipo, descripción o etiquetas.",2026-08-04
tsaf_evidencia_plan_emergencia_dea,TSAF,TSAF-FIT-001,demuestra,2,1,no,"Plan de actuación ante emergencias en una sala fitness se relaciona con Seleccionar ejercicios y enseñar técnica por su tipo, descripción o etiquetas.",2026-08-04
tsaf_evidencia_plan_emergencia_dea,TSAF,TSAF-BAS-004,demuestra,3,0,no,"Plan de actuación ante emergencias en una sala fitness se relaciona con Comunicar instrucciones de forma clara y segura por su tipo, descripción o etiquetas.",2026-08-04
tsaf_evidencia_plan_emergencia_dea,TSAF,TSAF-BAS-005,demuestra,4,0,no,"Plan de actuación ante emergencias en una sala fitness se relaciona con Distinguir alcance profesional, derivación y consentimiento por su tipo, descripción o etiquetas.",2026-08-04
tsaf_evidencia_plan_emergencia_dea,TSAF,TSAF-GES-001,demuestra,5,2,no,"Plan de actuación ante emergencias en una sala fitness se relaciona con Organizar recursos, calidad y seguridad de una instalación por su tipo, descripción o etiquetas.",2026-08-04
tsaf_evidencia_servicio_entrenamiento_personal,TSAF,TSAF-PRJ-001,demuestra,1,3,no,"Servicio completo de entrenamiento personal se relaciona con Crear un programa integral de acondicionamiento físico por su tipo, descripción o etiquetas.",2026-08-04
tsaf_evidencia_servicio_entrenamiento_personal,TSAF,TSAF-BAS-001,demuestra,2,0,no,"Servicio completo de entrenamiento personal se relaciona con Organizar archivos, formularios y hojas de cálculo por su tipo, descripción o etiquetas.",2026-08-04
tsaf_evidencia_servicio_entrenamiento_personal,TSAF,TSAF-BAS-004,demuestra,3,0,no,"Servicio completo de entrenamiento personal se relaciona con Comunicar instrucciones de forma clara y segura por su tipo, descripción o etiquetas.",2026-08-04
tsaf_evidencia_servicio_entrenamiento_personal,TSAF,TSAF-VAL-003,demuestra,4,2,no,"Servicio completo de entrenamiento personal se relaciona con Registrar y analizar evolución por su tipo, descripción o etiquetas.",2026-08-04
tsaf_evidencia_servicio_entrenamiento_personal,TSAF,TSAF-DIG-001,demuestra,5,2,no,"Servicio completo de entrenamiento personal se relaciona con Usar tecnología y datos en seguimiento sin invadir privacidad por su tipo, descripción o etiquetas.",2026-08-04
tsaf_ies_pedro_antonio_alarcon,TSAF,TSAF-EMP-001,apoya,1,2,no,"IES Pedro Antonio de Alarcón se relaciona con Preparar candidatura profesional en fitness y deporte por su tipo, descripción o etiquetas.",2026-08-04
tsaf_ies_pedro_antonio_alarcon,TSAF,TSAF-BAS-005,apoya,2,0,no,"IES Pedro Antonio de Alarcón se relaciona con Distinguir alcance profesional, derivación y consentimiento por su tipo, descripción o etiquetas.",2026-08-04
tsaf_centro_1sport_granada,TSAF,TSAF-EMP-001,apoya,1,2,no,"1 Sport Granada se relaciona con Preparar candidatura profesional en fitness y deporte por su tipo, descripción o etiquetas.",2026-08-04
tsaf_centro_1sport_granada,TSAF,TSAF-BAS-005,apoya,2,0,no,"1 Sport Granada se relaciona con Distinguir alcance profesional, derivación y consentimiento por su tipo, descripción o etiquetas.",2026-08-04
tsaf_medac_granada,TSAF,TSAF-GES-001,apoya,1,2,no,"MEDAC Granada Rosaleda se relaciona con Organizar recursos, calidad y seguridad de una instalación por su tipo, descripción o etiquetas.",2026-08-04
tsaf_medac_granada,TSAF,TSAF-SUS-001,apoya,2,1,no,"MEDAC Granada Rosaleda se relaciona con Aplicar sostenibilidad a servicios deportivos por su tipo, descripción o etiquetas.",2026-08-04
tsaf_medac_granada,TSAF,TSAF-EMP-001,apoya,3,2,no,"MEDAC Granada Rosaleda se relaciona con Preparar candidatura profesional en fitness y deporte por su tipo, descripción o etiquetas.",2026-08-04
tsaf_medac_granada,TSAF,TSAF-BAS-005,apoya,4,0,no,"MEDAC Granada Rosaleda se relaciona con Distinguir alcance profesional, derivación y consentimiento por su tipo, descripción o etiquetas.",2026-08-04
tsaf_davante_granada,TSAF,TSAF-EMP-001,apoya,1,2,no,"Davante Granada se relaciona con Preparar candidatura profesional en fitness y deporte por su tipo, descripción o etiquetas.",2026-08-04
tsaf_davante_granada,TSAF,TSAF-BAS-005,apoya,2,0,no,"Davante Granada se relaciona con Distinguir alcance profesional, derivación y consentimiento por su tipo, descripción o etiquetas.",2026-08-04
tsaf_reina_isabel_granada,TSAF,TSAF-EMP-001,apoya,1,2,no,"Centro de Formación Internacional Reina Isabel se relaciona con Preparar candidatura profesional en fitness y deporte por su tipo, descripción o etiquetas.",2026-08-04
tsaf_reina_isabel_granada,TSAF,TSAF-BAS-005,apoya,2,0,no,"Centro de Formación Internacional Reina Isabel se relaciona con Distinguir alcance profesional, derivación y consentimiento por su tipo, descripción o etiquetas.",2026-08-04
tsaf_efa_el_soto_chauchina,TSAF,TSAF-EMP-001,apoya,1,2,no,"EFA El Soto se relaciona con Preparar candidatura profesional en fitness y deporte por su tipo, descripción o etiquetas.",2026-08-04
tsaf_efa_el_soto_chauchina,TSAF,TSAF-BAS-005,apoya,2,0,no,"EFA El Soto se relaciona con Distinguir alcance profesional, derivación y consentimiento por su tipo, descripción o etiquetas.",2026-08-04
tsaf_ies_hermenegildo_lanz_colaborador_2026,TSAF,TSAF-EMP-001,apoya,1,2,no,"IES Politécnico Hermenegildo Lanz se relaciona con Preparar candidatura profesional en fitness y deporte por su tipo, descripción o etiquetas.",2026-08-04
tsaf_ies_hermenegildo_lanz_colaborador_2026,TSAF,TSAF-BAS-005,apoya,2,0,no,"IES Politécnico Hermenegildo Lanz se relaciona con Distinguir alcance profesional, derivación y consentimiento por su tipo, descripción o etiquetas.",2026-08-04
tsaf_facultad_ciencias_deporte_ugr,TSAF,TSAF-GES-001,apoya,1,2,no,"Facultad de Ciencias del Deporte de la UGR se relaciona con Organizar recursos, calidad y seguridad de una instalación por su tipo, descripción o etiquetas.",2026-08-04
tsaf_facultad_ciencias_deporte_ugr,TSAF,TSAF-EMP-001,apoya,2,2,no,"Facultad de Ciencias del Deporte de la UGR se relaciona con Preparar candidatura profesional en fitness y deporte por su tipo, descripción o etiquetas.",2026-08-04
tsaf_facultad_ciencias_deporte_ugr,TSAF,TSAF-BAS-005,apoya,3,0,no,"Facultad de Ciencias del Deporte de la UGR se relaciona con Distinguir alcance profesional, derivación y consentimiento por su tipo, descripción o etiquetas.",2026-08-04
tsaf_camd_granada,TSAF,TSAF-BAS-003,apoya,1,0,no,"Centro Andaluz de Medicina del Deporte en Granada se relaciona con Comprender respuestas básicas al ejercicio por su tipo, descripción o etiquetas.",2026-08-04
tsaf_camd_granada,TSAF,TSAF-VAL-001,apoya,2,1,no,"Centro Andaluz de Medicina del Deporte en Granada se relaciona con Realizar entrevista inicial y cribado básico por su tipo, descripción o etiquetas.",2026-08-04
tsaf_camd_granada,TSAF,TSAF-GES-002,apoya,3,3,no,"Centro Andaluz de Medicina del Deporte en Granada se relaciona con Diseñar y ejecutar un evento de actividad física por su tipo, descripción o etiquetas.",2026-08-04
tsaf_camd_granada,TSAF,TSAF-VAL-002,apoya,4,1,no,"Centro Andaluz de Medicina del Deporte en Granada se relaciona con Aplicar pruebas básicas de condición física por su tipo, descripción o etiquetas.",2026-08-04
tsaf_camd_granada,TSAF,TSAF-GES-001,apoya,5,2,no,"Centro Andaluz de Medicina del Deporte en Granada se relaciona con Organizar recursos, calidad y seguridad de una instalación por su tipo, descripción o etiquetas.",2026-08-04
tsaf_diputacion_deportes_granada,TSAF,TSAF-GES-001,apoya,1,2,no,"Área de Deportes de la Diputación de Granada se relaciona con Organizar recursos, calidad y seguridad de una instalación por su tipo, descripción o etiquetas.",2026-08-04
tsaf_diputacion_deportes_granada,TSAF,TSAF-SUS-001,apoya,2,1,no,"Área de Deportes de la Diputación de Granada se relaciona con Aplicar sostenibilidad a servicios deportivos por su tipo, descripción o etiquetas.",2026-08-04
tsaf_diputacion_deportes_granada,TSAF,TSAF-EMP-001,apoya,3,2,no,"Área de Deportes de la Diputación de Granada se relaciona con Preparar candidatura profesional en fitness y deporte por su tipo, descripción o etiquetas.",2026-08-04
tsaf_diputacion_deportes_granada,TSAF,TSAF-BAS-005,apoya,4,0,no,"Área de Deportes de la Diputación de Granada se relaciona con Distinguir alcance profesional, derivación y consentimiento por su tipo, descripción o etiquetas.",2026-08-04
tsaf_concejalia_deportes_granada,TSAF,TSAF-GES-001,apoya,1,2,no,"Concejalía de Deportes de Granada se relaciona con Organizar recursos, calidad y seguridad de una instalación por su tipo, descripción o etiquetas.",2026-08-04
tsaf_concejalia_deportes_granada,TSAF,TSAF-SUS-001,apoya,2,1,no,"Concejalía de Deportes de Granada se relaciona con Aplicar sostenibilidad a servicios deportivos por su tipo, descripción o etiquetas.",2026-08-04
tsaf_concejalia_deportes_granada,TSAF,TSAF-EMP-001,apoya,3,2,no,"Concejalía de Deportes de Granada se relaciona con Preparar candidatura profesional en fitness y deporte por su tipo, descripción o etiquetas.",2026-08-04
tsaf_concejalia_deportes_granada,TSAF,TSAF-BAS-005,apoya,4,0,no,"Concejalía de Deportes de Granada se relaciona con Distinguir alcance profesional, derivación y consentimiento por su tipo, descripción o etiquetas.",2026-08-04
mp_titulo_oficial_andalucia,MP,MP-FIN-002,desarrolla,1,2,no,"Ficha oficial de Marketing y Publicidad en Andalucía se relaciona con Evaluar inversión y retorno de marketing por su tipo, descripción o etiquetas.",2026-08-04
mp_titulo_oficial_andalucia,MP,MP-MED-001,desarrolla,2,2,no,"Ficha oficial de Marketing y Publicidad en Andalucía se relaciona con Construir un plan de medios por su tipo, descripción o etiquetas.",2026-08-04
mp_titulo_oficial_andalucia,MP,MP-LAN-001,desarrolla,3,3,no,"Ficha oficial de Marketing y Publicidad en Andalucía se relaciona con Preparar el lanzamiento de un producto o servicio por su tipo, descripción o etiquetas.",2026-08-04
mp_titulo_oficial_andalucia,MP,MP-ENG-001,desarrolla,4,1,no,"Ficha oficial de Marketing y Publicidad en Andalucía se relaciona con Trabajar con briefs y comunicación de marketing en inglés por su tipo, descripción o etiquetas.",2026-08-04
mp_titulo_oficial_andalucia,MP,MP-PRJ-001,desarrolla,5,3,no,"Ficha oficial de Marketing y Publicidad en Andalucía se relaciona con Crear una campaña integrada de principio a fin por su tipo, descripción o etiquetas.",2026-08-04
mp_todofp_marketing_publicidad,MP,MP-FIN-002,desarrolla,1,2,no,"Técnico Superior en Marketing y Publicidad se relaciona con Evaluar inversión y retorno de marketing por su tipo, descripción o etiquetas.",2026-08-04
mp_todofp_marketing_publicidad,MP,MP-MED-001,desarrolla,2,2,no,"Técnico Superior en Marketing y Publicidad se relaciona con Construir un plan de medios por su tipo, descripción o etiquetas.",2026-08-04
mp_todofp_marketing_publicidad,MP,MP-LAN-001,desarrolla,3,3,no,"Técnico Superior en Marketing y Publicidad se relaciona con Preparar el lanzamiento de un producto o servicio por su tipo, descripción o etiquetas.",2026-08-04
mp_todofp_marketing_publicidad,MP,MP-ENG-001,desarrolla,4,1,no,"Técnico Superior en Marketing y Publicidad se relaciona con Trabajar con briefs y comunicación de marketing en inglés por su tipo, descripción o etiquetas.",2026-08-04
mp_todofp_marketing_publicidad,MP,MP-PRJ-001,desarrolla,5,3,no,"Técnico Superior en Marketing y Publicidad se relaciona con Crear una campaña integrada de principio a fin por su tipo, descripción o etiquetas.",2026-08-04
mp_camara_direccion_edicion_video_2026,MP,MP-DIS-002,desarrolla,1,2,no,"Dirección creativa y edición de vídeo corporativo se relaciona con Producir contenido audiovisual breve por su tipo, descripción o etiquetas.",2026-08-04
mp_camara_direccion_edicion_video_2026,MP,MP-BAS-002,desarrolla,2,0,no,"Dirección creativa y edición de vídeo corporativo se relaciona con Redactar mensajes claros y orientados a una acción por su tipo, descripción o etiquetas.",2026-08-04
mp_camara_direccion_edicion_video_2026,MP,MP-FIN-002,desarrolla,3,2,no,"Dirección creativa y edición de vídeo corporativo se relaciona con Evaluar inversión y retorno de marketing por su tipo, descripción o etiquetas.",2026-08-04
mp_camara_direccion_edicion_video_2026,MP,MP-DIG-002,desarrolla,4,2,no,"Dirección creativa y edición de vídeo corporativo se relaciona con Aplicar SEO y estrategia de contenidos por su tipo, descripción o etiquetas.",2026-08-04
mp_camara_direccion_edicion_video_2026,MP,MP-RRPP-001,desarrolla,5,2,no,"Dirección creativa y edición de vídeo corporativo se relaciona con Planificar relaciones públicas y comunicación institucional por su tipo, descripción o etiquetas.",2026-08-04
mp_camara_fotografia_producto_2026,MP,MP-BAS-002,desarrolla,1,0,no,"Fotografía de producto e imagen corporativa se relaciona con Redactar mensajes claros y orientados a una acción por su tipo, descripción o etiquetas.",2026-08-04
mp_camara_fotografia_producto_2026,MP,MP-POL-002,desarrolla,2,1,no,"Fotografía de producto e imagen corporativa se relaciona con Definir segmentación, posicionamiento y propuesta por su tipo, descripción o etiquetas.",2026-08-04
mp_camara_fotografia_producto_2026,MP,MP-DIG-002,desarrolla,3,2,no,"Fotografía de producto e imagen corporativa se relaciona con Aplicar SEO y estrategia de contenidos por su tipo, descripción o etiquetas.",2026-08-04
mp_camara_fotografia_producto_2026,MP,MP-DIS-001,desarrolla,4,1,no,"Fotografía de producto e imagen corporativa se relaciona con Crear identidad visual y piezas coherentes por su tipo, descripción o etiquetas.",2026-08-04
mp_camara_fotografia_producto_2026,MP,MP-DIS-002,desarrolla,5,2,no,"Fotografía de producto e imagen corporativa se relaciona con Producir contenido audiovisual breve por su tipo, descripción o etiquetas.",2026-08-04
mp_camara_ia_marketing_2026,MP,MP-POL-003,desarrolla,1,2,no,"Inteligencia artificial aplicada al marketing se relaciona con Construir un plan de marketing medible por su tipo, descripción o etiquetas.",2026-08-04
mp_camara_ia_marketing_2026,MP,MP-DIG-001,desarrolla,2,2,no,"Inteligencia artificial aplicada al marketing se relaciona con Planificar presencia web y conversión por su tipo, descripción o etiquetas.",2026-08-04
mp_camara_ia_marketing_2026,MP,MP-DIG-002,desarrolla,3,2,no,"Inteligencia artificial aplicada al marketing se relaciona con Aplicar SEO y estrategia de contenidos por su tipo, descripción o etiquetas.",2026-08-04
mp_camara_ia_marketing_2026,MP,MP-PRJ-001,desarrolla,4,3,no,"Inteligencia artificial aplicada al marketing se relaciona con Crear una campaña integrada de principio a fin por su tipo, descripción o etiquetas.",2026-08-04
mp_camara_ia_marketing_2026,MP,MP-DIG-003,desarrolla,5,2,no,"Inteligencia artificial aplicada al marketing se relaciona con Diseñar email marketing y automatizaciones por su tipo, descripción o etiquetas.",2026-08-04
mp_camara_ux_ui_2026,MP,MP-DIG-001,desarrolla,1,2,no,"Diseño gráfico y experiencia de usuario UX/UI se relaciona con Planificar presencia web y conversión por su tipo, descripción o etiquetas.",2026-08-04
mp_camara_ux_ui_2026,MP,MP-BAS-001,desarrolla,2,0,no,"Diseño gráfico y experiencia de usuario UX/UI se relaciona con Organizar archivos, cuentas y activos de una campaña por su tipo, descripción o etiquetas.",2026-08-04
mp_camara_ux_ui_2026,MP,MP-DIS-001,desarrolla,3,1,no,"Diseño gráfico y experiencia de usuario UX/UI se relaciona con Crear identidad visual y piezas coherentes por su tipo, descripción o etiquetas.",2026-08-04
mp_camara_ux_ui_2026,MP,MP-BAS-004,desarrolla,4,0,no,"Diseño gráfico y experiencia de usuario UX/UI se relaciona con Evaluar fuentes y diferenciar dato, opinión e hipótesis por su tipo, descripción o etiquetas.",2026-08-04
mp_andalucia_vuela_campanas_redes,MP,MP-BAS-003,desarrolla,1,0,no,"Campañas publicitarias en redes sociales se relaciona con Calcular porcentajes, costes y métricas básicas por su tipo, descripción o etiquetas.",2026-08-04
mp_andalucia_vuela_campanas_redes,MP,MP-BAS-005,desarrolla,2,0,no,"Campañas publicitarias en redes sociales se relaciona con Comprender cliente, problema y modelo de negocio por su tipo, descripción o etiquetas.",2026-08-04
mp_andalucia_vuela_campanas_redes,MP,MP-FIN-002,desarrolla,3,2,no,"Campañas publicitarias en redes sociales se relaciona con Evaluar inversión y retorno de marketing por su tipo, descripción o etiquetas.",2026-08-04
mp_andalucia_vuela_campanas_redes,MP,MP-POL-002,desarrolla,4,1,no,"Campañas publicitarias en redes sociales se relaciona con Definir segmentación, posicionamiento y propuesta por su tipo, descripción o etiquetas.",2026-08-04
mp_andalucia_vuela_campanas_redes,MP,MP-POL-003,desarrolla,5,2,no,"Campañas publicitarias en redes sociales se relaciona con Construir un plan de marketing medible por su tipo, descripción o etiquetas.",2026-08-04
mp_andalucia_vuela_marca_redes,MP,MP-POL-003,desarrolla,1,2,no,"Gestión de marca en redes sociales se relaciona con Construir un plan de marketing medible por su tipo, descripción o etiquetas.",2026-08-04
mp_andalucia_vuela_marca_redes,MP,MP-DAT-001,desarrolla,2,2,no,"Gestión de marca en redes sociales se relaciona con Limpiar, analizar y visualizar datos por su tipo, descripción o etiquetas.",2026-08-04
mp_andalucia_vuela_marca_redes,MP,MP-PRJ-001,desarrolla,3,3,no,"Gestión de marca en redes sociales se relaciona con Crear una campaña integrada de principio a fin por su tipo, descripción o etiquetas.",2026-08-04
mp_andalucia_vuela_marca_redes,MP,MP-BAS-004,desarrolla,4,0,no,"Gestión de marca en redes sociales se relaciona con Evaluar fuentes y diferenciar dato, opinión e hipótesis por su tipo, descripción o etiquetas.",2026-08-04
mp_google_ads_skillshop,MP,MP-DIG-004,desarrolla,1,2,no,"Google Ads y certificaciones se relaciona con Planificar publicidad digital por su tipo, descripción o etiquetas.",2026-08-04
mp_google_ads_skillshop,MP,MP-DIS-002,desarrolla,2,2,no,"Google Ads y certificaciones se relaciona con Producir contenido audiovisual breve por su tipo, descripción o etiquetas.",2026-08-04
mp_google_ads_skillshop,MP,MP-BAS-004,desarrolla,3,0,no,"Google Ads y certificaciones se relaciona con Evaluar fuentes y diferenciar dato, opinión e hipótesis por su tipo, descripción o etiquetas.",2026-08-04
mp_hubspot_marketing_digital,MP,MP-DIG-001,desarrolla,1,2,no,"Certificación de marketing digital se relaciona con Planificar presencia web y conversión por su tipo, descripción o etiquetas.",2026-08-04
mp_hubspot_marketing_digital,MP,MP-DIG-002,desarrolla,2,2,no,"Certificación de marketing digital se relaciona con Aplicar SEO y estrategia de contenidos por su tipo, descripción o etiquetas.",2026-08-04
mp_hubspot_marketing_digital,MP,MP-PRJ-001,desarrolla,3,3,no,"Certificación de marketing digital se relaciona con Crear una campaña integrada de principio a fin por su tipo, descripción o etiquetas.",2026-08-04
mp_hubspot_marketing_digital,MP,MP-POL-003,desarrolla,4,2,no,"Certificación de marketing digital se relaciona con Construir un plan de marketing medible por su tipo, descripción o etiquetas.",2026-08-04
mp_hubspot_marketing_digital,MP,MP-DIG-003,desarrolla,5,2,no,"Certificación de marketing digital se relaciona con Diseñar email marketing y automatizaciones por su tipo, descripción o etiquetas.",2026-08-04
mp_hubspot_social_media,MP,MP-FIN-002,desarrolla,1,2,no,"Certificación de marketing en redes sociales se relaciona con Evaluar inversión y retorno de marketing por su tipo, descripción o etiquetas.",2026-08-04
mp_hubspot_social_media,MP,MP-PRJ-001,desarrolla,2,3,no,"Certificación de marketing en redes sociales se relaciona con Crear una campaña integrada de principio a fin por su tipo, descripción o etiquetas.",2026-08-04
mp_hubspot_social_media,MP,MP-POL-003,desarrolla,3,2,no,"Certificación de marketing en redes sociales se relaciona con Construir un plan de marketing medible por su tipo, descripción o etiquetas.",2026-08-04
mp_hubspot_social_media,MP,MP-BAS-003,desarrolla,4,0,no,"Certificación de marketing en redes sociales se relaciona con Calcular porcentajes, costes y métricas básicas por su tipo, descripción o etiquetas.",2026-08-04
mp_hubspot_social_media,MP,MP-LAN-001,desarrolla,5,3,no,"Certificación de marketing en redes sociales se relaciona con Preparar el lanzamiento de un producto o servicio por su tipo, descripción o etiquetas.",2026-08-04
mp_hubspot_publicidad_digital,MP,MP-DIG-004,desarrolla,1,2,no,"Certificación de publicidad digital se relaciona con Planificar publicidad digital por su tipo, descripción o etiquetas.",2026-08-04
mp_hubspot_publicidad_digital,MP,MP-MED-001,desarrolla,2,2,no,"Certificación de publicidad digital se relaciona con Construir un plan de medios por su tipo, descripción o etiquetas.",2026-08-04
mp_hubspot_publicidad_digital,MP,MP-DIG-001,desarrolla,3,2,no,"Certificación de publicidad digital se relaciona con Planificar presencia web y conversión por su tipo, descripción o etiquetas.",2026-08-04
mp_hubspot_publicidad_digital,MP,MP-BAS-005,desarrolla,4,0,no,"Certificación de publicidad digital se relaciona con Comprender cliente, problema y modelo de negocio por su tipo, descripción o etiquetas.",2026-08-04
mp_hubspot_publicidad_digital,MP,MP-POL-002,desarrolla,5,1,no,"Certificación de publicidad digital se relaciona con Definir segmentación, posicionamiento y propuesta por su tipo, descripción o etiquetas.",2026-08-04
mp_meta_blueprint_publicidad,MP,MP-DIG-004,desarrolla,1,2,no,"Meta Blueprint: publicidad en Facebook e Instagram se relaciona con Planificar publicidad digital por su tipo, descripción o etiquetas.",2026-08-04
mp_meta_blueprint_publicidad,MP,MP-POL-003,desarrolla,2,2,no,"Meta Blueprint: publicidad en Facebook e Instagram se relaciona con Construir un plan de marketing medible por su tipo, descripción o etiquetas.",2026-08-04
mp_meta_blueprint_publicidad,MP,MP-MED-001,desarrolla,3,2,no,"Meta Blueprint: publicidad en Facebook e Instagram se relaciona con Construir un plan de medios por su tipo, descripción o etiquetas.",2026-08-04
mp_meta_blueprint_publicidad,MP,MP-BAS-004,desarrolla,4,0,no,"Meta Blueprint: publicidad en Facebook e Instagram se relaciona con Evaluar fuentes y diferenciar dato, opinión e hipótesis por su tipo, descripción o etiquetas.",2026-08-04
mp_herramienta_google_trends,MP,MP-INV-001,desarrolla,1,1,no,"Google Trends se relaciona con Diseñar una investigación de mercado por su tipo, descripción o etiquetas.",2026-08-04
mp_herramienta_google_trends,MP,MP-BAS-004,desarrolla,2,0,no,"Google Trends se relaciona con Evaluar fuentes y diferenciar dato, opinión e hipótesis por su tipo, descripción o etiquetas.",2026-08-04
mp_herramienta_google_trends,MP,MP-POL-001,desarrolla,3,1,no,"Google Trends se relaciona con Analizar mercado, competencia y situación por su tipo, descripción o etiquetas.",2026-08-04
mp_herramienta_google_trends,MP,MP-INV-002,desarrolla,4,1,no,"Google Trends se relaciona con Diseñar cuestionarios y muestras por su tipo, descripción o etiquetas.",2026-08-04
mp_herramienta_google_trends,MP,MP-CAM-001,desarrolla,5,2,no,"Google Trends se relaciona con Planificar y controlar trabajo de campo por su tipo, descripción o etiquetas.",2026-08-04
mp_herramienta_google_analytics,MP,MP-DIG-005,desarrolla,1,3,no,"Google Analytics se relaciona con Medir adquisición, conversión y rendimiento por su tipo, descripción o etiquetas.",2026-08-04
mp_herramienta_google_analytics,MP,MP-DIG-001,desarrolla,2,2,no,"Google Analytics se relaciona con Planificar presencia web y conversión por su tipo, descripción o etiquetas.",2026-08-04
mp_herramienta_google_analytics,MP,MP-DIG-004,desarrolla,3,2,no,"Google Analytics se relaciona con Planificar publicidad digital por su tipo, descripción o etiquetas.",2026-08-04
mp_herramienta_google_analytics,MP,MP-BAS-004,desarrolla,4,0,no,"Google Analytics se relaciona con Evaluar fuentes y diferenciar dato, opinión e hipótesis por su tipo, descripción o etiquetas.",2026-08-04
mp_herramienta_search_console,MP,MP-DIG-002,desarrolla,1,2,no,"Google Search Console se relaciona con Aplicar SEO y estrategia de contenidos por su tipo, descripción o etiquetas.",2026-08-04
mp_herramienta_search_console,MP,MP-DIG-004,desarrolla,2,2,no,"Google Search Console se relaciona con Planificar publicidad digital por su tipo, descripción o etiquetas.",2026-08-04
mp_herramienta_search_console,MP,MP-BAS-004,desarrolla,3,0,no,"Google Search Console se relaciona con Evaluar fuentes y diferenciar dato, opinión e hipótesis por su tipo, descripción o etiquetas.",2026-08-04
mp_herramienta_looker_studio,MP,MP-DAT-001,desarrolla,1,2,no,"Looker Studio se relaciona con Limpiar, analizar y visualizar datos por su tipo, descripción o etiquetas.",2026-08-04
mp_herramienta_looker_studio,MP,MP-BAS-003,desarrolla,2,0,no,"Looker Studio se relaciona con Calcular porcentajes, costes y métricas básicas por su tipo, descripción o etiquetas.",2026-08-04
mp_herramienta_looker_studio,MP,MP-DIG-005,desarrolla,3,3,no,"Looker Studio se relaciona con Medir adquisición, conversión y rendimiento por su tipo, descripción o etiquetas.",2026-08-04
mp_herramienta_looker_studio,MP,MP-POL-003,desarrolla,4,2,no,"Looker Studio se relaciona con Construir un plan de marketing medible por su tipo, descripción o etiquetas.",2026-08-04
mp_herramienta_looker_studio,MP,MP-BAS-004,desarrolla,5,0,no,"Looker Studio se relaciona con Evaluar fuentes y diferenciar dato, opinión e hipótesis por su tipo, descripción o etiquetas.",2026-08-04
mp_herramienta_google_forms,MP,MP-INV-001,desarrolla,1,1,no,"Formularios de Google se relaciona con Diseñar una investigación de mercado por su tipo, descripción o etiquetas.",2026-08-04
mp_herramienta_google_forms,MP,MP-BAS-004,desarrolla,2,0,no,"Formularios de Google se relaciona con Evaluar fuentes y diferenciar dato, opinión e hipótesis por su tipo, descripción o etiquetas.",2026-08-04
mp_herramienta_google_forms,MP,MP-CAM-001,desarrolla,3,2,no,"Formularios de Google se relaciona con Planificar y controlar trabajo de campo por su tipo, descripción o etiquetas.",2026-08-04
mp_herramienta_google_forms,MP,MP-BAS-003,desarrolla,4,0,no,"Formularios de Google se relaciona con Calcular porcentajes, costes y métricas básicas por su tipo, descripción o etiquetas.",2026-08-04
mp_herramienta_google_forms,MP,MP-INV-002,desarrolla,5,1,no,"Formularios de Google se relaciona con Diseñar cuestionarios y muestras por su tipo, descripción o etiquetas.",2026-08-04
mp_herramienta_meta_business_suite,MP,MP-BAS-001,desarrolla,1,0,no,"Meta Business Suite se relaciona con Organizar archivos, cuentas y activos de una campaña por su tipo, descripción o etiquetas.",2026-08-04
mp_herramienta_meta_business_suite,MP,MP-DAT-001,desarrolla,2,2,no,"Meta Business Suite se relaciona con Limpiar, analizar y visualizar datos por su tipo, descripción o etiquetas.",2026-08-04
mp_herramienta_meta_business_suite,MP,MP-DIG-004,desarrolla,3,2,no,"Meta Business Suite se relaciona con Planificar publicidad digital por su tipo, descripción o etiquetas.",2026-08-04
mp_herramienta_meta_business_suite,MP,MP-BAS-004,desarrolla,4,0,no,"Meta Business Suite se relaciona con Evaluar fuentes y diferenciar dato, opinión e hipótesis por su tipo, descripción o etiquetas.",2026-08-04
mp_herramienta_canva,MP,MP-DIS-001,desarrolla,1,1,no,"Canva se relaciona con Crear identidad visual y piezas coherentes por su tipo, descripción o etiquetas.",2026-08-04
mp_herramienta_canva,MP,MP-BAS-001,desarrolla,2,0,no,"Canva se relaciona con Organizar archivos, cuentas y activos de una campaña por su tipo, descripción o etiquetas.",2026-08-04
mp_herramienta_canva,MP,MP-POL-002,desarrolla,3,1,no,"Canva se relaciona con Definir segmentación, posicionamiento y propuesta por su tipo, descripción o etiquetas.",2026-08-04
mp_herramienta_canva,MP,MP-PRJ-001,desarrolla,4,3,no,"Canva se relaciona con Crear una campaña integrada de principio a fin por su tipo, descripción o etiquetas.",2026-08-04
mp_herramienta_canva,MP,MP-BAS-004,desarrolla,5,0,no,"Canva se relaciona con Evaluar fuentes y diferenciar dato, opinión e hipótesis por su tipo, descripción o etiquetas.",2026-08-04
mp_herramienta_mailchimp,MP,MP-DIG-003,desarrolla,1,2,no,"Mailchimp se relaciona con Diseñar email marketing y automatizaciones por su tipo, descripción o etiquetas.",2026-08-04
mp_herramienta_mailchimp,MP,MP-BAS-005,desarrolla,2,0,no,"Mailchimp se relaciona con Comprender cliente, problema y modelo de negocio por su tipo, descripción o etiquetas.",2026-08-04
mp_herramienta_mailchimp,MP,MP-FIN-002,desarrolla,3,2,no,"Mailchimp se relaciona con Evaluar inversión y retorno de marketing por su tipo, descripción o etiquetas.",2026-08-04
mp_herramienta_mailchimp,MP,MP-POL-002,desarrolla,4,1,no,"Mailchimp se relaciona con Definir segmentación, posicionamiento y propuesta por su tipo, descripción o etiquetas.",2026-08-04
mp_herramienta_mailchimp,MP,MP-LAN-001,desarrolla,5,3,no,"Mailchimp se relaciona con Preparar el lanzamiento de un producto o servicio por su tipo, descripción o etiquetas.",2026-08-04
mp_herramienta_hubspot_crm,MP,MP-CRM-001,desarrolla,1,2,no,"HubSpot CRM se relaciona con Gestionar contactos, leads y consentimiento en CRM por su tipo, descripción o etiquetas.",2026-08-04
mp_herramienta_hubspot_crm,MP,MP-CLI-001,desarrolla,2,1,no,"HubSpot CRM se relaciona con Atender consultas, quejas y reclamaciones por su tipo, descripción o etiquetas.",2026-08-04
mp_herramienta_hubspot_crm,MP,MP-DIG-003,desarrolla,3,2,no,"HubSpot CRM se relaciona con Diseñar email marketing y automatizaciones por su tipo, descripción o etiquetas.",2026-08-04
mp_herramienta_hubspot_crm,MP,MP-DIGI-001,desarrolla,4,2,no,"HubSpot CRM se relaciona con Automatizar procesos de marketing con control por su tipo, descripción o etiquetas.",2026-08-04
mp_herramienta_hubspot_crm,MP,MP-BAS-004,desarrolla,5,0,no,"HubSpot CRM se relaciona con Evaluar fuentes y diferenciar dato, opinión e hipótesis por su tipo, descripción o etiquetas.",2026-08-04
mp_herramienta_metricool,MP,MP-POL-001,desarrolla,1,1,no,"Metricool se relaciona con Analizar mercado, competencia y situación por su tipo, descripción o etiquetas.",2026-08-04
mp_herramienta_metricool,MP,MP-DIG-004,desarrolla,2,2,no,"Metricool se relaciona con Planificar publicidad digital por su tipo, descripción o etiquetas.",2026-08-04
mp_herramienta_metricool,MP,MP-BAS-004,desarrolla,3,0,no,"Metricool se relaciona con Evaluar fuentes y diferenciar dato, opinión e hipótesis por su tipo, descripción o etiquetas.",2026-08-04
mp_sae_busqueda_empleo,MP,MP-EMP-001,requiere,1,2,sí,"Servicio Andaluz de Empleo se relaciona con Construir portfolio y candidatura de marketing por su tipo, descripción o etiquetas.",2026-08-04
mp_sae_busqueda_empleo,MP,MP-FIN-002,requiere,2,2,sí,"Servicio Andaluz de Empleo se relaciona con Evaluar inversión y retorno de marketing por su tipo, descripción o etiquetas.",2026-08-04
mp_sae_busqueda_empleo,MP,MP-LAN-001,requiere,3,3,no,"Servicio Andaluz de Empleo se relaciona con Preparar el lanzamiento de un producto o servicio por su tipo, descripción o etiquetas.",2026-08-04
mp_sae_busqueda_empleo,MP,MP-ENG-001,requiere,4,1,no,"Servicio Andaluz de Empleo se relaciona con Trabajar con briefs y comunicación de marketing en inglés por su tipo, descripción o etiquetas.",2026-08-04
mp_sae_busqueda_empleo,MP,MP-PRJ-001,requiere,5,3,no,"Servicio Andaluz de Empleo se relaciona con Crear una campaña integrada de principio a fin por su tipo, descripción o etiquetas.",2026-08-04
mp_portal_empleate_sepe,MP,MP-EMP-001,requiere,1,2,sí,"Portal Empléate se relaciona con Construir portfolio y candidatura de marketing por su tipo, descripción o etiquetas.",2026-08-04
mp_portal_empleate_sepe,MP,MP-BAS-002,requiere,2,0,sí,"Portal Empléate se relaciona con Redactar mensajes claros y orientados a una acción por su tipo, descripción o etiquetas.",2026-08-04
mp_portal_empleate_sepe,MP,MP-FIN-002,requiere,3,2,no,"Portal Empléate se relaciona con Evaluar inversión y retorno de marketing por su tipo, descripción o etiquetas.",2026-08-04
mp_portal_empleate_sepe,MP,MP-RRPP-001,requiere,4,2,no,"Portal Empléate se relaciona con Planificar relaciones públicas y comunicación institucional por su tipo, descripción o etiquetas.",2026-08-04
mp_portal_empleate_sepe,MP,MP-LAN-001,requiere,5,3,no,"Portal Empléate se relaciona con Preparar el lanzamiento de un producto o servicio por su tipo, descripción o etiquetas.",2026-08-04
mp_camara_granada_ofertas_empleo,MP,MP-EMP-001,requiere,1,2,sí,"Ofertas de empleo de Cámara Granada se relaciona con Construir portfolio y candidatura de marketing por su tipo, descripción o etiquetas.",2026-08-04
mp_camara_granada_ofertas_empleo,MP,MP-FIN-002,requiere,2,2,sí,"Ofertas de empleo de Cámara Granada se relaciona con Evaluar inversión y retorno de marketing por su tipo, descripción o etiquetas.",2026-08-04
mp_camara_granada_ofertas_empleo,MP,MP-LAN-001,requiere,3,3,no,"Ofertas de empleo de Cámara Granada se relaciona con Preparar el lanzamiento de un producto o servicio por su tipo, descripción o etiquetas.",2026-08-04
mp_camara_granada_ofertas_empleo,MP,MP-ENG-001,requiere,4,1,no,"Ofertas de empleo de Cámara Granada se relaciona con Trabajar con briefs y comunicación de marketing en inglés por su tipo, descripción o etiquetas.",2026-08-04
mp_camara_granada_ofertas_empleo,MP,MP-PRJ-001,requiere,5,3,no,"Ofertas de empleo de Cámara Granada se relaciona con Crear una campaña integrada de principio a fin por su tipo, descripción o etiquetas.",2026-08-04
mp_fundacion_sepi_becas_fp_2026,MP,MP-EMP-001,requiere,1,2,sí,"Becas Fundación SEPI para FP Superior se relaciona con Construir portfolio y candidatura de marketing por su tipo, descripción o etiquetas.",2026-08-04
mp_fundacion_sepi_becas_fp_2026,MP,MP-FIN-002,requiere,2,2,sí,"Becas Fundación SEPI para FP Superior se relaciona con Evaluar inversión y retorno de marketing por su tipo, descripción o etiquetas.",2026-08-04
mp_fundacion_sepi_becas_fp_2026,MP,MP-MED-001,requiere,3,2,no,"Becas Fundación SEPI para FP Superior se relaciona con Construir un plan de medios por su tipo, descripción o etiquetas.",2026-08-04
mp_fundacion_sepi_becas_fp_2026,MP,MP-LAN-001,requiere,4,3,no,"Becas Fundación SEPI para FP Superior se relaciona con Preparar el lanzamiento de un producto o servicio por su tipo, descripción o etiquetas.",2026-08-04
mp_fundacion_sepi_becas_fp_2026,MP,MP-ENG-001,requiere,5,1,no,"Becas Fundación SEPI para FP Superior se relaciona con Trabajar con briefs y comunicación de marketing en inglés por su tipo, descripción o etiquetas.",2026-08-04
mp_talento_joven_camara_granada,MP,MP-EMP-001,requiere,1,2,sí,"Programa Talento Joven se relaciona con Construir portfolio y candidatura de marketing por su tipo, descripción o etiquetas.",2026-08-04
mp_talento_joven_camara_granada,MP,MP-POL-003,requiere,2,2,sí,"Programa Talento Joven se relaciona con Construir un plan de marketing medible por su tipo, descripción o etiquetas.",2026-08-04
mp_talento_joven_camara_granada,MP,MP-DIS-001,requiere,3,1,no,"Programa Talento Joven se relaciona con Crear identidad visual y piezas coherentes por su tipo, descripción o etiquetas.",2026-08-04
mp_fp_dual_angel_ganivet,MP,MP-EMP-001,requiere,1,2,sí,"Marketing y Publicidad en modalidad dual se relaciona con Construir portfolio y candidatura de marketing por su tipo, descripción o etiquetas.",2026-08-04
mp_fp_dual_angel_ganivet,MP,MP-FIN-002,requiere,2,2,sí,"Marketing y Publicidad en modalidad dual se relaciona con Evaluar inversión y retorno de marketing por su tipo, descripción o etiquetas.",2026-08-04
mp_fp_dual_angel_ganivet,MP,MP-MED-001,requiere,3,2,no,"Marketing y Publicidad en modalidad dual se relaciona con Construir un plan de medios por su tipo, descripción o etiquetas.",2026-08-04
mp_fp_dual_angel_ganivet,MP,MP-LAN-001,requiere,4,3,no,"Marketing y Publicidad en modalidad dual se relaciona con Preparar el lanzamiento de un producto o servicio por su tipo, descripción o etiquetas.",2026-08-04
mp_fp_dual_angel_ganivet,MP,MP-ENG-001,requiere,5,1,no,"Marketing y Publicidad en modalidad dual se relaciona con Trabajar con briefs y comunicación de marketing en inglés por su tipo, descripción o etiquetas.",2026-08-04
mp_eures_empleo_marketing,MP,MP-EMP-001,requiere,1,2,sí,"EURES para empleo y prácticas en Europa se relaciona con Construir portfolio y candidatura de marketing por su tipo, descripción o etiquetas.",2026-08-04
mp_eures_empleo_marketing,MP,MP-FIN-002,requiere,2,2,sí,"EURES para empleo y prácticas en Europa se relaciona con Evaluar inversión y retorno de marketing por su tipo, descripción o etiquetas.",2026-08-04
mp_eures_empleo_marketing,MP,MP-LAN-001,requiere,3,3,no,"EURES para empleo y prácticas en Europa se relaciona con Preparar el lanzamiento de un producto o servicio por su tipo, descripción o etiquetas.",2026-08-04
mp_eures_empleo_marketing,MP,MP-ENG-001,requiere,4,1,no,"EURES para empleo y prácticas en Europa se relaciona con Trabajar con briefs y comunicación de marketing en inglés por su tipo, descripción o etiquetas.",2026-08-04
mp_eures_empleo_marketing,MP,MP-PRJ-001,requiere,5,3,no,"EURES para empleo y prácticas en Europa se relaciona con Crear una campaña integrada de principio a fin por su tipo, descripción o etiquetas.",2026-08-04
mp_eures_movilidad_tms,MP,MP-EMP-001,requiere,1,2,sí,"EURES Targeted Mobility Scheme se relaciona con Construir portfolio y candidatura de marketing por su tipo, descripción o etiquetas.",2026-08-04
mp_eures_movilidad_tms,MP,MP-POL-003,requiere,2,2,sí,"EURES Targeted Mobility Scheme se relaciona con Construir un plan de marketing medible por su tipo, descripción o etiquetas.",2026-08-04
mp_eures_movilidad_tms,MP,MP-DIS-001,requiere,3,1,no,"EURES Targeted Mobility Scheme se relaciona con Crear identidad visual y piezas coherentes por su tipo, descripción o etiquetas.",2026-08-04
mp_technology_for_marketing_madrid_2026,MP,MP-EVT-001,requiere,1,2,sí,"Technology for Marketing Madrid 2026 se relaciona con Diseñar y evaluar un evento de marketing por su tipo, descripción o etiquetas.",2026-08-04
mp_technology_for_marketing_madrid_2026,MP,MP-DIG-001,requiere,2,2,sí,"Technology for Marketing Madrid 2026 se relaciona con Planificar presencia web y conversión por su tipo, descripción o etiquetas.",2026-08-04
mp_technology_for_marketing_madrid_2026,MP,MP-DIG-003,requiere,3,2,no,"Technology for Marketing Madrid 2026 se relaciona con Diseñar email marketing y automatizaciones por su tipo, descripción o etiquetas.",2026-08-04
mp_technology_for_marketing_madrid_2026,MP,MP-DIG-004,requiere,4,2,no,"Technology for Marketing Madrid 2026 se relaciona con Planificar publicidad digital por su tipo, descripción o etiquetas.",2026-08-04
mp_technology_for_marketing_madrid_2026,MP,MP-BAS-005,requiere,5,0,no,"Technology for Marketing Madrid 2026 se relaciona con Comprender cliente, problema y modelo de negocio por su tipo, descripción o etiquetas.",2026-08-04
mp_jornadas_publicidad_exterior_granada_2026,MP,MP-MED-001,requiere,1,2,sí,"XXXIII Jornadas de Publicidad Exterior se relaciona con Construir un plan de medios por su tipo, descripción o etiquetas.",2026-08-04
mp_jornadas_publicidad_exterior_granada_2026,MP,MP-DIS-001,requiere,2,1,sí,"XXXIII Jornadas de Publicidad Exterior se relaciona con Crear identidad visual y piezas coherentes por su tipo, descripción o etiquetas.",2026-08-04
mp_jornadas_publicidad_exterior_granada_2026,MP,MP-EVT-001,requiere,3,2,no,"XXXIII Jornadas de Publicidad Exterior se relaciona con Diseñar y evaluar un evento de marketing por su tipo, descripción o etiquetas.",2026-08-04
mp_jornadas_publicidad_exterior_granada_2026,MP,MP-PRJ-002,requiere,4,3,no,"XXXIII Jornadas de Publicidad Exterior se relaciona con Presentar y defender una propuesta por su tipo, descripción o etiquetas.",2026-08-04
mp_jornadas_publicidad_exterior_granada_2026,MP,MP-DIG-004,requiere,5,2,no,"XXXIII Jornadas de Publicidad Exterior se relaciona con Planificar publicidad digital por su tipo, descripción o etiquetas.",2026-08-04
mp_alhambra_venture_2026,MP,MP-PRJ-002,requiere,1,3,sí,"Alhambra Venture 2026 se relaciona con Presentar y defender una propuesta por su tipo, descripción o etiquetas.",2026-08-04
mp_alhambra_venture_2026,MP,MP-BAS-002,requiere,2,0,sí,"Alhambra Venture 2026 se relaciona con Redactar mensajes claros y orientados a una acción por su tipo, descripción o etiquetas.",2026-08-04
mp_alhambra_venture_2026,MP,MP-BAS-005,requiere,3,0,no,"Alhambra Venture 2026 se relaciona con Comprender cliente, problema y modelo de negocio por su tipo, descripción o etiquetas.",2026-08-04
mp_alhambra_venture_2026,MP,MP-POL-002,requiere,4,1,no,"Alhambra Venture 2026 se relaciona con Definir segmentación, posicionamiento y propuesta por su tipo, descripción o etiquetas.",2026-08-04
mp_alhambra_venture_2026,MP,MP-DIS-001,requiere,5,1,no,"Alhambra Venture 2026 se relaciona con Crear identidad visual y piezas coherentes por su tipo, descripción o etiquetas.",2026-08-04
mp_des_malaga_2026,MP,MP-BAS-003,requiere,1,0,sí,"DES Digital Enterprise Show 2026 se relaciona con Calcular porcentajes, costes y métricas básicas por su tipo, descripción o etiquetas.",2026-08-04
mp_des_malaga_2026,MP,MP-BAS-004,requiere,2,0,sí,"DES Digital Enterprise Show 2026 se relaciona con Evaluar fuentes y diferenciar dato, opinión e hipótesis por su tipo, descripción o etiquetas.",2026-08-04
mp_des_malaga_2026,MP,MP-FIN-002,requiere,3,2,no,"DES Digital Enterprise Show 2026 se relaciona con Evaluar inversión y retorno de marketing por su tipo, descripción o etiquetas.",2026-08-04
mp_des_malaga_2026,MP,MP-INV-001,requiere,4,1,no,"DES Digital Enterprise Show 2026 se relaciona con Diseñar una investigación de mercado por su tipo, descripción o etiquetas.",2026-08-04
mp_des_malaga_2026,MP,MP-CAM-001,requiere,5,2,no,"DES Digital Enterprise Show 2026 se relaciona con Planificar y controlar trabajo de campo por su tipo, descripción o etiquetas.",2026-08-04
mp_andalucia_emprende_eventos,MP,MP-FIN-002,requiere,1,2,sí,"Agenda de Andalucía Emprende se relaciona con Evaluar inversión y retorno de marketing por su tipo, descripción o etiquetas.",2026-08-04
mp_andalucia_emprende_eventos,MP,MP-EVT-001,requiere,2,2,sí,"Agenda de Andalucía Emprende se relaciona con Diseñar y evaluar un evento de marketing por su tipo, descripción o etiquetas.",2026-08-04
mp_andalucia_emprende_eventos,MP,MP-LAN-001,requiere,3,3,no,"Agenda de Andalucía Emprende se relaciona con Preparar el lanzamiento de un producto o servicio por su tipo, descripción o etiquetas.",2026-08-04
mp_andalucia_emprende_eventos,MP,MP-ENG-001,requiere,4,1,no,"Agenda de Andalucía Emprende se relaciona con Trabajar con briefs y comunicación de marketing en inglés por su tipo, descripción o etiquetas.",2026-08-04
mp_andalucia_emprende_eventos,MP,MP-PRJ-001,requiere,5,3,no,"Agenda de Andalucía Emprende se relaciona con Crear una campaña integrada de principio a fin por su tipo, descripción o etiquetas.",2026-08-04
mp_club_marketing_granada,MP,MP-FIN-002,apoya,1,2,no,"Club de Marketing de Granada se relaciona con Evaluar inversión y retorno de marketing por su tipo, descripción o etiquetas.",2026-08-04
mp_club_marketing_granada,MP,MP-EVT-001,apoya,2,2,no,"Club de Marketing de Granada se relaciona con Diseñar y evaluar un evento de marketing por su tipo, descripción o etiquetas.",2026-08-04
mp_club_marketing_granada,MP,MP-LAN-001,apoya,3,3,no,"Club de Marketing de Granada se relaciona con Preparar el lanzamiento de un producto o servicio por su tipo, descripción o etiquetas.",2026-08-04
mp_club_marketing_granada,MP,MP-ENG-001,apoya,4,1,no,"Club de Marketing de Granada se relaciona con Trabajar con briefs y comunicación de marketing en inglés por su tipo, descripción o etiquetas.",2026-08-04
mp_club_marketing_granada,MP,MP-PRJ-001,apoya,5,3,no,"Club de Marketing de Granada se relaciona con Crear una campaña integrada de principio a fin por su tipo, descripción o etiquetas.",2026-08-04
mp_aje_granada_comunidad,MP,MP-EVT-001,apoya,1,2,no,"AJE Granada se relaciona con Diseñar y evaluar un evento de marketing por su tipo, descripción o etiquetas.",2026-08-04
mp_aje_granada_comunidad,MP,MP-EMP-001,apoya,2,2,no,"AJE Granada se relaciona con Construir portfolio y candidatura de marketing por su tipo, descripción o etiquetas.",2026-08-04
mp_aje_granada_comunidad,MP,MP-POL-001,apoya,3,1,no,"AJE Granada se relaciona con Analizar mercado, competencia y situación por su tipo, descripción o etiquetas.",2026-08-04
mp_la_fede_comunidad,MP,MP-BAS-002,apoya,1,0,no,"La FEDE se relaciona con Redactar mensajes claros y orientados a una acción por su tipo, descripción o etiquetas.",2026-08-04
mp_la_fede_comunidad,MP,MP-FIN-002,apoya,2,2,no,"La FEDE se relaciona con Evaluar inversión y retorno de marketing por su tipo, descripción o etiquetas.",2026-08-04
mp_la_fede_comunidad,MP,MP-MED-001,apoya,3,2,no,"La FEDE se relaciona con Construir un plan de medios por su tipo, descripción o etiquetas.",2026-08-04
mp_la_fede_comunidad,MP,MP-RRPP-001,apoya,4,2,no,"La FEDE se relaciona con Planificar relaciones públicas y comunicación institucional por su tipo, descripción o etiquetas.",2026-08-04
mp_la_fede_comunidad,MP,MP-LAN-001,apoya,5,3,no,"La FEDE se relaciona con Preparar el lanzamiento de un producto o servicio por su tipo, descripción o etiquetas.",2026-08-04
mp_fuente_iab_spain,MP,MP-DIG-001,apoya,1,2,no,"IAB Spain se relaciona con Planificar presencia web y conversión por su tipo, descripción o etiquetas.",2026-08-04
mp_fuente_iab_spain,MP,MP-DIG-004,apoya,2,2,no,"IAB Spain se relaciona con Planificar publicidad digital por su tipo, descripción o etiquetas.",2026-08-04
mp_fuente_iab_spain,MP,MP-DIG-003,apoya,3,2,no,"IAB Spain se relaciona con Diseñar email marketing y automatizaciones por su tipo, descripción o etiquetas.",2026-08-04
mp_fuente_iab_spain,MP,MP-BAS-002,apoya,4,0,no,"IAB Spain se relaciona con Redactar mensajes claros y orientados a una acción por su tipo, descripción o etiquetas.",2026-08-04
mp_fuente_iab_spain,MP,MP-FIN-002,apoya,5,2,no,"IAB Spain se relaciona con Evaluar inversión y retorno de marketing por su tipo, descripción o etiquetas.",2026-08-04
mp_fuente_asociacion_marketing_espana,MP,MP-FIN-002,apoya,1,2,no,"Asociación de Marketing de España se relaciona con Evaluar inversión y retorno de marketing por su tipo, descripción o etiquetas.",2026-08-04
mp_fuente_asociacion_marketing_espana,MP,MP-LAN-001,apoya,2,3,no,"Asociación de Marketing de España se relaciona con Preparar el lanzamiento de un producto o servicio por su tipo, descripción o etiquetas.",2026-08-04
mp_fuente_asociacion_marketing_espana,MP,MP-ENG-001,apoya,3,1,no,"Asociación de Marketing de España se relaciona con Trabajar con briefs y comunicación de marketing en inglés por su tipo, descripción o etiquetas.",2026-08-04
mp_fuente_asociacion_marketing_espana,MP,MP-PRJ-001,apoya,4,3,no,"Asociación de Marketing de España se relaciona con Crear una campaña integrada de principio a fin por su tipo, descripción o etiquetas.",2026-08-04
mp_fuente_asociacion_marketing_espana,MP,MP-POL-003,apoya,5,2,no,"Asociación de Marketing de España se relaciona con Construir un plan de marketing medible por su tipo, descripción o etiquetas.",2026-08-04
mp_fuente_infoadex,MP,MP-MED-001,apoya,1,2,no,"InfoAdex se relaciona con Construir un plan de medios por su tipo, descripción o etiquetas.",2026-08-04
mp_fuente_infoadex,MP,MP-BAS-003,apoya,2,0,no,"InfoAdex se relaciona con Calcular porcentajes, costes y métricas básicas por su tipo, descripción o etiquetas.",2026-08-04
mp_fuente_infoadex,MP,MP-BAS-004,apoya,3,0,no,"InfoAdex se relaciona con Evaluar fuentes y diferenciar dato, opinión e hipótesis por su tipo, descripción o etiquetas.",2026-08-04
mp_fuente_infoadex,MP,MP-FIN-002,apoya,4,2,no,"InfoAdex se relaciona con Evaluar inversión y retorno de marketing por su tipo, descripción o etiquetas.",2026-08-04
mp_fuente_infoadex,MP,MP-INV-001,apoya,5,1,no,"InfoAdex se relaciona con Diseñar una investigación de mercado por su tipo, descripción o etiquetas.",2026-08-04
mp_fuente_aimc,MP,MP-MED-001,apoya,1,2,no,"AIMC se relaciona con Construir un plan de medios por su tipo, descripción o etiquetas.",2026-08-04
mp_fuente_aimc,MP,MP-BAS-004,apoya,2,0,no,"AIMC se relaciona con Evaluar fuentes y diferenciar dato, opinión e hipótesis por su tipo, descripción o etiquetas.",2026-08-04
mp_fuente_aimc,MP,MP-INV-002,apoya,3,1,no,"AIMC se relaciona con Diseñar cuestionarios y muestras por su tipo, descripción o etiquetas.",2026-08-04
mp_fuente_aimc,MP,MP-CAM-001,apoya,4,2,no,"AIMC se relaciona con Planificar y controlar trabajo de campo por su tipo, descripción o etiquetas.",2026-08-04
mp_fuente_aimc,MP,MP-INV-001,apoya,5,1,no,"AIMC se relaciona con Diseñar una investigación de mercado por su tipo, descripción o etiquetas.",2026-08-04
mp_fuente_ontsi_ecommerce,MP,MP-BAS-003,apoya,1,0,no,"ONTSI: comercio electrónico se relaciona con Calcular porcentajes, costes y métricas básicas por su tipo, descripción o etiquetas.",2026-08-04
mp_fuente_ontsi_ecommerce,MP,MP-BAS-004,apoya,2,0,no,"ONTSI: comercio electrónico se relaciona con Evaluar fuentes y diferenciar dato, opinión e hipótesis por su tipo, descripción o etiquetas.",2026-08-04
mp_fuente_ontsi_ecommerce,MP,MP-INV-001,apoya,3,1,no,"ONTSI: comercio electrónico se relaciona con Diseñar una investigación de mercado por su tipo, descripción o etiquetas.",2026-08-04
mp_fuente_ontsi_ecommerce,MP,MP-CAM-001,apoya,4,2,no,"ONTSI: comercio electrónico se relaciona con Planificar y controlar trabajo de campo por su tipo, descripción o etiquetas.",2026-08-04
mp_fuente_ontsi_ecommerce,MP,MP-DAT-001,apoya,5,2,no,"ONTSI: comercio electrónico se relaciona con Limpiar, analizar y visualizar datos por su tipo, descripción o etiquetas.",2026-08-04
mp_fuente_google_trends,MP,MP-DIG-004,apoya,1,2,no,"Tendencias actuales de Google se relaciona con Planificar publicidad digital por su tipo, descripción o etiquetas.",2026-08-04
mp_fuente_google_trends,MP,MP-EMP-001,apoya,2,2,no,"Tendencias actuales de Google se relaciona con Construir portfolio y candidatura de marketing por su tipo, descripción o etiquetas.",2026-08-04
mp_fuente_google_trends,MP,MP-POL-001,apoya,3,1,no,"Tendencias actuales de Google se relaciona con Analizar mercado, competencia y situación por su tipo, descripción o etiquetas.",2026-08-04
mp_fuente_club_marketing_granada,MP,MP-FIN-002,apoya,1,2,no,"Noticias del Club de Marketing de Granada se relaciona con Evaluar inversión y retorno de marketing por su tipo, descripción o etiquetas.",2026-08-04
mp_fuente_club_marketing_granada,MP,MP-EVT-001,apoya,2,2,no,"Noticias del Club de Marketing de Granada se relaciona con Diseñar y evaluar un evento de marketing por su tipo, descripción o etiquetas.",2026-08-04
mp_fuente_club_marketing_granada,MP,MP-LAN-001,apoya,3,3,no,"Noticias del Club de Marketing de Granada se relaciona con Preparar el lanzamiento de un producto o servicio por su tipo, descripción o etiquetas.",2026-08-04
mp_fuente_club_marketing_granada,MP,MP-ENG-001,apoya,4,1,no,"Noticias del Club de Marketing de Granada se relaciona con Trabajar con briefs y comunicación de marketing en inglés por su tipo, descripción o etiquetas.",2026-08-04
mp_fuente_club_marketing_granada,MP,MP-PRJ-001,apoya,5,3,no,"Noticias del Club de Marketing de Granada se relaciona con Crear una campaña integrada de principio a fin por su tipo, descripción o etiquetas.",2026-08-04
mp_evidencia_plan_marketing_integrado,MP,MP-POL-003,demuestra,1,2,no,"Plan de marketing integrado se relaciona con Construir un plan de marketing medible por su tipo, descripción o etiquetas.",2026-08-04
mp_evidencia_plan_marketing_integrado,MP,MP-PRJ-001,demuestra,2,3,no,"Plan de marketing integrado se relaciona con Crear una campaña integrada de principio a fin por su tipo, descripción o etiquetas.",2026-08-04
mp_evidencia_plan_marketing_integrado,MP,MP-POL-002,demuestra,3,1,no,"Plan de marketing integrado se relaciona con Definir segmentación, posicionamiento y propuesta por su tipo, descripción o etiquetas.",2026-08-04
mp_evidencia_plan_marketing_integrado,MP,MP-EMP-001,demuestra,4,2,no,"Plan de marketing integrado se relaciona con Construir portfolio y candidatura de marketing por su tipo, descripción o etiquetas.",2026-08-04
mp_evidencia_plan_marketing_integrado,MP,MP-BAS-005,demuestra,5,0,no,"Plan de marketing integrado se relaciona con Comprender cliente, problema y modelo de negocio por su tipo, descripción o etiquetas.",2026-08-04
mp_evidencia_investigacion_mercado,MP,MP-INV-002,demuestra,1,1,no,"Investigación de mercado con encuesta se relaciona con Diseñar cuestionarios y muestras por su tipo, descripción o etiquetas.",2026-08-04
mp_evidencia_investigacion_mercado,MP,MP-INV-001,demuestra,2,1,no,"Investigación de mercado con encuesta se relaciona con Diseñar una investigación de mercado por su tipo, descripción o etiquetas.",2026-08-04
mp_evidencia_investigacion_mercado,MP,MP-BAS-004,demuestra,3,0,no,"Investigación de mercado con encuesta se relaciona con Evaluar fuentes y diferenciar dato, opinión e hipótesis por su tipo, descripción o etiquetas.",2026-08-04
mp_evidencia_investigacion_mercado,MP,MP-CAM-001,demuestra,4,2,no,"Investigación de mercado con encuesta se relaciona con Planificar y controlar trabajo de campo por su tipo, descripción o etiquetas.",2026-08-04
mp_evidencia_investigacion_mercado,MP,MP-BAS-003,demuestra,5,0,no,"Investigación de mercado con encuesta se relaciona con Calcular porcentajes, costes y métricas básicas por su tipo, descripción o etiquetas.",2026-08-04
mp_evidencia_campana_google_ads,MP,MP-DIG-004,demuestra,1,2,no,"Campaña simulada de Google Ads se relaciona con Planificar publicidad digital por su tipo, descripción o etiquetas.",2026-08-04
mp_evidencia_campana_google_ads,MP,MP-FIN-001,demuestra,2,1,no,"Campaña simulada de Google Ads se relaciona con Interpretar costes, presupuestos y viabilidad por su tipo, descripción o etiquetas.",2026-08-04
mp_evidencia_campana_google_ads,MP,MP-DIG-001,demuestra,3,2,no,"Campaña simulada de Google Ads se relaciona con Planificar presencia web y conversión por su tipo, descripción o etiquetas.",2026-08-04
mp_evidencia_campana_google_ads,MP,MP-DIG-005,demuestra,4,3,no,"Campaña simulada de Google Ads se relaciona con Medir adquisición, conversión y rendimiento por su tipo, descripción o etiquetas.",2026-08-04
mp_evidencia_campana_google_ads,MP,MP-PRJ-001,demuestra,5,3,no,"Campaña simulada de Google Ads se relaciona con Crear una campaña integrada de principio a fin por su tipo, descripción o etiquetas.",2026-08-04
mp_evidencia_campana_social_ads,MP,MP-DIG-004,demuestra,1,2,no,"Campaña de Meta Ads con variantes creativas se relaciona con Planificar publicidad digital por su tipo, descripción o etiquetas.",2026-08-04
mp_evidencia_campana_social_ads,MP,MP-BAS-005,demuestra,2,0,no,"Campaña de Meta Ads con variantes creativas se relaciona con Comprender cliente, problema y modelo de negocio por su tipo, descripción o etiquetas.",2026-08-04
mp_evidencia_campana_social_ads,MP,MP-FIN-001,demuestra,3,1,no,"Campaña de Meta Ads con variantes creativas se relaciona con Interpretar costes, presupuestos y viabilidad por su tipo, descripción o etiquetas.",2026-08-04
mp_evidencia_campana_social_ads,MP,MP-POL-002,demuestra,4,1,no,"Campaña de Meta Ads con variantes creativas se relaciona con Definir segmentación, posicionamiento y propuesta por su tipo, descripción o etiquetas.",2026-08-04
mp_evidencia_campana_social_ads,MP,MP-DIS-001,demuestra,5,1,no,"Campaña de Meta Ads con variantes creativas se relaciona con Crear identidad visual y piezas coherentes por su tipo, descripción o etiquetas.",2026-08-04
mp_evidencia_dashboard_marketing,MP,MP-POL-003,demuestra,1,2,no,"Dashboard de rendimiento de marketing se relaciona con Construir un plan de marketing medible por su tipo, descripción o etiquetas.",2026-08-04
mp_evidencia_dashboard_marketing,MP,MP-BAS-003,demuestra,2,0,no,"Dashboard de rendimiento de marketing se relaciona con Calcular porcentajes, costes y métricas básicas por su tipo, descripción o etiquetas.",2026-08-04
mp_evidencia_dashboard_marketing,MP,MP-FIN-002,demuestra,3,2,no,"Dashboard de rendimiento de marketing se relaciona con Evaluar inversión y retorno de marketing por su tipo, descripción o etiquetas.",2026-08-04
mp_evidencia_dashboard_marketing,MP,MP-DIG-001,demuestra,4,2,no,"Dashboard de rendimiento de marketing se relaciona con Planificar presencia web y conversión por su tipo, descripción o etiquetas.",2026-08-04
mp_evidencia_dashboard_marketing,MP,MP-DIG-003,demuestra,5,2,no,"Dashboard de rendimiento de marketing se relaciona con Diseñar email marketing y automatizaciones por su tipo, descripción o etiquetas.",2026-08-04
mp_evidencia_calendario_contenidos,MP,MP-BAS-002,demuestra,1,0,no,"Calendario editorial multicanal se relaciona con Redactar mensajes claros y orientados a una acción por su tipo, descripción o etiquetas.",2026-08-04
mp_evidencia_calendario_contenidos,MP,MP-POL-003,demuestra,2,2,no,"Calendario editorial multicanal se relaciona con Construir un plan de marketing medible por su tipo, descripción o etiquetas.",2026-08-04
mp_evidencia_calendario_contenidos,MP,MP-BAS-003,demuestra,3,0,no,"Calendario editorial multicanal se relaciona con Calcular porcentajes, costes y métricas básicas por su tipo, descripción o etiquetas.",2026-08-04
mp_evidencia_calendario_contenidos,MP,MP-DIG-002,demuestra,4,2,no,"Calendario editorial multicanal se relaciona con Aplicar SEO y estrategia de contenidos por su tipo, descripción o etiquetas.",2026-08-04
mp_evidencia_calendario_contenidos,MP,MP-DIS-002,demuestra,5,2,no,"Calendario editorial multicanal se relaciona con Producir contenido audiovisual breve por su tipo, descripción o etiquetas.",2026-08-04
mp_evidencia_campana_email,MP,MP-BAS-002,demuestra,1,0,no,"Secuencia de email marketing se relaciona con Redactar mensajes claros y orientados a una acción por su tipo, descripción o etiquetas.",2026-08-04
mp_evidencia_campana_email,MP,MP-DIG-003,demuestra,2,2,no,"Secuencia de email marketing se relaciona con Diseñar email marketing y automatizaciones por su tipo, descripción o etiquetas.",2026-08-04
mp_evidencia_campana_email,MP,MP-DIG-001,demuestra,3,2,no,"Secuencia de email marketing se relaciona con Planificar presencia web y conversión por su tipo, descripción o etiquetas.",2026-08-04
mp_evidencia_campana_email,MP,MP-BAS-005,demuestra,4,0,no,"Secuencia de email marketing se relaciona con Comprender cliente, problema y modelo de negocio por su tipo, descripción o etiquetas.",2026-08-04
mp_evidencia_campana_email,MP,MP-FIN-002,demuestra,5,2,no,"Secuencia de email marketing se relaciona con Evaluar inversión y retorno de marketing por su tipo, descripción o etiquetas.",2026-08-04
mp_ies_angel_ganivet,MP,MP-FIN-002,apoya,1,2,no,"IES Ángel Ganivet se relaciona con Evaluar inversión y retorno de marketing por su tipo, descripción o etiquetas.",2026-08-04
mp_ies_angel_ganivet,MP,MP-MED-001,apoya,2,2,no,"IES Ángel Ganivet se relaciona con Construir un plan de medios por su tipo, descripción o etiquetas.",2026-08-04
mp_ies_angel_ganivet,MP,MP-LAN-001,apoya,3,3,no,"IES Ángel Ganivet se relaciona con Preparar el lanzamiento de un producto o servicio por su tipo, descripción o etiquetas.",2026-08-04
mp_ies_angel_ganivet,MP,MP-ENG-001,apoya,4,1,no,"IES Ángel Ganivet se relaciona con Trabajar con briefs y comunicación de marketing en inglés por su tipo, descripción o etiquetas.",2026-08-04
mp_ies_angel_ganivet,MP,MP-PRJ-001,apoya,5,3,no,"IES Ángel Ganivet se relaciona con Crear una campaña integrada de principio a fin por su tipo, descripción o etiquetas.",2026-08-04
mp_camara_comercio_granada,MP,MP-EMP-001,apoya,1,2,no,"Cámara de Comercio de Granada se relaciona con Construir portfolio y candidatura de marketing por su tipo, descripción o etiquetas.",2026-08-04
mp_camara_comercio_granada,MP,MP-POL-001,apoya,2,1,no,"Cámara de Comercio de Granada se relaciona con Analizar mercado, competencia y situación por su tipo, descripción o etiquetas.",2026-08-04
mp_cade_granada,MP,MP-EMP-001,apoya,1,2,no,"CADE Granada se relaciona con Construir portfolio y candidatura de marketing por su tipo, descripción o etiquetas.",2026-08-04
mp_cade_granada,MP,MP-POL-001,apoya,2,1,no,"CADE Granada se relaciona con Analizar mercado, competencia y situación por su tipo, descripción o etiquetas.",2026-08-04
mp_club_marketing_granada_entidad,MP,MP-FIN-002,apoya,1,2,no,"Club de Marketing de Granada se relaciona con Evaluar inversión y retorno de marketing por su tipo, descripción o etiquetas.",2026-08-04
mp_club_marketing_granada_entidad,MP,MP-EVT-001,apoya,2,2,no,"Club de Marketing de Granada se relaciona con Diseñar y evaluar un evento de marketing por su tipo, descripción o etiquetas.",2026-08-04
mp_club_marketing_granada_entidad,MP,MP-LAN-001,apoya,3,3,no,"Club de Marketing de Granada se relaciona con Preparar el lanzamiento de un producto o servicio por su tipo, descripción o etiquetas.",2026-08-04
mp_club_marketing_granada_entidad,MP,MP-ENG-001,apoya,4,1,no,"Club de Marketing de Granada se relaciona con Trabajar con briefs y comunicación de marketing en inglés por su tipo, descripción o etiquetas.",2026-08-04
mp_club_marketing_granada_entidad,MP,MP-PRJ-001,apoya,5,3,no,"Club de Marketing de Granada se relaciona con Crear una campaña integrada de principio a fin por su tipo, descripción o etiquetas.",2026-08-04
mp_aje_granada_entidad,MP,MP-EVT-001,apoya,1,2,no,"AJE Granada se relaciona con Diseñar y evaluar un evento de marketing por su tipo, descripción o etiquetas.",2026-08-04
mp_aje_granada_entidad,MP,MP-EMP-001,apoya,2,2,no,"AJE Granada se relaciona con Construir portfolio y candidatura de marketing por su tipo, descripción o etiquetas.",2026-08-04
mp_aje_granada_entidad,MP,MP-POL-001,apoya,3,1,no,"AJE Granada se relaciona con Analizar mercado, competencia y situación por su tipo, descripción o etiquetas.",2026-08-04
mp_ugr_emprendedora,MP,MP-EMP-001,apoya,1,2,no,"UGR Emprendedora se relaciona con Construir portfolio y candidatura de marketing por su tipo, descripción o etiquetas.",2026-08-04
mp_ugr_emprendedora,MP,MP-POL-001,apoya,2,1,no,"UGR Emprendedora se relaciona con Analizar mercado, competencia y situación por su tipo, descripción o etiquetas.",2026-08-04
mp_andalucia_nexus_lab,MP,MP-DIG-001,apoya,1,2,no,"Andalucía Nexus Lab se relaciona con Planificar presencia web y conversión por su tipo, descripción o etiquetas.",2026-08-04
mp_andalucia_nexus_lab,MP,MP-DIG-003,apoya,2,2,no,"Andalucía Nexus Lab se relaciona con Diseñar email marketing y automatizaciones por su tipo, descripción o etiquetas.",2026-08-04
mp_andalucia_nexus_lab,MP,MP-DIG-004,apoya,3,2,no,"Andalucía Nexus Lab se relaciona con Planificar publicidad digital por su tipo, descripción o etiquetas.",2026-08-04
mp_andalucia_nexus_lab,MP,MP-FIN-002,apoya,4,2,no,"Andalucía Nexus Lab se relaciona con Evaluar inversión y retorno de marketing por su tipo, descripción o etiquetas.",2026-08-04
mp_andalucia_nexus_lab,MP,MP-DIG-002,apoya,5,2,no,"Andalucía Nexus Lab se relaciona con Aplicar SEO y estrategia de contenidos por su tipo, descripción o etiquetas.",2026-08-04
af_camara_contabilidad_facturacion_pymes_2026,AF,AF-SIM-001,desarrolla,1,3,no,"Gestión integral de contabilidad y facturación para pymes se relaciona con Gestionar una empresa simulada de forma integrada por su tipo, descripción o etiquetas.",2026-08-04
af_camara_contabilidad_facturacion_pymes_2026,AF,AF-COM-001,desarrolla,2,1,no,"Gestión integral de contabilidad y facturación para pymes se relaciona con Gestionar compras, ventas, facturas y cobros por su tipo, descripción o etiquetas.",2026-08-04
af_camara_contabilidad_facturacion_pymes_2026,AF,AF-COM-002,desarrolla,3,1,no,"Gestión integral de contabilidad y facturación para pymes se relaciona con Registrar el ciclo contable básico por su tipo, descripción o etiquetas.",2026-08-04
af_camara_contabilidad_facturacion_pymes_2026,AF,AF-CON-001,desarrolla,4,2,no,"Gestión integral de contabilidad y facturación para pymes se relaciona con Completar el ciclo contable por su tipo, descripción o etiquetas.",2026-08-04
af_camara_contabilidad_facturacion_pymes_2026,AF,AF-DIG-001,desarrolla,5,2,no,"Gestión integral de contabilidad y facturación para pymes se relaciona con Automatizar procesos administrativos con control por su tipo, descripción o etiquetas.",2026-08-04
af_camara_nominas_seguros_sociales_2026,AF,AF-LAB-002,desarrolla,1,2,no,"Gestión de nóminas y seguros sociales para tu empresa se relaciona con Calcular y revisar una nómina por su tipo, descripción o etiquetas.",2026-08-04
af_camara_nominas_seguros_sociales_2026,AF,AF-LAB-001,desarrolla,2,2,no,"Gestión de nóminas y seguros sociales para tu empresa se relaciona con Interpretar contratos, jornada y documentación laboral por su tipo, descripción o etiquetas.",2026-08-04
af_camara_nominas_seguros_sociales_2026,AF,AF-SIM-001,desarrolla,3,3,no,"Gestión de nóminas y seguros sociales para tu empresa se relaciona con Gestionar una empresa simulada de forma integrada por su tipo, descripción o etiquetas.",2026-08-04
af_camara_nominas_seguros_sociales_2026,AF,AF-JUR-001,desarrolla,4,1,no,"Gestión de nóminas y seguros sociales para tu empresa se relaciona con Distinguir formas jurídicas y órganos de la empresa por su tipo, descripción o etiquetas.",2026-08-04
af_camara_nominas_seguros_sociales_2026,AF,AF-RRHH-002,desarrolla,5,2,no,"Gestión de nóminas y seguros sociales para tu empresa se relaciona con Aplicar responsabilidad social, igualdad y protección por su tipo, descripción o etiquetas.",2026-08-04
af_camara_emprendimiento_idea_accion_2026,AF,AF-JUR-001,desarrolla,1,1,no,"De la idea a la acción: emprendimiento y puesta en marcha se relaciona con Distinguir formas jurídicas y órganos de la empresa por su tipo, descripción o etiquetas.",2026-08-04
af_camara_emprendimiento_idea_accion_2026,AF,AF-RRHH-002,desarrolla,2,2,no,"De la idea a la acción: emprendimiento y puesta en marcha se relaciona con Aplicar responsabilidad social, igualdad y protección por su tipo, descripción o etiquetas.",2026-08-04
af_camara_emprendimiento_idea_accion_2026,AF,AF-SIM-001,desarrolla,3,3,no,"De la idea a la acción: emprendimiento y puesta en marcha se relaciona con Gestionar una empresa simulada de forma integrada por su tipo, descripción o etiquetas.",2026-08-04
af_camara_emprendimiento_idea_accion_2026,AF,AF-PRJ-001,desarrolla,4,3,no,"De la idea a la acción: emprendimiento y puesta en marcha se relaciona con Diseñar una solución administrativa integral por su tipo, descripción o etiquetas.",2026-08-04
af_camara_emprendimiento_idea_accion_2026,AF,AF-PRJ-002,desarrolla,5,3,no,"De la idea a la acción: emprendimiento y puesta en marcha se relaciona con Presentar y defender una propuesta administrativa por su tipo, descripción o etiquetas.",2026-08-04
af_camara_auxiliar_administrativo_2026,AF,AF-BAS-004,desarrolla,1,0,no,"Auxiliar administrativo se relaciona con Redactar correos y comunicaciones profesionales por su tipo, descripción o etiquetas.",2026-08-04
af_camara_auxiliar_administrativo_2026,AF,AF-BAS-001,desarrolla,2,0,no,"Auxiliar administrativo se relaciona con Organizar archivos y documentación administrativa por su tipo, descripción o etiquetas.",2026-08-04
af_camara_auxiliar_administrativo_2026,AF,AF-JUR-002,desarrolla,3,1,no,"Auxiliar administrativo se relaciona con Preparar trámites de constitución y documentación oficial por su tipo, descripción o etiquetas.",2026-08-04
af_camara_auxiliar_administrativo_2026,AF,AF-CLI-001,desarrolla,4,1,no,"Auxiliar administrativo se relaciona con Atender y registrar consultas, quejas y reclamaciones por su tipo, descripción o etiquetas.",2026-08-04
af_camara_auxiliar_administrativo_2026,AF,AF-CLI-002,desarrolla,5,2,no,"Auxiliar administrativo se relaciona con Gestionar comunicaciones y archivo multicanal por su tipo, descripción o etiquetas.",2026-08-04
af_aula_mentor_nominas_seguros_sociales,AF,AF-LAB-002,desarrolla,1,2,no,"Nóminas y seguros sociales se relaciona con Calcular y revisar una nómina por su tipo, descripción o etiquetas.",2026-08-04
af_aula_mentor_nominas_seguros_sociales,AF,AF-LAB-001,desarrolla,2,2,no,"Nóminas y seguros sociales se relaciona con Interpretar contratos, jornada y documentación laboral por su tipo, descripción o etiquetas.",2026-08-04
af_aula_mentor_nominas_seguros_sociales,AF,AF-BAS-005,desarrolla,3,0,no,"Nóminas y seguros sociales se relaciona con Proteger datos, credenciales y documentación por su tipo, descripción o etiquetas.",2026-08-04
af_aula_mentor_iniciacion_office,AF,AF-BAS-002,desarrolla,1,0,no,"Iniciación a Office se relaciona con Escribir con precisión y usar funciones básicas de Office por su tipo, descripción o etiquetas.",2026-08-04
af_aula_mentor_iniciacion_office,AF,AF-BAS-003,desarrolla,2,0,no,"Iniciación a Office se relaciona con Operar con porcentajes, reglas de tres e importes por su tipo, descripción o etiquetas.",2026-08-04
af_aula_mentor_iniciacion_office,AF,AF-OFI-001,desarrolla,3,1,no,"Iniciación a Office se relaciona con Crear documentos administrativos mediante estilos y plantillas por su tipo, descripción o etiquetas.",2026-08-04
af_aula_mentor_iniciacion_office,AF,AF-OFI-002,desarrolla,4,1,no,"Iniciación a Office se relaciona con Usar Excel para gestión administrativa por su tipo, descripción o etiquetas.",2026-08-04
af_aula_mentor_iniciacion_office,AF,AF-OFI-003,desarrolla,5,2,no,"Iniciación a Office se relaciona con Automatizar limpieza y consolidación de datos por su tipo, descripción o etiquetas.",2026-08-04
af_excel_formacion_oficial,AF,AF-OFI-002,desarrolla,1,1,no,"Formación oficial de Microsoft Excel se relaciona con Usar Excel para gestión administrativa por su tipo, descripción o etiquetas.",2026-08-04
af_excel_formacion_oficial,AF,AF-BAS-002,desarrolla,2,0,no,"Formación oficial de Microsoft Excel se relaciona con Escribir con precisión y usar funciones básicas de Office por su tipo, descripción o etiquetas.",2026-08-04
af_excel_formacion_oficial,AF,AF-BAS-003,desarrolla,3,0,no,"Formación oficial de Microsoft Excel se relaciona con Operar con porcentajes, reglas de tres e importes por su tipo, descripción o etiquetas.",2026-08-04
af_excel_formacion_oficial,AF,AF-OFI-003,desarrolla,4,2,no,"Formación oficial de Microsoft Excel se relaciona con Automatizar limpieza y consolidación de datos por su tipo, descripción o etiquetas.",2026-08-04
af_excel_formacion_oficial,AF,AF-BI-001,desarrolla,5,2,no,"Formación oficial de Microsoft Excel se relaciona con Crear cuadros de mando administrativos y financieros por su tipo, descripción o etiquetas.",2026-08-04
af_excel_power_query_power_pivot,AF,AF-OFI-003,desarrolla,1,2,no,"Power Query y Power Pivot en Excel se relaciona con Automatizar limpieza y consolidación de datos por su tipo, descripción o etiquetas.",2026-08-04
af_excel_power_query_power_pivot,AF,AF-COM-001,desarrolla,2,1,no,"Power Query y Power Pivot en Excel se relaciona con Gestionar compras, ventas, facturas y cobros por su tipo, descripción o etiquetas.",2026-08-04
af_excel_power_query_power_pivot,AF,AF-BAS-002,desarrolla,3,0,no,"Power Query y Power Pivot en Excel se relaciona con Escribir con precisión y usar funciones básicas de Office por su tipo, descripción o etiquetas.",2026-08-04
af_excel_power_query_power_pivot,AF,AF-BAS-003,desarrolla,4,0,no,"Power Query y Power Pivot en Excel se relaciona con Operar con porcentajes, reglas de tres e importes por su tipo, descripción o etiquetas.",2026-08-04
af_excel_power_query_power_pivot,AF,AF-OFI-002,desarrolla,5,1,no,"Power Query y Power Pivot en Excel se relaciona con Usar Excel para gestión administrativa por su tipo, descripción o etiquetas.",2026-08-04
af_power_bi_ruta_aprendizaje,AF,AF-BI-001,desarrolla,1,2,no,"Ruta de aprendizaje de Power BI se relaciona con Crear cuadros de mando administrativos y financieros por su tipo, descripción o etiquetas.",2026-08-04
af_power_bi_ruta_aprendizaje,AF,AF-CON-002,desarrolla,2,2,no,"Ruta de aprendizaje de Power BI se relaciona con Gestionar obligaciones fiscales básicas por su tipo, descripción o etiquetas.",2026-08-04
af_power_bi_ruta_aprendizaje,AF,AF-SIM-001,desarrolla,3,3,no,"Ruta de aprendizaje de Power BI se relaciona con Gestionar una empresa simulada de forma integrada por su tipo, descripción o etiquetas.",2026-08-04
af_power_bi_ruta_aprendizaje,AF,AF-OFI-003,desarrolla,4,2,no,"Ruta de aprendizaje de Power BI se relaciona con Automatizar limpieza y consolidación de datos por su tipo, descripción o etiquetas.",2026-08-04
af_power_bi_ruta_aprendizaje,AF,AF-BAS-005,desarrolla,5,0,no,"Ruta de aprendizaje de Power BI se relaciona con Proteger datos, credenciales y documentación por su tipo, descripción o etiquetas.",2026-08-04
af_incibe_kit_concienciacion,AF,AF-BAS-005,desarrolla,1,0,no,"Kit de concienciación en ciberseguridad para empresas se relaciona con Proteger datos, credenciales y documentación por su tipo, descripción o etiquetas.",2026-08-04
af_incibe_kit_concienciacion,AF,AF-RRHH-002,desarrolla,2,2,no,"Kit de concienciación en ciberseguridad para empresas se relaciona con Aplicar responsabilidad social, igualdad y protección por su tipo, descripción o etiquetas.",2026-08-04
af_incibe_kit_concienciacion,AF,AF-SIM-001,desarrolla,3,3,no,"Kit de concienciación en ciberseguridad para empresas se relaciona con Gestionar una empresa simulada de forma integrada por su tipo, descripción o etiquetas.",2026-08-04
af_incibe_kit_concienciacion,AF,AF-JUR-001,desarrolla,4,1,no,"Kit de concienciación en ciberseguridad para empresas se relaciona con Distinguir formas jurídicas y órganos de la empresa por su tipo, descripción o etiquetas.",2026-08-04
af_incibe_kit_concienciacion,AF,AF-JUR-002,desarrolla,5,1,no,"Kit de concienciación en ciberseguridad para empresas se relaciona con Preparar trámites de constitución y documentación oficial por su tipo, descripción o etiquetas.",2026-08-04
af_junta_buscador_fpe_administracion,AF,AF-CLI-001,desarrolla,1,1,no,"Buscador de Formación Profesional para el Empleo se relaciona con Atender y registrar consultas, quejas y reclamaciones por su tipo, descripción o etiquetas.",2026-08-04
af_junta_buscador_fpe_administracion,AF,AF-SIM-001,desarrolla,2,3,no,"Buscador de Formación Profesional para el Empleo se relaciona con Gestionar una empresa simulada de forma integrada por su tipo, descripción o etiquetas.",2026-08-04
af_junta_buscador_fpe_administracion,AF,AF-BAS-002,desarrolla,3,0,no,"Buscador de Formación Profesional para el Empleo se relaciona con Escribir con precisión y usar funciones básicas de Office por su tipo, descripción o etiquetas.",2026-08-04
af_junta_buscador_fpe_administracion,AF,AF-COM-002,desarrolla,4,1,no,"Buscador de Formación Profesional para el Empleo se relaciona con Registrar el ciclo contable básico por su tipo, descripción o etiquetas.",2026-08-04
af_junta_buscador_fpe_administracion,AF,AF-LAB-001,desarrolla,5,2,no,"Buscador de Formación Profesional para el Empleo se relaciona con Interpretar contratos, jornada y documentación laboral por su tipo, descripción o etiquetas.",2026-08-04
af_titulo_oficial_andalucia,AF,AF-PRJ-001,desarrolla,1,3,no,"Ficha oficial de Administración y Finanzas en Andalucía se relaciona con Diseñar una solución administrativa integral por su tipo, descripción o etiquetas.",2026-08-04
af_titulo_oficial_andalucia,AF,AF-FIN-001,desarrolla,2,2,no,"Ficha oficial de Administración y Finanzas en Andalucía se relaciona con Aplicar cálculo financiero por su tipo, descripción o etiquetas.",2026-08-04
af_titulo_oficial_andalucia,AF,AF-JUR-002,desarrolla,3,1,no,"Ficha oficial de Administración y Finanzas en Andalucía se relaciona con Preparar trámites de constitución y documentación oficial por su tipo, descripción o etiquetas.",2026-08-04
af_titulo_oficial_andalucia,AF,AF-BAS-005,desarrolla,4,0,no,"Ficha oficial de Administración y Finanzas en Andalucía se relaciona con Proteger datos, credenciales y documentación por su tipo, descripción o etiquetas.",2026-08-04
af_herramienta_excel,AF,AF-BAS-003,desarrolla,1,0,no,"Microsoft Excel se relaciona con Operar con porcentajes, reglas de tres e importes por su tipo, descripción o etiquetas.",2026-08-04
af_herramienta_excel,AF,AF-OFI-002,desarrolla,2,1,no,"Microsoft Excel se relaciona con Usar Excel para gestión administrativa por su tipo, descripción o etiquetas.",2026-08-04
af_herramienta_excel,AF,AF-BAS-002,desarrolla,3,0,no,"Microsoft Excel se relaciona con Escribir con precisión y usar funciones básicas de Office por su tipo, descripción o etiquetas.",2026-08-04
af_herramienta_excel,AF,AF-OFI-003,desarrolla,4,2,no,"Microsoft Excel se relaciona con Automatizar limpieza y consolidación de datos por su tipo, descripción o etiquetas.",2026-08-04
af_herramienta_excel,AF,AF-COM-001,desarrolla,5,1,no,"Microsoft Excel se relaciona con Gestionar compras, ventas, facturas y cobros por su tipo, descripción o etiquetas.",2026-08-04
af_herramienta_power_bi_desktop,AF,AF-BI-001,desarrolla,1,2,no,"Power BI Desktop se relaciona con Crear cuadros de mando administrativos y financieros por su tipo, descripción o etiquetas.",2026-08-04
af_herramienta_power_bi_desktop,AF,AF-OFI-003,desarrolla,2,2,no,"Power BI Desktop se relaciona con Automatizar limpieza y consolidación de datos por su tipo, descripción o etiquetas.",2026-08-04
af_herramienta_power_bi_desktop,AF,AF-BAS-005,desarrolla,3,0,no,"Power BI Desktop se relaciona con Proteger datos, credenciales y documentación por su tipo, descripción o etiquetas.",2026-08-04
af_herramienta_power_bi_desktop,AF,AF-RRHH-002,desarrolla,4,2,no,"Power BI Desktop se relaciona con Aplicar responsabilidad social, igualdad y protección por su tipo, descripción o etiquetas.",2026-08-04
af_herramienta_facturae,AF,AF-JUR-002,desarrolla,1,1,no,"Aplicación de escritorio Facturae se relaciona con Preparar trámites de constitución y documentación oficial por su tipo, descripción o etiquetas.",2026-08-04
af_herramienta_facturae,AF,AF-PRJ-001,desarrolla,2,3,no,"Aplicación de escritorio Facturae se relaciona con Diseñar una solución administrativa integral por su tipo, descripción o etiquetas.",2026-08-04
af_herramienta_facturae,AF,AF-BAS-005,desarrolla,3,0,no,"Aplicación de escritorio Facturae se relaciona con Proteger datos, credenciales y documentación por su tipo, descripción o etiquetas.",2026-08-04
af_herramienta_circe,AF,AF-JUR-001,desarrolla,1,1,no,"CIRCE y Documento Único Electrónico se relaciona con Distinguir formas jurídicas y órganos de la empresa por su tipo, descripción o etiquetas.",2026-08-04
af_herramienta_circe,AF,AF-JUR-002,desarrolla,2,1,no,"CIRCE y Documento Único Electrónico se relaciona con Preparar trámites de constitución y documentación oficial por su tipo, descripción o etiquetas.",2026-08-04
af_herramienta_circe,AF,AF-RRHH-002,desarrolla,3,2,no,"CIRCE y Documento Único Electrónico se relaciona con Aplicar responsabilidad social, igualdad y protección por su tipo, descripción o etiquetas.",2026-08-04
af_herramienta_circe,AF,AF-SIM-001,desarrolla,4,3,no,"CIRCE y Documento Único Electrónico se relaciona con Gestionar una empresa simulada de forma integrada por su tipo, descripción o etiquetas.",2026-08-04
af_herramienta_circe,AF,AF-PRJ-001,desarrolla,5,3,no,"CIRCE y Documento Único Electrónico se relaciona con Diseñar una solución administrativa integral por su tipo, descripción o etiquetas.",2026-08-04
af_herramienta_sede_aeat,AF,AF-CON-002,desarrolla,1,2,no,"Sede electrónica de la Agencia Tributaria se relaciona con Gestionar obligaciones fiscales básicas por su tipo, descripción o etiquetas.",2026-08-04
af_herramienta_sede_aeat,AF,AF-JUR-002,desarrolla,2,1,no,"Sede electrónica de la Agencia Tributaria se relaciona con Preparar trámites de constitución y documentación oficial por su tipo, descripción o etiquetas.",2026-08-04
af_herramienta_sede_aeat,AF,AF-CON-001,desarrolla,3,2,no,"Sede electrónica de la Agencia Tributaria se relaciona con Completar el ciclo contable por su tipo, descripción o etiquetas.",2026-08-04
af_herramienta_sede_aeat,AF,AF-BAS-005,desarrolla,4,0,no,"Sede electrónica de la Agencia Tributaria se relaciona con Proteger datos, credenciales y documentación por su tipo, descripción o etiquetas.",2026-08-04
af_herramienta_importass,AF,AF-LAB-001,desarrolla,1,2,no,"Importass se relaciona con Interpretar contratos, jornada y documentación laboral por su tipo, descripción o etiquetas.",2026-08-04
af_herramienta_importass,AF,AF-JUR-001,desarrolla,2,1,no,"Importass se relaciona con Distinguir formas jurídicas y órganos de la empresa por su tipo, descripción o etiquetas.",2026-08-04
af_herramienta_importass,AF,AF-JUR-002,desarrolla,3,1,no,"Importass se relaciona con Preparar trámites de constitución y documentación oficial por su tipo, descripción o etiquetas.",2026-08-04
af_herramienta_importass,AF,AF-LAB-002,desarrolla,4,2,no,"Importass se relaciona con Calcular y revisar una nómina por su tipo, descripción o etiquetas.",2026-08-04
af_herramienta_importass,AF,AF-FIN-002,desarrolla,5,2,no,"Importass se relaciona con Gestionar tesorería, financiación y riesgo por su tipo, descripción o etiquetas.",2026-08-04
af_herramienta_autofirma,AF,AF-BAS-001,desarrolla,1,0,no,"AutoFirma se relaciona con Organizar archivos y documentación administrativa por su tipo, descripción o etiquetas.",2026-08-04
af_herramienta_autofirma,AF,AF-JUR-002,desarrolla,2,1,no,"AutoFirma se relaciona con Preparar trámites de constitución y documentación oficial por su tipo, descripción o etiquetas.",2026-08-04
af_herramienta_autofirma,AF,AF-OFI-001,desarrolla,3,1,no,"AutoFirma se relaciona con Crear documentos administrativos mediante estilos y plantillas por su tipo, descripción o etiquetas.",2026-08-04
af_herramienta_autofirma,AF,AF-BAS-005,desarrolla,4,0,no,"AutoFirma se relaciona con Proteger datos, credenciales y documentación por su tipo, descripción o etiquetas.",2026-08-04
af_herramienta_contasol,AF,AF-COM-002,desarrolla,1,1,no,"CONTASOL se relaciona con Registrar el ciclo contable básico por su tipo, descripción o etiquetas.",2026-08-04
af_herramienta_contasol,AF,AF-CON-001,desarrolla,2,2,no,"CONTASOL se relaciona con Completar el ciclo contable por su tipo, descripción o etiquetas.",2026-08-04
af_herramienta_contasol,AF,AF-SIM-001,desarrolla,3,3,no,"CONTASOL se relaciona con Gestionar una empresa simulada de forma integrada por su tipo, descripción o etiquetas.",2026-08-04
af_herramienta_contasol,AF,AF-BAS-005,desarrolla,4,0,no,"CONTASOL se relaciona con Proteger datos, credenciales y documentación por su tipo, descripción o etiquetas.",2026-08-04
af_herramienta_nominasol,AF,AF-LAB-001,desarrolla,1,2,no,"NOMINASOL se relaciona con Interpretar contratos, jornada y documentación laboral por su tipo, descripción o etiquetas.",2026-08-04
af_herramienta_nominasol,AF,AF-LAB-002,desarrolla,2,2,no,"NOMINASOL se relaciona con Calcular y revisar una nómina por su tipo, descripción o etiquetas.",2026-08-04
af_herramienta_nominasol,AF,AF-CON-002,desarrolla,3,2,no,"NOMINASOL se relaciona con Gestionar obligaciones fiscales básicas por su tipo, descripción o etiquetas.",2026-08-04
af_herramienta_nominasol,AF,AF-SIM-001,desarrolla,4,3,no,"NOMINASOL se relaciona con Gestionar una empresa simulada de forma integrada por su tipo, descripción o etiquetas.",2026-08-04
af_herramienta_nominasol,AF,AF-BAS-005,desarrolla,5,0,no,"NOMINASOL se relaciona con Proteger datos, credenciales y documentación por su tipo, descripción o etiquetas.",2026-08-04
af_sae_busqueda_empleo,AF,AF-EMP-001,requiere,1,2,sí,"Servicio Andaluz de Empleo se relaciona con Preparar candidatura administrativa por su tipo, descripción o etiquetas.",2026-08-04
af_sae_busqueda_empleo,AF,AF-OFI-002,requiere,2,1,sí,"Servicio Andaluz de Empleo se relaciona con Usar Excel para gestión administrativa por su tipo, descripción o etiquetas.",2026-08-04
af_sae_busqueda_empleo,AF,AF-CLI-001,requiere,3,1,no,"Servicio Andaluz de Empleo se relaciona con Atender y registrar consultas, quejas y reclamaciones por su tipo, descripción o etiquetas.",2026-08-04
af_sepe_portal_empleate,AF,AF-COM-002,requiere,1,1,sí,"Portal Empléate se relaciona con Registrar el ciclo contable básico por su tipo, descripción o etiquetas.",2026-08-04
af_sepe_portal_empleate,AF,AF-CON-001,requiere,2,2,sí,"Portal Empléate se relaciona con Completar el ciclo contable por su tipo, descripción o etiquetas.",2026-08-04
af_sepe_portal_empleate,AF,AF-EMP-001,requiere,3,2,no,"Portal Empléate se relaciona con Preparar candidatura administrativa por su tipo, descripción o etiquetas.",2026-08-04
af_sepe_portal_empleate,AF,AF-SIM-001,requiere,4,3,no,"Portal Empléate se relaciona con Gestionar una empresa simulada de forma integrada por su tipo, descripción o etiquetas.",2026-08-04
af_sepe_portal_empleate,AF,AF-PRJ-001,requiere,5,3,no,"Portal Empléate se relaciona con Diseñar una solución administrativa integral por su tipo, descripción o etiquetas.",2026-08-04
af_camara_granada_ofertas_empleo,AF,AF-PRJ-001,requiere,1,3,sí,"Ofertas de empleo de Cámara Granada se relaciona con Diseñar una solución administrativa integral por su tipo, descripción o etiquetas.",2026-08-04
af_camara_granada_ofertas_empleo,AF,AF-SIM-001,requiere,2,3,sí,"Ofertas de empleo de Cámara Granada se relaciona con Gestionar una empresa simulada de forma integrada por su tipo, descripción o etiquetas.",2026-08-04
af_camara_granada_ofertas_empleo,AF,AF-JUR-001,requiere,3,1,no,"Ofertas de empleo de Cámara Granada se relaciona con Distinguir formas jurídicas y órganos de la empresa por su tipo, descripción o etiquetas.",2026-08-04
af_camara_granada_ofertas_empleo,AF,AF-RRHH-002,requiere,4,2,no,"Ofertas de empleo de Cámara Granada se relaciona con Aplicar responsabilidad social, igualdad y protección por su tipo, descripción o etiquetas.",2026-08-04
af_camara_granada_ofertas_empleo,AF,AF-EMP-001,requiere,5,2,no,"Ofertas de empleo de Cámara Granada se relaciona con Preparar candidatura administrativa por su tipo, descripción o etiquetas.",2026-08-04
af_ayuntamiento_granada_bolsas_empleo,AF,AF-EMP-001,requiere,1,2,sí,"Bolsas de empleo del Ayuntamiento de Granada se relaciona con Preparar candidatura administrativa por su tipo, descripción o etiquetas.",2026-08-04
af_ayuntamiento_granada_bolsas_empleo,AF,AF-DIG-001,requiere,2,2,sí,"Bolsas de empleo del Ayuntamiento de Granada se relaciona con Automatizar procesos administrativos con control por su tipo, descripción o etiquetas.",2026-08-04
af_ayuntamiento_granada_bolsas_empleo,AF,AF-SUS-001,requiere,3,1,no,"Bolsas de empleo del Ayuntamiento de Granada se relaciona con Aplicar sostenibilidad y calidad a procesos administrativos por su tipo, descripción o etiquetas.",2026-08-04
af_ayuntamiento_granada_bolsas_empleo,AF,AF-OFI-002,requiere,4,1,no,"Bolsas de empleo del Ayuntamiento de Granada se relaciona con Usar Excel para gestión administrativa por su tipo, descripción o etiquetas.",2026-08-04
af_ayuntamiento_granada_bolsas_empleo,AF,AF-CLI-001,requiere,5,1,no,"Bolsas de empleo del Ayuntamiento de Granada se relaciona con Atender y registrar consultas, quejas y reclamaciones por su tipo, descripción o etiquetas.",2026-08-04
af_talento_joven_camara_granada,AF,AF-EMP-001,requiere,1,2,sí,"Programa Talento Joven se relaciona con Preparar candidatura administrativa por su tipo, descripción o etiquetas.",2026-08-04
af_talento_joven_camara_granada,AF,AF-OFI-002,requiere,2,1,sí,"Programa Talento Joven se relaciona con Usar Excel para gestión administrativa por su tipo, descripción o etiquetas.",2026-08-04
af_talento_joven_camara_granada,AF,AF-CLI-001,requiere,3,1,no,"Programa Talento Joven se relaciona con Atender y registrar consultas, quejas y reclamaciones por su tipo, descripción o etiquetas.",2026-08-04
af_fundacion_sepi_futuras_becas,AF,AF-FIN-001,requiere,1,2,sí,"Avisos de futuras becas Fundación SEPI se relaciona con Aplicar cálculo financiero por su tipo, descripción o etiquetas.",2026-08-04
af_fundacion_sepi_futuras_becas,AF,AF-PRJ-001,requiere,2,3,sí,"Avisos de futuras becas Fundación SEPI se relaciona con Diseñar una solución administrativa integral por su tipo, descripción o etiquetas.",2026-08-04
af_fundacion_sepi_futuras_becas,AF,AF-JUR-002,requiere,3,1,no,"Avisos de futuras becas Fundación SEPI se relaciona con Preparar trámites de constitución y documentación oficial por su tipo, descripción o etiquetas.",2026-08-04
af_fundacion_sepi_futuras_becas,AF,AF-CLI-002,requiere,4,2,no,"Avisos de futuras becas Fundación SEPI se relaciona con Gestionar comunicaciones y archivo multicanal por su tipo, descripción o etiquetas.",2026-08-04
af_fundacion_sepi_futuras_becas,AF,AF-EMP-001,requiere,5,2,no,"Avisos de futuras becas Fundación SEPI se relaciona con Preparar candidatura administrativa por su tipo, descripción o etiquetas.",2026-08-04
af_programa_emplea_t_granada,AF,AF-LAB-001,requiere,1,2,sí,"Programa Emplea-T Granada se relaciona con Interpretar contratos, jornada y documentación laboral por su tipo, descripción o etiquetas.",2026-08-04
af_programa_emplea_t_granada,AF,AF-EMP-001,requiere,2,2,sí,"Programa Emplea-T Granada se relaciona con Preparar candidatura administrativa por su tipo, descripción o etiquetas.",2026-08-04
af_programa_emplea_t_granada,AF,AF-OFI-002,requiere,3,1,no,"Programa Emplea-T Granada se relaciona con Usar Excel para gestión administrativa por su tipo, descripción o etiquetas.",2026-08-04
af_programa_emplea_t_granada,AF,AF-CLI-001,requiere,4,1,no,"Programa Emplea-T Granada se relaciona con Atender y registrar consultas, quejas y reclamaciones por su tipo, descripción o etiquetas.",2026-08-04
af_fp_dual_andalucia_empresa,AF,AF-JUR-001,requiere,1,1,sí,"Formación Profesional Dual en Andalucía se relaciona con Distinguir formas jurídicas y órganos de la empresa por su tipo, descripción o etiquetas.",2026-08-04
af_fp_dual_andalucia_empresa,AF,AF-RRHH-002,requiere,2,2,sí,"Formación Profesional Dual en Andalucía se relaciona con Aplicar responsabilidad social, igualdad y protección por su tipo, descripción o etiquetas.",2026-08-04
af_fp_dual_andalucia_empresa,AF,AF-EMP-001,requiere,3,2,no,"Formación Profesional Dual en Andalucía se relaciona con Preparar candidatura administrativa por su tipo, descripción o etiquetas.",2026-08-04
af_fp_dual_andalucia_empresa,AF,AF-SIM-001,requiere,4,3,no,"Formación Profesional Dual en Andalucía se relaciona con Gestionar una empresa simulada de forma integrada por su tipo, descripción o etiquetas.",2026-08-04
af_fp_dual_andalucia_empresa,AF,AF-PRJ-001,requiere,5,3,no,"Formación Profesional Dual en Andalucía se relaciona con Diseñar una solución administrativa integral por su tipo, descripción o etiquetas.",2026-08-04
af_feria_internacional_empleo_granada_2026,AF,AF-EMP-001,requiere,1,2,sí,"Feria Internacional de Empleo de Granada 2026 se relaciona con Preparar candidatura administrativa por su tipo, descripción o etiquetas.",2026-08-04
af_feria_internacional_empleo_granada_2026,AF,AF-PRJ-002,requiere,2,3,sí,"Feria Internacional de Empleo de Granada 2026 se relaciona con Presentar y defender una propuesta administrativa por su tipo, descripción o etiquetas.",2026-08-04
af_feria_internacional_empleo_granada_2026,AF,AF-BAS-004,requiere,3,0,no,"Feria Internacional de Empleo de Granada 2026 se relaciona con Redactar correos y comunicaciones profesionales por su tipo, descripción o etiquetas.",2026-08-04
af_feria_fp_granada_2026,AF,AF-SIM-001,requiere,1,3,sí,"II Feria de Formación Profesional de Granada se relaciona con Gestionar una empresa simulada de forma integrada por su tipo, descripción o etiquetas.",2026-08-04
af_feria_fp_granada_2026,AF,AF-PRJ-001,requiere,2,3,sí,"II Feria de Formación Profesional de Granada se relaciona con Diseñar una solución administrativa integral por su tipo, descripción o etiquetas.",2026-08-04
af_feria_fp_granada_2026,AF,AF-JUR-002,requiere,3,1,no,"II Feria de Formación Profesional de Granada se relaciona con Preparar trámites de constitución y documentación oficial por su tipo, descripción o etiquetas.",2026-08-04
af_feria_fp_granada_2026,AF,AF-PRJ-002,requiere,4,3,no,"II Feria de Formación Profesional de Granada se relaciona con Presentar y defender una propuesta administrativa por su tipo, descripción o etiquetas.",2026-08-04
af_feria_fp_granada_2026,AF,AF-EMP-001,requiere,5,2,no,"II Feria de Formación Profesional de Granada se relaciona con Preparar candidatura administrativa por su tipo, descripción o etiquetas.",2026-08-04
af_formate_granada_2026,AF,AF-EMP-001,requiere,1,2,sí,"FÓRMATE 2026: Feria de Formación para el Empleo se relaciona con Preparar candidatura administrativa por su tipo, descripción o etiquetas.",2026-08-04
af_formate_granada_2026,AF,AF-PRJ-002,requiere,2,3,sí,"FÓRMATE 2026: Feria de Formación para el Empleo se relaciona con Presentar y defender una propuesta administrativa por su tipo, descripción o etiquetas.",2026-08-04
af_formate_granada_2026,AF,AF-BAS-004,requiere,3,0,no,"FÓRMATE 2026: Feria de Formación para el Empleo se relaciona con Redactar correos y comunicaciones profesionales por su tipo, descripción o etiquetas.",2026-08-04
af_red_emprende_granada_2026,AF,AF-PRJ-002,requiere,1,3,sí,"V Red Emprende 2026 se relaciona con Presentar y defender una propuesta administrativa por su tipo, descripción o etiquetas.",2026-08-04
af_red_emprende_granada_2026,AF,AF-EMP-001,requiere,2,2,sí,"V Red Emprende 2026 se relaciona con Preparar candidatura administrativa por su tipo, descripción o etiquetas.",2026-08-04
af_red_emprende_granada_2026,AF,AF-BAS-004,requiere,3,0,no,"V Red Emprende 2026 se relaciona con Redactar correos y comunicaciones profesionales por su tipo, descripción o etiquetas.",2026-08-04
af_eventos_andalucia_emprende,AF,AF-SIM-001,requiere,1,3,sí,"Agenda de eventos de Andalucía Emprende se relaciona con Gestionar una empresa simulada de forma integrada por su tipo, descripción o etiquetas.",2026-08-04
af_eventos_andalucia_emprende,AF,AF-JUR-001,requiere,2,1,sí,"Agenda de eventos de Andalucía Emprende se relaciona con Distinguir formas jurídicas y órganos de la empresa por su tipo, descripción o etiquetas.",2026-08-04
af_eventos_andalucia_emprende,AF,AF-RRHH-002,requiere,3,2,no,"Agenda de eventos de Andalucía Emprende se relaciona con Aplicar responsabilidad social, igualdad y protección por su tipo, descripción o etiquetas.",2026-08-04
af_eventos_andalucia_emprende,AF,AF-FIN-002,requiere,4,2,no,"Agenda de eventos de Andalucía Emprende se relaciona con Gestionar tesorería, financiación y riesgo por su tipo, descripción o etiquetas.",2026-08-04
af_eventos_andalucia_emprende,AF,AF-PRJ-001,requiere,5,3,no,"Agenda de eventos de Andalucía Emprende se relaciona con Diseñar una solución administrativa integral por su tipo, descripción o etiquetas.",2026-08-04
af_premios_emprendemos_top50_2026,AF,AF-PRJ-002,requiere,1,3,sí,"Premios Emprendemos TOP50 2026 se relaciona con Presentar y defender una propuesta administrativa por su tipo, descripción o etiquetas.",2026-08-04
af_premios_emprendemos_top50_2026,AF,AF-EMP-001,requiere,2,2,sí,"Premios Emprendemos TOP50 2026 se relaciona con Preparar candidatura administrativa por su tipo, descripción o etiquetas.",2026-08-04
af_premios_emprendemos_top50_2026,AF,AF-BAS-004,requiere,3,0,no,"Premios Emprendemos TOP50 2026 se relaciona con Redactar correos y comunicaciones profesionales por su tipo, descripción o etiquetas.",2026-08-04
af_emprendimiento_educativo_granada_2026_27,AF,AF-EMP-001,apoya,1,2,no,"Emprendimiento educativo en Granada se relaciona con Preparar candidatura administrativa por su tipo, descripción o etiquetas.",2026-08-04
af_emprendimiento_educativo_granada_2026_27,AF,AF-JUR-001,apoya,2,1,no,"Emprendimiento educativo en Granada se relaciona con Distinguir formas jurídicas y órganos de la empresa por su tipo, descripción o etiquetas.",2026-08-04
af_fuente_actualidad_aeat,AF,AF-CON-002,apoya,1,2,no,"Actualidad de la Agencia Tributaria se relaciona con Gestionar obligaciones fiscales básicas por su tipo, descripción o etiquetas.",2026-08-04
af_fuente_actualidad_aeat,AF,AF-CON-001,apoya,2,2,no,"Actualidad de la Agencia Tributaria se relaciona con Completar el ciclo contable por su tipo, descripción o etiquetas.",2026-08-04
af_fuente_actualidad_aeat,AF,AF-EMP-001,apoya,3,2,no,"Actualidad de la Agencia Tributaria se relaciona con Preparar candidatura administrativa por su tipo, descripción o etiquetas.",2026-08-04
af_fuente_actualidad_aeat,AF,AF-JUR-001,apoya,4,1,no,"Actualidad de la Agencia Tributaria se relaciona con Distinguir formas jurídicas y órganos de la empresa por su tipo, descripción o etiquetas.",2026-08-04
af_fuente_actualidad_seguridad_social,AF,AF-LAB-001,apoya,1,2,no,"Actualidad de la Seguridad Social se relaciona con Interpretar contratos, jornada y documentación laboral por su tipo, descripción o etiquetas.",2026-08-04
af_fuente_actualidad_seguridad_social,AF,AF-LAB-002,apoya,2,2,no,"Actualidad de la Seguridad Social se relaciona con Calcular y revisar una nómina por su tipo, descripción o etiquetas.",2026-08-04
af_fuente_actualidad_seguridad_social,AF,AF-EMP-001,apoya,3,2,no,"Actualidad de la Seguridad Social se relaciona con Preparar candidatura administrativa por su tipo, descripción o etiquetas.",2026-08-04
af_fuente_actualidad_seguridad_social,AF,AF-SIM-001,apoya,4,3,no,"Actualidad de la Seguridad Social se relaciona con Gestionar una empresa simulada de forma integrada por su tipo, descripción o etiquetas.",2026-08-04
af_fuente_actualidad_seguridad_social,AF,AF-JUR-001,apoya,5,1,no,"Actualidad de la Seguridad Social se relaciona con Distinguir formas jurídicas y órganos de la empresa por su tipo, descripción o etiquetas.",2026-08-04
af_fuente_boe,AF,AF-COM-002,apoya,1,1,no,"Boletín Oficial del Estado se relaciona con Registrar el ciclo contable básico por su tipo, descripción o etiquetas.",2026-08-04
af_fuente_boe,AF,AF-CON-001,apoya,2,2,no,"Boletín Oficial del Estado se relaciona con Completar el ciclo contable por su tipo, descripción o etiquetas.",2026-08-04
af_fuente_boe,AF,AF-SIM-001,apoya,3,3,no,"Boletín Oficial del Estado se relaciona con Gestionar una empresa simulada de forma integrada por su tipo, descripción o etiquetas.",2026-08-04
af_fuente_boe,AF,AF-PRJ-001,apoya,4,3,no,"Boletín Oficial del Estado se relaciona con Diseñar una solución administrativa integral por su tipo, descripción o etiquetas.",2026-08-04
af_fuente_boe,AF,AF-JUR-002,apoya,5,1,no,"Boletín Oficial del Estado se relaciona con Preparar trámites de constitución y documentación oficial por su tipo, descripción o etiquetas.",2026-08-04
af_fuente_boja,AF,AF-COM-002,apoya,1,1,no,"Boletín Oficial de la Junta de Andalucía se relaciona con Registrar el ciclo contable básico por su tipo, descripción o etiquetas.",2026-08-04
af_fuente_boja,AF,AF-EMP-001,apoya,2,2,no,"Boletín Oficial de la Junta de Andalucía se relaciona con Preparar candidatura administrativa por su tipo, descripción o etiquetas.",2026-08-04
af_fuente_boja,AF,AF-JUR-001,apoya,3,1,no,"Boletín Oficial de la Junta de Andalucía se relaciona con Distinguir formas jurídicas y órganos de la empresa por su tipo, descripción o etiquetas.",2026-08-04
af_fuente_ine,AF,AF-BI-001,apoya,1,2,no,"Instituto Nacional de Estadística se relaciona con Crear cuadros de mando administrativos y financieros por su tipo, descripción o etiquetas.",2026-08-04
af_fuente_ine,AF,AF-EMP-001,apoya,2,2,no,"Instituto Nacional de Estadística se relaciona con Preparar candidatura administrativa por su tipo, descripción o etiquetas.",2026-08-04
af_fuente_ine,AF,AF-BAS-005,apoya,3,0,no,"Instituto Nacional de Estadística se relaciona con Proteger datos, credenciales y documentación por su tipo, descripción o etiquetas.",2026-08-04
af_fuente_ine,AF,AF-RRHH-002,apoya,4,2,no,"Instituto Nacional de Estadística se relaciona con Aplicar responsabilidad social, igualdad y protección por su tipo, descripción o etiquetas.",2026-08-04
af_fuente_ine,AF,AF-JUR-001,apoya,5,1,no,"Instituto Nacional de Estadística se relaciona con Distinguir formas jurídicas y órganos de la empresa por su tipo, descripción o etiquetas.",2026-08-04
af_fuente_economistas_granada,AF,AF-CON-001,apoya,1,2,no,"Colegio Profesional de Economistas de Granada se relaciona con Completar el ciclo contable por su tipo, descripción o etiquetas.",2026-08-04
af_fuente_economistas_granada,AF,AF-SIM-001,apoya,2,3,no,"Colegio Profesional de Economistas de Granada se relaciona con Gestionar una empresa simulada de forma integrada por su tipo, descripción o etiquetas.",2026-08-04
af_fuente_economistas_granada,AF,AF-JUR-001,apoya,3,1,no,"Colegio Profesional de Economistas de Granada se relaciona con Distinguir formas jurídicas y órganos de la empresa por su tipo, descripción o etiquetas.",2026-08-04
af_fuente_economistas_granada,AF,AF-RRHH-002,apoya,4,2,no,"Colegio Profesional de Economistas de Granada se relaciona con Aplicar responsabilidad social, igualdad y protección por su tipo, descripción o etiquetas.",2026-08-04
af_fuente_economistas_granada,AF,AF-COM-002,apoya,5,1,no,"Colegio Profesional de Economistas de Granada se relaciona con Registrar el ciclo contable básico por su tipo, descripción o etiquetas.",2026-08-04
af_fuente_consejo_economistas,AF,AF-CON-001,apoya,1,2,no,"Consejo General de Economistas de España se relaciona con Completar el ciclo contable por su tipo, descripción o etiquetas.",2026-08-04
af_fuente_consejo_economistas,AF,AF-SIM-001,apoya,2,3,no,"Consejo General de Economistas de España se relaciona con Gestionar una empresa simulada de forma integrada por su tipo, descripción o etiquetas.",2026-08-04
af_fuente_consejo_economistas,AF,AF-COM-002,apoya,3,1,no,"Consejo General de Economistas de España se relaciona con Registrar el ciclo contable básico por su tipo, descripción o etiquetas.",2026-08-04
af_fuente_consejo_economistas,AF,AF-CLI-002,apoya,4,2,no,"Consejo General de Economistas de España se relaciona con Gestionar comunicaciones y archivo multicanal por su tipo, descripción o etiquetas.",2026-08-04
af_fuente_consejo_economistas,AF,AF-CON-002,apoya,5,2,no,"Consejo General de Economistas de España se relaciona con Gestionar obligaciones fiscales básicas por su tipo, descripción o etiquetas.",2026-08-04
af_evidencia_ciclo_contable_completo,AF,AF-CON-001,demuestra,1,2,no,"Caso completo de ciclo contable y cierre se relaciona con Completar el ciclo contable por su tipo, descripción o etiquetas.",2026-08-04
af_evidencia_ciclo_contable_completo,AF,AF-PRJ-001,demuestra,2,3,no,"Caso completo de ciclo contable y cierre se relaciona con Diseñar una solución administrativa integral por su tipo, descripción o etiquetas.",2026-08-04
af_evidencia_ciclo_contable_completo,AF,AF-BAS-003,demuestra,3,0,no,"Caso completo de ciclo contable y cierre se relaciona con Operar con porcentajes, reglas de tres e importes por su tipo, descripción o etiquetas.",2026-08-04
af_evidencia_ciclo_contable_completo,AF,AF-COM-001,demuestra,4,1,no,"Caso completo de ciclo contable y cierre se relaciona con Gestionar compras, ventas, facturas y cobros por su tipo, descripción o etiquetas.",2026-08-04
af_evidencia_ciclo_contable_completo,AF,AF-COM-002,demuestra,5,1,no,"Caso completo de ciclo contable y cierre se relaciona con Registrar el ciclo contable básico por su tipo, descripción o etiquetas.",2026-08-04
af_evidencia_presupuesto_tesoreria_excel,AF,AF-FIN-002,demuestra,1,2,no,"Presupuesto y previsión de tesorería en Excel se relaciona con Gestionar tesorería, financiación y riesgo por su tipo, descripción o etiquetas.",2026-08-04
af_evidencia_presupuesto_tesoreria_excel,AF,AF-BAS-002,demuestra,2,0,no,"Presupuesto y previsión de tesorería en Excel se relaciona con Escribir con precisión y usar funciones básicas de Office por su tipo, descripción o etiquetas.",2026-08-04
af_evidencia_presupuesto_tesoreria_excel,AF,AF-BAS-003,demuestra,3,0,no,"Presupuesto y previsión de tesorería en Excel se relaciona con Operar con porcentajes, reglas de tres e importes por su tipo, descripción o etiquetas.",2026-08-04
af_evidencia_presupuesto_tesoreria_excel,AF,AF-OFI-002,demuestra,4,1,no,"Presupuesto y previsión de tesorería en Excel se relaciona con Usar Excel para gestión administrativa por su tipo, descripción o etiquetas.",2026-08-04
af_evidencia_presupuesto_tesoreria_excel,AF,AF-OFI-003,demuestra,5,2,no,"Presupuesto y previsión de tesorería en Excel se relaciona con Automatizar limpieza y consolidación de datos por su tipo, descripción o etiquetas.",2026-08-04
af_evidencia_expediente_nomina_cotizacion,AF,AF-LAB-001,demuestra,1,2,no,"Expediente laboral de nómina y cotización se relaciona con Interpretar contratos, jornada y documentación laboral por su tipo, descripción o etiquetas.",2026-08-04
af_evidencia_expediente_nomina_cotizacion,AF,AF-BAS-003,demuestra,2,0,no,"Expediente laboral de nómina y cotización se relaciona con Operar con porcentajes, reglas de tres e importes por su tipo, descripción o etiquetas.",2026-08-04
af_evidencia_expediente_nomina_cotizacion,AF,AF-LAB-002,demuestra,3,2,no,"Expediente laboral de nómina y cotización se relaciona con Calcular y revisar una nómina por su tipo, descripción o etiquetas.",2026-08-04
af_evidencia_expediente_nomina_cotizacion,AF,AF-PRJ-001,demuestra,4,3,no,"Expediente laboral de nómina y cotización se relaciona con Diseñar una solución administrativa integral por su tipo, descripción o etiquetas.",2026-08-04
af_evidencia_expediente_nomina_cotizacion,AF,AF-BAS-005,demuestra,5,0,no,"Expediente laboral de nómina y cotización se relaciona con Proteger datos, credenciales y documentación por su tipo, descripción o etiquetas.",2026-08-04
af_evidencia_factura_electronica_firmada,AF,AF-CLI-002,demuestra,1,2,no,"Flujo de factura electrónica se relaciona con Gestionar comunicaciones y archivo multicanal por su tipo, descripción o etiquetas.",2026-08-04
af_evidencia_factura_electronica_firmada,AF,AF-JUR-002,demuestra,2,1,no,"Flujo de factura electrónica se relaciona con Preparar trámites de constitución y documentación oficial por su tipo, descripción o etiquetas.",2026-08-04
af_evidencia_factura_electronica_firmada,AF,AF-CLI-001,demuestra,3,1,no,"Flujo de factura electrónica se relaciona con Atender y registrar consultas, quejas y reclamaciones por su tipo, descripción o etiquetas.",2026-08-04
af_evidencia_factura_electronica_firmada,AF,AF-BAS-004,demuestra,4,0,no,"Flujo de factura electrónica se relaciona con Redactar correos y comunicaciones profesionales por su tipo, descripción o etiquetas.",2026-08-04
af_evidencia_factura_electronica_firmada,AF,AF-SIM-001,demuestra,5,3,no,"Flujo de factura electrónica se relaciona con Gestionar una empresa simulada de forma integrada por su tipo, descripción o etiquetas.",2026-08-04
af_evidencia_calendario_fiscal_pyme,AF,AF-JUR-002,demuestra,1,1,no,"Calendario fiscal y checklist de cumplimiento se relaciona con Preparar trámites de constitución y documentación oficial por su tipo, descripción o etiquetas.",2026-08-04
af_evidencia_calendario_fiscal_pyme,AF,AF-CLI-002,demuestra,2,2,no,"Calendario fiscal y checklist de cumplimiento se relaciona con Gestionar comunicaciones y archivo multicanal por su tipo, descripción o etiquetas.",2026-08-04
af_evidencia_calendario_fiscal_pyme,AF,AF-CON-001,demuestra,3,2,no,"Calendario fiscal y checklist de cumplimiento se relaciona con Completar el ciclo contable por su tipo, descripción o etiquetas.",2026-08-04
af_evidencia_calendario_fiscal_pyme,AF,AF-CON-002,demuestra,4,2,no,"Calendario fiscal y checklist de cumplimiento se relaciona con Gestionar obligaciones fiscales básicas por su tipo, descripción o etiquetas.",2026-08-04
af_evidencia_calendario_fiscal_pyme,AF,AF-BAS-005,demuestra,5,0,no,"Calendario fiscal y checklist de cumplimiento se relaciona con Proteger datos, credenciales y documentación por su tipo, descripción o etiquetas.",2026-08-04
af_evidencia_dashboard_financiero_power_bi,AF,AF-COM-001,demuestra,1,1,no,"Dashboard financiero en Power BI se relaciona con Gestionar compras, ventas, facturas y cobros por su tipo, descripción o etiquetas.",2026-08-04
af_evidencia_dashboard_financiero_power_bi,AF,AF-FIN-002,demuestra,2,2,no,"Dashboard financiero en Power BI se relaciona con Gestionar tesorería, financiación y riesgo por su tipo, descripción o etiquetas.",2026-08-04
af_evidencia_dashboard_financiero_power_bi,AF,AF-BI-001,demuestra,3,2,no,"Dashboard financiero en Power BI se relaciona con Crear cuadros de mando administrativos y financieros por su tipo, descripción o etiquetas.",2026-08-04
af_evidencia_dashboard_financiero_power_bi,AF,AF-PRJ-001,demuestra,4,3,no,"Dashboard financiero en Power BI se relaciona con Diseñar una solución administrativa integral por su tipo, descripción o etiquetas.",2026-08-04
af_evidencia_dashboard_financiero_power_bi,AF,AF-FIN-001,demuestra,5,2,no,"Dashboard financiero en Power BI se relaciona con Aplicar cálculo financiero por su tipo, descripción o etiquetas.",2026-08-04
af_evidencia_plan_empresa_circe,AF,AF-JUR-001,demuestra,1,1,no,"Plan administrativo de creación de empresa se relaciona con Distinguir formas jurídicas y órganos de la empresa por su tipo, descripción o etiquetas.",2026-08-04
af_evidencia_plan_empresa_circe,AF,AF-JUR-002,demuestra,2,1,no,"Plan administrativo de creación de empresa se relaciona con Preparar trámites de constitución y documentación oficial por su tipo, descripción o etiquetas.",2026-08-04
af_evidencia_plan_empresa_circe,AF,AF-RRHH-002,demuestra,3,2,no,"Plan administrativo de creación de empresa se relaciona con Aplicar responsabilidad social, igualdad y protección por su tipo, descripción o etiquetas.",2026-08-04
af_evidencia_plan_empresa_circe,AF,AF-FIN-002,demuestra,4,2,no,"Plan administrativo de creación de empresa se relaciona con Gestionar tesorería, financiación y riesgo por su tipo, descripción o etiquetas.",2026-08-04
af_evidencia_plan_empresa_circe,AF,AF-EMP-001,demuestra,5,2,no,"Plan administrativo de creación de empresa se relaciona con Preparar candidatura administrativa por su tipo, descripción o etiquetas.",2026-08-04
af_ies_fray_luis_granada,AF,AF-PRJ-001,apoya,1,3,no,"IES Fray Luis de Granada se relaciona con Diseñar una solución administrativa integral por su tipo, descripción o etiquetas.",2026-08-04
af_ies_fray_luis_granada,AF,AF-FIN-001,apoya,2,2,no,"IES Fray Luis de Granada se relaciona con Aplicar cálculo financiero por su tipo, descripción o etiquetas.",2026-08-04
af_ies_fray_luis_granada,AF,AF-JUR-002,apoya,3,1,no,"IES Fray Luis de Granada se relaciona con Preparar trámites de constitución y documentación oficial por su tipo, descripción o etiquetas.",2026-08-04
af_ies_fray_luis_granada,AF,AF-EMP-001,apoya,4,2,no,"IES Fray Luis de Granada se relaciona con Preparar candidatura administrativa por su tipo, descripción o etiquetas.",2026-08-04
af_ies_fray_luis_granada,AF,AF-JUR-001,apoya,5,1,no,"IES Fray Luis de Granada se relaciona con Distinguir formas jurídicas y órganos de la empresa por su tipo, descripción o etiquetas.",2026-08-04
af_ies_luis_bueno_crespo_armilla,AF,AF-PRJ-001,apoya,1,3,no,"IES Luis Bueno Crespo se relaciona con Diseñar una solución administrativa integral por su tipo, descripción o etiquetas.",2026-08-04
af_ies_luis_bueno_crespo_armilla,AF,AF-FIN-001,apoya,2,2,no,"IES Luis Bueno Crespo se relaciona con Aplicar cálculo financiero por su tipo, descripción o etiquetas.",2026-08-04
af_ies_luis_bueno_crespo_armilla,AF,AF-JUR-002,apoya,3,1,no,"IES Luis Bueno Crespo se relaciona con Preparar trámites de constitución y documentación oficial por su tipo, descripción o etiquetas.",2026-08-04
af_ies_luis_bueno_crespo_armilla,AF,AF-EMP-001,apoya,4,2,no,"IES Luis Bueno Crespo se relaciona con Preparar candidatura administrativa por su tipo, descripción o etiquetas.",2026-08-04
af_ies_luis_bueno_crespo_armilla,AF,AF-JUR-001,apoya,5,1,no,"IES Luis Bueno Crespo se relaciona con Distinguir formas jurídicas y órganos de la empresa por su tipo, descripción o etiquetas.",2026-08-04
af_ies_acci_guadix,AF,AF-PRJ-001,apoya,1,3,no,"IES ACCI se relaciona con Diseñar una solución administrativa integral por su tipo, descripción o etiquetas.",2026-08-04
af_ies_acci_guadix,AF,AF-FIN-001,apoya,2,2,no,"IES ACCI se relaciona con Aplicar cálculo financiero por su tipo, descripción o etiquetas.",2026-08-04
af_ies_acci_guadix,AF,AF-JUR-002,apoya,3,1,no,"IES ACCI se relaciona con Preparar trámites de constitución y documentación oficial por su tipo, descripción o etiquetas.",2026-08-04
af_ies_acci_guadix,AF,AF-EMP-001,apoya,4,2,no,"IES ACCI se relaciona con Preparar candidatura administrativa por su tipo, descripción o etiquetas.",2026-08-04
af_ies_acci_guadix,AF,AF-JUR-001,apoya,5,1,no,"IES ACCI se relaciona con Distinguir formas jurídicas y órganos de la empresa por su tipo, descripción o etiquetas.",2026-08-04
af_ies_montes_orientales_iznalloz,AF,AF-PRJ-001,apoya,1,3,no,"IES Montes Orientales se relaciona con Diseñar una solución administrativa integral por su tipo, descripción o etiquetas.",2026-08-04
af_ies_montes_orientales_iznalloz,AF,AF-FIN-001,apoya,2,2,no,"IES Montes Orientales se relaciona con Aplicar cálculo financiero por su tipo, descripción o etiquetas.",2026-08-04
af_ies_montes_orientales_iznalloz,AF,AF-JUR-002,apoya,3,1,no,"IES Montes Orientales se relaciona con Preparar trámites de constitución y documentación oficial por su tipo, descripción o etiquetas.",2026-08-04
af_ies_montes_orientales_iznalloz,AF,AF-EMP-001,apoya,4,2,no,"IES Montes Orientales se relaciona con Preparar candidatura administrativa por su tipo, descripción o etiquetas.",2026-08-04
af_ies_montes_orientales_iznalloz,AF,AF-JUR-001,apoya,5,1,no,"IES Montes Orientales se relaciona con Distinguir formas jurídicas y órganos de la empresa por su tipo, descripción o etiquetas.",2026-08-04
af_ies_pedro_jimenez_montoya_baza_2026,AF,AF-PRJ-001,apoya,1,3,no,"IES Pedro Jiménez Montoya se relaciona con Diseñar una solución administrativa integral por su tipo, descripción o etiquetas.",2026-08-04
af_ies_pedro_jimenez_montoya_baza_2026,AF,AF-FIN-001,apoya,2,2,no,"IES Pedro Jiménez Montoya se relaciona con Aplicar cálculo financiero por su tipo, descripción o etiquetas.",2026-08-04
af_ies_pedro_jimenez_montoya_baza_2026,AF,AF-JUR-002,apoya,3,1,no,"IES Pedro Jiménez Montoya se relaciona con Preparar trámites de constitución y documentación oficial por su tipo, descripción o etiquetas.",2026-08-04
af_ies_pedro_jimenez_montoya_baza_2026,AF,AF-EMP-001,apoya,4,2,no,"IES Pedro Jiménez Montoya se relaciona con Preparar candidatura administrativa por su tipo, descripción o etiquetas.",2026-08-04
af_ies_pedro_jimenez_montoya_baza_2026,AF,AF-JUR-001,apoya,5,1,no,"IES Pedro Jiménez Montoya se relaciona con Distinguir formas jurídicas y órganos de la empresa por su tipo, descripción o etiquetas.",2026-08-04
af_camara_comercio_granada_entidad,AF,AF-JUR-001,apoya,1,1,no,"Cámara de Comercio de Granada se relaciona con Distinguir formas jurídicas y órganos de la empresa por su tipo, descripción o etiquetas.",2026-08-04
af_camara_comercio_granada_entidad,AF,AF-RRHH-002,apoya,2,2,no,"Cámara de Comercio de Granada se relaciona con Aplicar responsabilidad social, igualdad y protección por su tipo, descripción o etiquetas.",2026-08-04
af_camara_comercio_granada_entidad,AF,AF-EMP-001,apoya,3,2,no,"Cámara de Comercio de Granada se relaciona con Preparar candidatura administrativa por su tipo, descripción o etiquetas.",2026-08-04
af_camara_comercio_granada_entidad,AF,AF-SIM-001,apoya,4,3,no,"Cámara de Comercio de Granada se relaciona con Gestionar una empresa simulada de forma integrada por su tipo, descripción o etiquetas.",2026-08-04
af_camara_comercio_granada_entidad,AF,AF-PRJ-001,apoya,5,3,no,"Cámara de Comercio de Granada se relaciona con Diseñar una solución administrativa integral por su tipo, descripción o etiquetas.",2026-08-04
af_cade_granada,AF,AF-EMP-001,apoya,1,2,no,"CADE Granada se relaciona con Preparar candidatura administrativa por su tipo, descripción o etiquetas.",2026-08-04
af_cade_granada,AF,AF-JUR-001,apoya,2,1,no,"CADE Granada se relaciona con Distinguir formas jurídicas y órganos de la empresa por su tipo, descripción o etiquetas.",2026-08-04
af_diputacion_granada_aula_mentor,AF,AF-BAS-002,apoya,1,0,no,"Aula Mentor de la Diputación de Granada se relaciona con Escribir con precisión y usar funciones básicas de Office por su tipo, descripción o etiquetas.",2026-08-04
af_diputacion_granada_aula_mentor,AF,AF-PRJ-001,apoya,2,3,no,"Aula Mentor de la Diputación de Granada se relaciona con Diseñar una solución administrativa integral por su tipo, descripción o etiquetas.",2026-08-04
af_diputacion_granada_aula_mentor,AF,AF-JUR-002,apoya,3,1,no,"Aula Mentor de la Diputación de Granada se relaciona con Preparar trámites de constitución y documentación oficial por su tipo, descripción o etiquetas.",2026-08-04
af_diputacion_granada_aula_mentor,AF,AF-EMP-001,apoya,4,2,no,"Aula Mentor de la Diputación de Granada se relaciona con Preparar candidatura administrativa por su tipo, descripción o etiquetas.",2026-08-04
af_diputacion_granada_aula_mentor,AF,AF-JUR-001,apoya,5,1,no,"Aula Mentor de la Diputación de Granada se relaciona con Distinguir formas jurídicas y órganos de la empresa por su tipo, descripción o etiquetas.",2026-08-04
