competencia_id,ciclo_siglas,orden_global,etapa,bloque,modulo_codigo,modulo_nombre,titulo,descripcion,nivel_objetivo,obligatoria_roadmap_base,basico_antes_de_empezar,horas_estimadas,prerrequisitos_ids,criterios_superacion,evidencia_minima,umbral_superacion,aplicable_a,fuente_titulo_url,fuente_curriculo_url,tipo_criterio,ultima_revision
DAW-BAS-001,DAW,1,0_antes_de_empezar,Competencia digital básica,PRE,Preparación previa,"Gestionar archivos, carpetas y copias de seguridad","Organiza proyectos, descargas y documentos sin perder versiones ni credenciales.",0,sí,sí,3,,Crea una estructura de carpetas coherente para tres proyectos || Comprime y descomprime archivos y localiza extensiones || Recupera una copia anterior o explica cómo restaurarla,Captura o vídeo corto de la estructura y procedimiento de copia,3 de 3 criterios sin ayuda crítica,formación|proyecto|empleo|oportunidad,https://www.juntadeandalucia.es/educacion/portals/web/formacion-profesional-andaluza/cf-grado-superior-detalle-titulo?backURL=%2Feducacion%2Fportals%2Fweb%2Fformacion-profesional-andaluza%2Fgrado-superior-catalogo-de-titulos&idTitulo=2292,https://www.juntadeandalucia.es/boja/2011/149/23,criterio_operativo_AL_LIO_alineado_al_modulo,2026-08-04
DAW-BAS-002,DAW,2,0_antes_de_empezar,Competencia digital básica,PRE,Preparación previa,Usar terminal y comandos esenciales,"Navega, crea, mueve y elimina archivos desde terminal y entiende rutas absolutas y relativas.",0,sí,sí,5,DAW-BAS-001,"Se desplaza entre directorios sin interfaz gráfica || Crea, copia, mueve y elimina archivos de prueba || Explica ruta absoluta, relativa y permisos básicos",Registro de terminal con 10 comandos comentados,80 % de comandos correctos,formación|proyecto|empleo|oportunidad,https://www.juntadeandalucia.es/educacion/portals/web/formacion-profesional-andaluza/cf-grado-superior-detalle-titulo?backURL=%2Feducacion%2Fportals%2Fweb%2Fformacion-profesional-andaluza%2Fgrado-superior-catalogo-de-titulos&idTitulo=2292,https://www.juntadeandalucia.es/boja/2011/149/23,criterio_operativo_AL_LIO_alineado_al_modulo,2026-08-04
DAW-BAS-003,DAW,3,0_antes_de_empezar,Pensamiento lógico,PRE,Preparación previa,Resolver problemas mediante algoritmos simples,"Descompone un problema en entradas, proceso, decisiones, repeticiones y salida.",0,sí,sí,8,,Redacta pseudocódigo de tres problemas cotidianos || Identifica condiciones y bucles necesarios || Prueba casos normales y casos límite,Documento con tres algoritmos y tabla de pruebas,Al menos 2 algoritmos correctos y probados,formación|proyecto|empleo|oportunidad,https://www.juntadeandalucia.es/educacion/portals/web/formacion-profesional-andaluza/cf-grado-superior-detalle-titulo?backURL=%2Feducacion%2Fportals%2Fweb%2Fformacion-profesional-andaluza%2Fgrado-superior-catalogo-de-titulos&idTitulo=2292,https://www.juntadeandalucia.es/boja/2011/149/23,criterio_operativo_AL_LIO_alineado_al_modulo,2026-08-04
DAW-BAS-004,DAW,4,0_antes_de_empezar,Fundamentos de Internet,PRE,Preparación previa,Comprender cómo funciona una aplicación conectada,"Distingue cliente, servidor, red, DNS, HTTP, API, base de datos y despliegue.",0,sí,sí,5,DAW-BAS-003,"Dibuja el recorrido de una petición desde navegador o app hasta servidor || Diferencia frontend, backend y base de datos || Interpreta códigos HTTP comunes y una URL",Diagrama comentado de una aplicación sencilla,80 % de conceptos correctamente relacionados,formación|proyecto|empleo|oportunidad,https://www.juntadeandalucia.es/educacion/portals/web/formacion-profesional-andaluza/cf-grado-superior-detalle-titulo?backURL=%2Feducacion%2Fportals%2Fweb%2Fformacion-profesional-andaluza%2Fgrado-superior-catalogo-de-titulos&idTitulo=2292,https://www.juntadeandalucia.es/boja/2011/149/23,criterio_operativo_AL_LIO_alineado_al_modulo,2026-08-04
DAW-BAS-005,DAW,5,0_antes_de_empezar,Método de estudio técnico,PRE,Preparación previa,Documentar errores y aprender mediante práctica,"Registra hipótesis, pruebas, errores, soluciones y fuentes consultadas.",0,sí,sí,3,,Crea una plantilla de diario técnico || Documenta un error con pasos para reproducirlo || Distingue una fuente primaria de una explicación secundaria,Entrada de diario técnico con error resuelto,"Incluye problema, causa, solución y aprendizaje",formación|proyecto|empleo|oportunidad,https://www.juntadeandalucia.es/educacion/portals/web/formacion-profesional-andaluza/cf-grado-superior-detalle-titulo?backURL=%2Feducacion%2Fportals%2Fweb%2Fformacion-profesional-andaluza%2Fgrado-superior-catalogo-de-titulos&idTitulo=2292,https://www.juntadeandalucia.es/boja/2011/149/23,criterio_operativo_AL_LIO_alineado_al_modulo,2026-08-04
DAW-SI-001,DAW,6,1_fundamentos,Sistemas informáticos,0483,Sistemas informáticos,Instalar y configurar un sistema de trabajo,"Configura usuarios, almacenamiento, software, actualizaciones y un entorno reproducible.",1,sí,no,14,DAW-BAS-001|DAW-BAS-002,"Instala o configura una máquina virtual o entorno equivalente || Crea usuarios y aplica actualizaciones || Documenta requisitos, red y almacenamiento",Guía de instalación reproducible con capturas,Se reproduce sin pasos omitidos críticos,formación|proyecto|empleo|oportunidad,https://www.juntadeandalucia.es/educacion/portals/web/formacion-profesional-andaluza/cf-grado-superior-detalle-titulo?backURL=%2Feducacion%2Fportals%2Fweb%2Fformacion-profesional-andaluza%2Fgrado-superior-catalogo-de-titulos&idTitulo=2292,https://www.juntadeandalucia.es/boja/2011/149/23,criterio_operativo_AL_LIO_alineado_al_modulo,2026-08-04
DAW-SI-002,DAW,7,1_fundamentos,Sistemas informáticos,0483,Sistemas informáticos,Aplicar red y seguridad básica,"Comprende IP, puertos, servicios, permisos, usuarios, copias y secretos.",1,sí,no,12,DAW-SI-001|DAW-BAS-004,"Configura una red local o servicio accesible de forma controlada || Diferencia autenticación, autorización y cifrado || Evita publicar secretos y define una estrategia de copia",Checklist de seguridad aplicado a un entorno de prueba,Sin exposición de credenciales ni permisos inseguros graves,formación|proyecto|empleo|oportunidad,https://www.juntadeandalucia.es/educacion/portals/web/formacion-profesional-andaluza/cf-grado-superior-detalle-titulo?backURL=%2Feducacion%2Fportals%2Fweb%2Fformacion-profesional-andaluza%2Fgrado-superior-catalogo-de-titulos&idTitulo=2292,https://www.juntadeandalucia.es/boja/2011/149/23,criterio_operativo_AL_LIO_alineado_al_modulo,2026-08-04
DAW-BD-001,DAW,8,1_fundamentos,Bases de datos,0484,Bases de Datos,Modelar datos relacionales,"Transforma requisitos en entidades, atributos, relaciones, claves y restricciones.",1,sí,no,18,DAW-BAS-003,"Identifica entidades y relaciones de un caso || Normaliza hasta un diseño razonable || Define claves primarias, foráneas y restricciones",Diagrama entidad-relación y modelo relacional,Modelo sin relaciones ambiguas ni dependencias evidentes,formación|proyecto|empleo|oportunidad,https://www.juntadeandalucia.es/educacion/portals/web/formacion-profesional-andaluza/cf-grado-superior-detalle-titulo?backURL=%2Feducacion%2Fportals%2Fweb%2Fformacion-profesional-andaluza%2Fgrado-superior-catalogo-de-titulos&idTitulo=2292,https://www.juntadeandalucia.es/boja/2011/149/23,criterio_operativo_AL_LIO_alineado_al_modulo,2026-08-04
DAW-BD-002,DAW,9,1_fundamentos,Bases de datos,0484,Bases de Datos,Crear y consultar una base de datos con SQL,"Implementa tablas y resuelve consultas de selección, agregación y combinación.",1,sí,no,24,DAW-BD-001,"Crea tablas con tipos y restricciones correctas || Realiza CRUD y consultas con JOIN || Usa agregaciones, filtros y ordenación sobre datos coherentes",Script SQL ejecutable con datos de prueba y 12 consultas,Al menos 10 consultas correctas,formación|proyecto|empleo|oportunidad,https://www.juntadeandalucia.es/educacion/portals/web/formacion-profesional-andaluza/cf-grado-superior-detalle-titulo?backURL=%2Feducacion%2Fportals%2Fweb%2Fformacion-profesional-andaluza%2Fgrado-superior-catalogo-de-titulos&idTitulo=2292,https://www.juntadeandalucia.es/boja/2011/149/23,criterio_operativo_AL_LIO_alineado_al_modulo,2026-08-04
DAW-BD-003,DAW,10,1_fundamentos,Bases de datos,0484,Bases de Datos,"Mantener integridad, transacciones y acceso seguro","Gestiona transacciones, usuarios, permisos, copias y errores de persistencia.",2,sí,no,14,DAW-BD-002|DAW-SI-002,Demuestra una transacción con confirmación y reversión || Crea un usuario con privilegios mínimos || Realiza y verifica una copia y restauración de prueba,Script y registro de una restauración controlada,Los datos se restauran y los permisos son mínimos,formación|proyecto|empleo|oportunidad,https://www.juntadeandalucia.es/educacion/portals/web/formacion-profesional-andaluza/cf-grado-superior-detalle-titulo?backURL=%2Feducacion%2Fportals%2Fweb%2Fformacion-profesional-andaluza%2Fgrado-superior-catalogo-de-titulos&idTitulo=2292,https://www.juntadeandalucia.es/boja/2011/149/23,criterio_operativo_AL_LIO_alineado_al_modulo,2026-08-04
DAW-PRO-001,DAW,11,1_fundamentos,Programación,0485,Programación,"Programar con variables, decisiones y bucles","Construye programas de consola con entrada, validación, control de flujo y salida.",1,sí,no,28,DAW-BAS-003,Usa tipos de datos y operadores adecuados || Resuelve decisiones y repeticiones sin bucles infinitos || Valida entradas y prueba casos límite,Tres programas de consola con casos de prueba,80 % de casos de prueba superados,formación|proyecto|empleo|oportunidad,https://www.juntadeandalucia.es/educacion/portals/web/formacion-profesional-andaluza/cf-grado-superior-detalle-titulo?backURL=%2Feducacion%2Fportals%2Fweb%2Fformacion-profesional-andaluza%2Fgrado-superior-catalogo-de-titulos&idTitulo=2292,https://www.juntadeandalucia.es/boja/2011/149/23,criterio_operativo_AL_LIO_alineado_al_modulo,2026-08-04
DAW-PRO-002,DAW,12,1_fundamentos,Programación,0485,Programación,Diseñar funciones y trabajar con colecciones,"Divide el problema en funciones, maneja arrays o colecciones y evita duplicación.",1,sí,no,24,DAW-PRO-001,"Separa responsabilidades en funciones pequeñas || Recorre y transforma colecciones correctamente || Gestiona búsquedas, ordenación o agregación básica",Aplicación de consola modular con colección de objetos o datos,Código sin duplicación relevante y pruebas mínimas,formación|proyecto|empleo|oportunidad,https://www.juntadeandalucia.es/educacion/portals/web/formacion-profesional-andaluza/cf-grado-superior-detalle-titulo?backURL=%2Feducacion%2Fportals%2Fweb%2Fformacion-profesional-andaluza%2Fgrado-superior-catalogo-de-titulos&idTitulo=2292,https://www.juntadeandalucia.es/boja/2011/149/23,criterio_operativo_AL_LIO_alineado_al_modulo,2026-08-04
DAW-PRO-003,DAW,13,1_fundamentos,Programación,0485,Programación,Aplicar programación orientada a objetos,"Modela clases, encapsula estado, usa composición, herencia solo cuando aporta valor e interfaces.",2,sí,no,32,DAW-PRO-002,Define clases con responsabilidades claras || Protege invariantes mediante encapsulación || Usa composición o interfaces y justifica el diseño,Proyecto orientado a objetos con diagrama y README,Cumple requisitos funcionales y no expone estado crítico,formación|proyecto|empleo|oportunidad,https://www.juntadeandalucia.es/educacion/portals/web/formacion-profesional-andaluza/cf-grado-superior-detalle-titulo?backURL=%2Feducacion%2Fportals%2Fweb%2Fformacion-profesional-andaluza%2Fgrado-superior-catalogo-de-titulos&idTitulo=2292,https://www.juntadeandalucia.es/boja/2011/149/23,criterio_operativo_AL_LIO_alineado_al_modulo,2026-08-04
DAW-PRO-004,DAW,14,1_fundamentos,Programación,0485,Programación,"Gestionar errores, ficheros y pruebas","Controla excepciones, persiste información simple y escribe pruebas automatizadas básicas.",2,sí,no,24,DAW-PRO-003,Maneja errores sin ocultarlos ni bloquear la aplicación || Lee y escribe datos de forma segura || Incluye pruebas para lógica importante y casos límite,Repositorio con pruebas y tratamiento de errores,Pruebas principales en verde y errores documentados,formación|proyecto|empleo|oportunidad,https://www.juntadeandalucia.es/educacion/portals/web/formacion-profesional-andaluza/cf-grado-superior-detalle-titulo?backURL=%2Feducacion%2Fportals%2Fweb%2Fformacion-profesional-andaluza%2Fgrado-superior-catalogo-de-titulos&idTitulo=2292,https://www.juntadeandalucia.es/boja/2011/149/23,criterio_operativo_AL_LIO_alineado_al_modulo,2026-08-04
DAW-LM-001,DAW,15,1_fundamentos,Lenguajes de marcas,0373,Lenguajes de marcas y sistemas de gestión de información,Estructurar información con lenguajes de marcas,"Crea documentos HTML, XML o JSON válidos, bien estructurados y transformables.",1,sí,no,16,DAW-BAS-004,"Usa estructura semántica y validable || Diferencia HTML, XML y JSON y sus casos de uso || Interpreta o genera datos estructurados",Conjunto de documentos validados y ejemplo de consumo,Sin errores estructurales graves,formación|proyecto|empleo|oportunidad,https://www.juntadeandalucia.es/educacion/portals/web/formacion-profesional-andaluza/cf-grado-superior-detalle-titulo?backURL=%2Feducacion%2Fportals%2Fweb%2Fformacion-profesional-andaluza%2Fgrado-superior-catalogo-de-titulos&idTitulo=2292,https://www.juntadeandalucia.es/boja/2011/149/23,criterio_operativo_AL_LIO_alineado_al_modulo,2026-08-04
DAW-LM-002,DAW,16,1_fundamentos,Lenguajes de marcas,0373,Lenguajes de marcas y sistemas de gestión de información,Presentar información de forma responsive,"Aplica CSS, layout, tipografía y adaptación a móvil con una jerarquía clara.",1,sí,no,20,DAW-LM-001,"Construye un layout con Flexbox o Grid || Se adapta a móvil, tableta y escritorio || Mantiene contraste, legibilidad y consistencia visual",Landing responsive publicada o capturas multiformato,Sin desbordes y con jerarquía visual comprensible,formación|proyecto|empleo|oportunidad,https://www.juntadeandalucia.es/educacion/portals/web/formacion-profesional-andaluza/cf-grado-superior-detalle-titulo?backURL=%2Feducacion%2Fportals%2Fweb%2Fformacion-profesional-andaluza%2Fgrado-superior-catalogo-de-titulos&idTitulo=2292,https://www.juntadeandalucia.es/boja/2011/149/23,criterio_operativo_AL_LIO_alineado_al_modulo,2026-08-04
DAW-ED-001,DAW,17,1_fundamentos,Entornos de desarrollo,0487,Entornos de desarrollo,Usar Git y un flujo de trabajo colaborativo,"Versiona código con commits útiles, ramas, pull requests y resolución básica de conflictos.",1,sí,no,16,DAW-BAS-001,Crea repositorio y commits atómicos con mensajes claros || Trabaja en una rama y abre un pull request || Resuelve un conflicto sencillo sin perder trabajo,"Repositorio con historial, rama y pull request",Historial comprensible y PR revisable,formación|proyecto|empleo|oportunidad,https://www.juntadeandalucia.es/educacion/portals/web/formacion-profesional-andaluza/cf-grado-superior-detalle-titulo?backURL=%2Feducacion%2Fportals%2Fweb%2Fformacion-profesional-andaluza%2Fgrado-superior-catalogo-de-titulos&idTitulo=2292,https://www.juntadeandalucia.es/boja/2011/149/23,criterio_operativo_AL_LIO_alineado_al_modulo,2026-08-04
DAW-ED-002,DAW,18,1_fundamentos,Entornos de desarrollo,0487,Entornos de desarrollo,"Depurar, automatizar y mantener calidad","Configura IDE, formateo, análisis estático, pruebas y una integración continua básica.",2,sí,no,18,DAW-ED-001|DAW-PRO-004,Usa puntos de ruptura e inspección de variables || Configura formato o lint reproducible || Ejecuta pruebas automáticamente en cada cambio relevante,Repositorio con configuración y workflow de pruebas,Pipeline correcto y error reproducible cuando falla una prueba,formación|proyecto|empleo|oportunidad,https://www.juntadeandalucia.es/educacion/portals/web/formacion-profesional-andaluza/cf-grado-superior-detalle-titulo?backURL=%2Feducacion%2Fportals%2Fweb%2Fformacion-profesional-andaluza%2Fgrado-superior-catalogo-de-titulos&idTitulo=2292,https://www.juntadeandalucia.es/boja/2011/149/23,criterio_operativo_AL_LIO_alineado_al_modulo,2026-08-04
DAW-DIG-001,DAW,19,2_aplicacion,Digitalización,1665,Digitalización aplicada a los sectores productivos,"Analizar digitalización, datos e IA de forma responsable","Identifica procesos digitalizables, riesgos, métricas y límites de automatización o IA.",1,sí,no,10,DAW-BAS-004,"Modela un proceso antes y después de digitalizarlo || Identifica datos, riesgos y controles || Justifica cuándo una automatización o IA aporta valor",Mapa de proceso y ficha de riesgos,"Problema, datos, impacto y controles claramente definidos",formación|proyecto|empleo|oportunidad,https://www.juntadeandalucia.es/educacion/portals/web/formacion-profesional-andaluza/cf-grado-superior-detalle-titulo?backURL=%2Feducacion%2Fportals%2Fweb%2Fformacion-profesional-andaluza%2Fgrado-superior-catalogo-de-titulos&idTitulo=2292,https://www.juntadeandalucia.es/boja/2011/149/23,criterio_operativo_AL_LIO_alineado_al_modulo,2026-08-04
DAW-SUS-001,DAW,20,2_aplicacion,Sostenibilidad,1708,Sostenibilidad aplicada al sistema productivo,Aplicar sostenibilidad al desarrollo y operación,"Evalúa consumo, ciclo de vida, accesibilidad, mantenimiento y reducción de desperdicio digital.",1,sí,no,8,DAW-SI-001,Identifica impactos ambientales y sociales de una solución || Propone medidas medibles de mejora || Incluye mantenimiento y fin de vida de datos o infraestructura,Checklist de sostenibilidad aplicado a un proyecto,Incluye al menos 3 mejoras verificables,formación|proyecto|empleo|oportunidad,https://www.juntadeandalucia.es/educacion/portals/web/formacion-profesional-andaluza/cf-grado-superior-detalle-titulo?backURL=%2Feducacion%2Fportals%2Fweb%2Fformacion-profesional-andaluza%2Fgrado-superior-catalogo-de-titulos&idTitulo=2292,https://www.juntadeandalucia.es/boja/2011/149/23,criterio_operativo_AL_LIO_alineado_al_modulo,2026-08-04
DAW-ENG-001,DAW,21,2_aplicacion,Inglés profesional,0179,Inglés profesional (GS),Leer y comunicar información técnica en inglés,"Comprende documentación, incidencias y mensajes técnicos y redacta textos breves profesionales.",1,sí,no,16,DAW-BAS-005,Resume documentación técnica en español || Redacta un issue o README breve en inglés || Explica oralmente una incidencia o decisión técnica,README o issue bilingüe,Mensaje comprensible sin errores que impidan la acción,formación|proyecto|empleo|oportunidad,https://www.juntadeandalucia.es/educacion/portals/web/formacion-profesional-andaluza/cf-grado-superior-detalle-titulo?backURL=%2Feducacion%2Fportals%2Fweb%2Fformacion-profesional-andaluza%2Fgrado-superior-catalogo-de-titulos&idTitulo=2292,https://www.juntadeandalucia.es/boja/2011/149/23,criterio_operativo_AL_LIO_alineado_al_modulo,2026-08-04
DAW-EMP-001,DAW,22,3_empleabilidad,Empleabilidad,1709|1710,Itinerario personal para la empleabilidad I y II,Preparar perfil profesional y candidatura,"Presenta proyectos, adapta CV, analiza ofertas y trabaja con comunicación profesional.",2,sí,no,16,DAW-ED-001|DAW-BAS-005,CV adaptado a un puesto concreto || Perfil GitHub o portfolio con dos evidencias explicadas || Matriz de requisitos y brechas de tres ofertas,"CV, perfil y matriz de brechas",Documentos actualizados y adaptados a un objetivo real,empleo|prácticas|beca|formación_en_empresa,https://www.juntadeandalucia.es/educacion/portals/web/formacion-profesional-andaluza/cf-grado-superior-detalle-titulo?backURL=%2Feducacion%2Fportals%2Fweb%2Fformacion-profesional-andaluza%2Fgrado-superior-catalogo-de-titulos&idTitulo=2292,https://www.juntadeandalucia.es/boja/2011/149/23,criterio_operativo_AL_LIO_alineado_al_modulo,2026-08-04
DAW-PRJ-001,DAW,23,4_proyecto,Proyecto intermodular,PROY,Proyecto intermodular,Planificar y entregar un proyecto integrador,"Define problema, alcance, requisitos, arquitectura, datos, pruebas, despliegue y documentación.",3,sí,no,50,DAW-ED-002|DAW-BD-002|DAW-PRO-004,"El alcance y los criterios de aceptación están definidos || La solución funciona y está versionada || Incluye pruebas, documentación y una demo reproducible","Repositorio, demo, README, pruebas y presentación",Cumple criterios de aceptación y se reproduce desde cero,proyecto|hackathon|portfolio|formación_en_empresa,https://www.juntadeandalucia.es/educacion/portals/web/formacion-profesional-andaluza/cf-grado-superior-detalle-titulo?backURL=%2Feducacion%2Fportals%2Fweb%2Fformacion-profesional-andaluza%2Fgrado-superior-catalogo-de-titulos&idTitulo=2292,https://www.juntadeandalucia.es/boja/2011/149/23,criterio_operativo_AL_LIO_alineado_al_modulo,2026-08-04
DAW-PRJ-002,DAW,24,4_proyecto,Proyecto intermodular,PROY,Proyecto intermodular,Presentar y defender una solución,"Expone problema, usuario, decisiones, demo, resultados, límites y siguientes pasos.",3,sí,no,8,DAW-PRJ-001|DAW-EMP-001,Pitch de 3 a 5 minutos con estructura || Demo sin depender de pasos improvisados || Responde preguntas técnicas y reconoce límites,Vídeo de pitch o presentación en directo,"Mensaje claro, demo funcional y respuestas coherentes",hackathon|evento|proyecto|entrevista,https://www.juntadeandalucia.es/educacion/portals/web/formacion-profesional-andaluza/cf-grado-superior-detalle-titulo?backURL=%2Feducacion%2Fportals%2Fweb%2Fformacion-profesional-andaluza%2Fgrado-superior-catalogo-de-titulos&idTitulo=2292,https://www.juntadeandalucia.es/boja/2011/149/23,criterio_operativo_AL_LIO_alineado_al_modulo,2026-08-04
DAW-CLI-001,DAW,25,2_aplicacion,Desarrollo web cliente,0612,Desarrollo web en entorno cliente,Programar interacción con JavaScript en el navegador,"Manipula DOM, eventos, formularios, módulos y almacenamiento local sin acoplamiento innecesario.",2,sí,no,28,DAW-PRO-002|DAW-LM-002,Manipula contenido y eventos sin recargas innecesarias || Valida formularios y muestra errores accesibles || Organiza código en módulos y evita variables globales,Aplicación web interactiva con formularios y estado local,Flujo principal y errores controlados,formación|proyecto|empleo|oportunidad,https://www.juntadeandalucia.es/educacion/portals/web/formacion-profesional-andaluza/cf-grado-superior-detalle-titulo?backURL=%2Feducacion%2Fportals%2Fweb%2Fformacion-profesional-andaluza%2Fgrado-superior-catalogo-de-titulos&idTitulo=2292,https://www.juntadeandalucia.es/boja/2011/149/23,criterio_operativo_AL_LIO_alineado_al_modulo,2026-08-04
DAW-CLI-002,DAW,26,2_aplicacion,Desarrollo web cliente,0612,Desarrollo web en entorno cliente,Consumir APIs y gestionar asincronía,"Realiza peticiones HTTP, controla carga, error y cancelación y transforma respuestas.",2,sí,no,24,DAW-CLI-001|DAW-BAS-004,"Consume una API con estados de carga, éxito y error || Valida y transforma la respuesta antes de mostrarla || Evita exponer claves y documenta límites de la API",Cliente web conectado a una API pública o propia,Todos los estados visibles y errores recuperables,formación|proyecto|empleo|oportunidad,https://www.juntadeandalucia.es/educacion/portals/web/formacion-profesional-andaluza/cf-grado-superior-detalle-titulo?backURL=%2Feducacion%2Fportals%2Fweb%2Fformacion-profesional-andaluza%2Fgrado-superior-catalogo-de-titulos&idTitulo=2292,https://www.juntadeandalucia.es/boja/2011/149/23,criterio_operativo_AL_LIO_alineado_al_modulo,2026-08-04
DAW-CLI-003,DAW,27,2_aplicacion,Desarrollo web cliente,0612,Desarrollo web en entorno cliente,Construir interfaces basadas en componentes,"Divide la interfaz en componentes, gestiona estado y navegación y evita duplicación.",3,sí,no,30,DAW-CLI-002|DAW-ED-002,Los componentes tienen responsabilidades claras || El estado se ubica en el nivel adecuado || La navegación y formularios mantienen consistencia,Aplicación de varias vistas con componentes reutilizables,Flujos principales sin estado incoherente,formación|proyecto|empleo|oportunidad,https://www.juntadeandalucia.es/educacion/portals/web/formacion-profesional-andaluza/cf-grado-superior-detalle-titulo?backURL=%2Feducacion%2Fportals%2Fweb%2Fformacion-profesional-andaluza%2Fgrado-superior-catalogo-de-titulos&idTitulo=2292,https://www.juntadeandalucia.es/boja/2011/149/23,criterio_operativo_AL_LIO_alineado_al_modulo,2026-08-04
DAW-SRV-001,DAW,28,2_aplicacion,Desarrollo web servidor,0613,Desarrollo web en entorno servidor,"Crear rutas, validación y lógica de servidor","Implementa endpoints o controladores, valida datos y separa presentación, negocio y persistencia.",2,sí,no,30,DAW-PRO-003|DAW-BD-002|DAW-BAS-004,Define rutas y métodos HTTP coherentes || Valida entrada en servidor y devuelve errores útiles || Separa reglas de negocio de acceso a datos,Backend con CRUD validado y documentación de endpoints,Casos correctos e incorrectos probados,formación|proyecto|empleo|oportunidad,https://www.juntadeandalucia.es/educacion/portals/web/formacion-profesional-andaluza/cf-grado-superior-detalle-titulo?backURL=%2Feducacion%2Fportals%2Fweb%2Fformacion-profesional-andaluza%2Fgrado-superior-catalogo-de-titulos&idTitulo=2292,https://www.juntadeandalucia.es/boja/2011/149/23,criterio_operativo_AL_LIO_alineado_al_modulo,2026-08-04
DAW-SRV-002,DAW,29,2_aplicacion,Desarrollo web servidor,0613,Desarrollo web en entorno servidor,Implementar autenticación y autorización seguras,"Gestiona identidad, sesiones o tokens, roles, contraseñas y protección de rutas.",3,sí,no,24,DAW-SRV-001|DAW-SI-002,"Las contraseñas no se almacenan en claro || Las rutas verifican identidad y permisos || Se controlan sesión, expiración y errores sin filtrar secretos","Aplicación con login, roles y pruebas de acceso",Un usuario no autorizado no accede a recursos protegidos,formación|proyecto|empleo|oportunidad,https://www.juntadeandalucia.es/educacion/portals/web/formacion-profesional-andaluza/cf-grado-superior-detalle-titulo?backURL=%2Feducacion%2Fportals%2Fweb%2Fformacion-profesional-andaluza%2Fgrado-superior-catalogo-de-titulos&idTitulo=2292,https://www.juntadeandalucia.es/boja/2011/149/23,criterio_operativo_AL_LIO_alineado_al_modulo,2026-08-04
DAW-SRV-003,DAW,30,2_aplicacion,Desarrollo web servidor,0613,Desarrollo web en entorno servidor,Persistir datos y exponer una API mantenible,"Integra base de datos, migraciones, transacciones, paginación y documentación de API.",3,sí,no,30,DAW-SRV-001|DAW-BD-003,"Usa migraciones o scripts reproducibles || Gestiona relaciones y transacciones críticas || Documenta contrato, paginación y errores",API persistente con esquema y colección de pruebas,Datos consistentes y contrato reproducible,formación|proyecto|empleo|oportunidad,https://www.juntadeandalucia.es/educacion/portals/web/formacion-profesional-andaluza/cf-grado-superior-detalle-titulo?backURL=%2Feducacion%2Fportals%2Fweb%2Fformacion-profesional-andaluza%2Fgrado-superior-catalogo-de-titulos&idTitulo=2292,https://www.juntadeandalucia.es/boja/2011/149/23,criterio_operativo_AL_LIO_alineado_al_modulo,2026-08-04
DAW-DEP-001,DAW,31,2_aplicacion,Despliegue,0614,Despliegue de aplicaciones web,Desplegar una aplicación web con configuración segura,"Configura dominio, HTTPS, variables de entorno, servidor y observabilidad básica.",3,sí,no,24,DAW-SRV-001|DAW-SI-002,La aplicación es accesible por HTTPS || Los secretos se gestionan fuera del repositorio || Existe procedimiento de despliegue y reversión,URL de demo y guía de despliegue,Despliegue reproducible sin secretos expuestos,formación|proyecto|empleo|oportunidad,https://www.juntadeandalucia.es/educacion/portals/web/formacion-profesional-andaluza/cf-grado-superior-detalle-titulo?backURL=%2Feducacion%2Fportals%2Fweb%2Fformacion-profesional-andaluza%2Fgrado-superior-catalogo-de-titulos&idTitulo=2292,https://www.juntadeandalucia.es/boja/2011/149/23,criterio_operativo_AL_LIO_alineado_al_modulo,2026-08-04
DAW-DEP-002,DAW,32,2_aplicacion,Despliegue,0614,Despliegue de aplicaciones web,Contenerizar y automatizar entrega,"Crea contenedores, servicios relacionados y pipeline de construcción, pruebas y despliegue.",3,sí,no,24,DAW-DEP-001|DAW-ED-002,La aplicación se inicia con un comando documentado || Los servicios usan configuración y volúmenes coherentes || El pipeline bloquea una entrega con pruebas fallidas,"Dockerfile, compose y workflow CI",Build limpio y arranque reproducible,formación|proyecto|empleo|oportunidad,https://www.juntadeandalucia.es/educacion/portals/web/formacion-profesional-andaluza/cf-grado-superior-detalle-titulo?backURL=%2Feducacion%2Fportals%2Fweb%2Fformacion-profesional-andaluza%2Fgrado-superior-catalogo-de-titulos&idTitulo=2292,https://www.juntadeandalucia.es/boja/2011/149/23,criterio_operativo_AL_LIO_alineado_al_modulo,2026-08-04
DAW-UI-001,DAW,33,2_aplicacion,Diseño de interfaces,0615,Diseño de interfaces WEB,Diseñar experiencias usables y coherentes,"Define arquitectura de información, componentes, estados y navegación centrados en tareas.",2,sí,no,22,DAW-LM-002,"La jerarquía permite completar la tarea principal || Contempla estados vacío, carga, error y éxito || Usa patrones y componentes consistentes",Prototipo y pantalla implementada con estados,Prueba con al menos 3 tareas sin bloqueo crítico,formación|proyecto|empleo|oportunidad,https://www.juntadeandalucia.es/educacion/portals/web/formacion-profesional-andaluza/cf-grado-superior-detalle-titulo?backURL=%2Feducacion%2Fportals%2Fweb%2Fformacion-profesional-andaluza%2Fgrado-superior-catalogo-de-titulos&idTitulo=2292,https://www.juntadeandalucia.es/boja/2011/149/23,criterio_operativo_AL_LIO_alineado_al_modulo,2026-08-04
DAW-UI-002,DAW,34,2_aplicacion,Diseño de interfaces,0615,Diseño de interfaces WEB,Aplicar accesibilidad web verificable,"Usa HTML semántico, teclado, foco, etiquetas, contraste y mensajes comprensibles.",2,sí,no,18,DAW-LM-001|DAW-UI-001,Toda interacción esencial funciona con teclado || Formularios e imágenes tienen alternativas adecuadas || Contraste y foco cumplen una revisión automatizada y manual,Informe de auditoría y correcciones,Sin barreras críticas en flujo principal,formación|proyecto|empleo|oportunidad,https://www.juntadeandalucia.es/educacion/portals/web/formacion-profesional-andaluza/cf-grado-superior-detalle-titulo?backURL=%2Feducacion%2Fportals%2Fweb%2Fformacion-profesional-andaluza%2Fgrado-superior-catalogo-de-titulos&idTitulo=2292,https://www.juntadeandalucia.es/boja/2011/149/23,criterio_operativo_AL_LIO_alineado_al_modulo,2026-08-04
DAW-UI-003,DAW,35,2_aplicacion,Diseño de interfaces,0615,Diseño de interfaces WEB,"Optimizar rendimiento, SEO técnico y compatibilidad","Reduce peso y bloqueos, usa metadatos, rutas rastreables y pruebas en navegadores.",3,sí,no,18,DAW-CLI-002|DAW-UI-002,Optimiza imágenes y carga de recursos || Incluye metadatos y estructura indexable cuando procede || Comprueba rendimiento y compatibilidad del flujo principal,Informe antes/después con métricas y cambios,Mejora medible y ausencia de errores críticos,formación|proyecto|empleo|oportunidad,https://www.juntadeandalucia.es/educacion/portals/web/formacion-profesional-andaluza/cf-grado-superior-detalle-titulo?backURL=%2Feducacion%2Fportals%2Fweb%2Fformacion-profesional-andaluza%2Fgrado-superior-catalogo-de-titulos&idTitulo=2292,https://www.juntadeandalucia.es/boja/2011/149/23,criterio_operativo_AL_LIO_alineado_al_modulo,2026-08-04
DAM-BAS-001,DAM,1,0_antes_de_empezar,Competencia digital básica,PRE,Preparación previa,"Gestionar archivos, carpetas y copias de seguridad","Organiza proyectos, descargas y documentos sin perder versiones ni credenciales.",0,sí,sí,3,,Crea una estructura de carpetas coherente para tres proyectos || Comprime y descomprime archivos y localiza extensiones || Recupera una copia anterior o explica cómo restaurarla,Captura o vídeo corto de la estructura y procedimiento de copia,3 de 3 criterios sin ayuda crítica,formación|proyecto|empleo|oportunidad,https://www.juntadeandalucia.es/educacion/portals/web/formacion-profesional-andaluza/cf-grado-superior-detalle-titulo?backURL=%2Feducacion%2Fportales%2Fweb%2Fformacion-profesional-andaluza%2Fgrado-superior-catalogo-de-titulos&idTitulo=2291,https://www.juntadeandalucia.es/boja/2011/142/20,criterio_operativo_AL_LIO_alineado_al_modulo,2026-08-04
DAM-BAS-002,DAM,2,0_antes_de_empezar,Competencia digital básica,PRE,Preparación previa,Usar terminal y comandos esenciales,"Navega, crea, mueve y elimina archivos desde terminal y entiende rutas absolutas y relativas.",0,sí,sí,5,DAM-BAS-001,"Se desplaza entre directorios sin interfaz gráfica || Crea, copia, mueve y elimina archivos de prueba || Explica ruta absoluta, relativa y permisos básicos",Registro de terminal con 10 comandos comentados,80 % de comandos correctos,formación|proyecto|empleo|oportunidad,https://www.juntadeandalucia.es/educacion/portals/web/formacion-profesional-andaluza/cf-grado-superior-detalle-titulo?backURL=%2Feducacion%2Fportales%2Fweb%2Fformacion-profesional-andaluza%2Fgrado-superior-catalogo-de-titulos&idTitulo=2291,https://www.juntadeandalucia.es/boja/2011/142/20,criterio_operativo_AL_LIO_alineado_al_modulo,2026-08-04
DAM-BAS-003,DAM,3,0_antes_de_empezar,Pensamiento lógico,PRE,Preparación previa,Resolver problemas mediante algoritmos simples,"Descompone un problema en entradas, proceso, decisiones, repeticiones y salida.",0,sí,sí,8,,Redacta pseudocódigo de tres problemas cotidianos || Identifica condiciones y bucles necesarios || Prueba casos normales y casos límite,Documento con tres algoritmos y tabla de pruebas,Al menos 2 algoritmos correctos y probados,formación|proyecto|empleo|oportunidad,https://www.juntadeandalucia.es/educacion/portals/web/formacion-profesional-andaluza/cf-grado-superior-detalle-titulo?backURL=%2Feducacion%2Fportales%2Fweb%2Fformacion-profesional-andaluza%2Fgrado-superior-catalogo-de-titulos&idTitulo=2291,https://www.juntadeandalucia.es/boja/2011/142/20,criterio_operativo_AL_LIO_alineado_al_modulo,2026-08-04
DAM-BAS-004,DAM,4,0_antes_de_empezar,Fundamentos de Internet,PRE,Preparación previa,Comprender cómo funciona una aplicación conectada,"Distingue cliente, servidor, red, DNS, HTTP, API, base de datos y despliegue.",0,sí,sí,5,DAM-BAS-003,"Dibuja el recorrido de una petición desde navegador o app hasta servidor || Diferencia frontend, backend y base de datos || Interpreta códigos HTTP comunes y una URL",Diagrama comentado de una aplicación sencilla,80 % de conceptos correctamente relacionados,formación|proyecto|empleo|oportunidad,https://www.juntadeandalucia.es/educacion/portals/web/formacion-profesional-andaluza/cf-grado-superior-detalle-titulo?backURL=%2Feducacion%2Fportales%2Fweb%2Fformacion-profesional-andaluza%2Fgrado-superior-catalogo-de-titulos&idTitulo=2291,https://www.juntadeandalucia.es/boja/2011/142/20,criterio_operativo_AL_LIO_alineado_al_modulo,2026-08-04
DAM-BAS-005,DAM,5,0_antes_de_empezar,Método de estudio técnico,PRE,Preparación previa,Documentar errores y aprender mediante práctica,"Registra hipótesis, pruebas, errores, soluciones y fuentes consultadas.",0,sí,sí,3,,Crea una plantilla de diario técnico || Documenta un error con pasos para reproducirlo || Distingue una fuente primaria de una explicación secundaria,Entrada de diario técnico con error resuelto,"Incluye problema, causa, solución y aprendizaje",formación|proyecto|empleo|oportunidad,https://www.juntadeandalucia.es/educacion/portals/web/formacion-profesional-andaluza/cf-grado-superior-detalle-titulo?backURL=%2Feducacion%2Fportales%2Fweb%2Fformacion-profesional-andaluza%2Fgrado-superior-catalogo-de-titulos&idTitulo=2291,https://www.juntadeandalucia.es/boja/2011/142/20,criterio_operativo_AL_LIO_alineado_al_modulo,2026-08-04
DAM-SI-001,DAM,6,1_fundamentos,Sistemas informáticos,0483,Sistemas informáticos,Instalar y configurar un sistema de trabajo,"Configura usuarios, almacenamiento, software, actualizaciones y un entorno reproducible.",1,sí,no,14,DAM-BAS-001|DAM-BAS-002,"Instala o configura una máquina virtual o entorno equivalente || Crea usuarios y aplica actualizaciones || Documenta requisitos, red y almacenamiento",Guía de instalación reproducible con capturas,Se reproduce sin pasos omitidos críticos,formación|proyecto|empleo|oportunidad,https://www.juntadeandalucia.es/educacion/portals/web/formacion-profesional-andaluza/cf-grado-superior-detalle-titulo?backURL=%2Feducacion%2Fportales%2Fweb%2Fformacion-profesional-andaluza%2Fgrado-superior-catalogo-de-titulos&idTitulo=2291,https://www.juntadeandalucia.es/boja/2011/142/20,criterio_operativo_AL_LIO_alineado_al_modulo,2026-08-04
DAM-SI-002,DAM,7,1_fundamentos,Sistemas informáticos,0483,Sistemas informáticos,Aplicar red y seguridad básica,"Comprende IP, puertos, servicios, permisos, usuarios, copias y secretos.",1,sí,no,12,DAM-SI-001|DAM-BAS-004,"Configura una red local o servicio accesible de forma controlada || Diferencia autenticación, autorización y cifrado || Evita publicar secretos y define una estrategia de copia",Checklist de seguridad aplicado a un entorno de prueba,Sin exposición de credenciales ni permisos inseguros graves,formación|proyecto|empleo|oportunidad,https://www.juntadeandalucia.es/educacion/portals/web/formacion-profesional-andaluza/cf-grado-superior-detalle-titulo?backURL=%2Feducacion%2Fportales%2Fweb%2Fformacion-profesional-andaluza%2Fgrado-superior-catalogo-de-titulos&idTitulo=2291,https://www.juntadeandalucia.es/boja/2011/142/20,criterio_operativo_AL_LIO_alineado_al_modulo,2026-08-04
DAM-BD-001,DAM,8,1_fundamentos,Bases de datos,0484,Bases de Datos,Modelar datos relacionales,"Transforma requisitos en entidades, atributos, relaciones, claves y restricciones.",1,sí,no,18,DAM-BAS-003,"Identifica entidades y relaciones de un caso || Normaliza hasta un diseño razonable || Define claves primarias, foráneas y restricciones",Diagrama entidad-relación y modelo relacional,Modelo sin relaciones ambiguas ni dependencias evidentes,formación|proyecto|empleo|oportunidad,https://www.juntadeandalucia.es/educacion/portals/web/formacion-profesional-andaluza/cf-grado-superior-detalle-titulo?backURL=%2Feducacion%2Fportales%2Fweb%2Fformacion-profesional-andaluza%2Fgrado-superior-catalogo-de-titulos&idTitulo=2291,https://www.juntadeandalucia.es/boja/2011/142/20,criterio_operativo_AL_LIO_alineado_al_modulo,2026-08-04
DAM-BD-002,DAM,9,1_fundamentos,Bases de datos,0484,Bases de Datos,Crear y consultar una base de datos con SQL,"Implementa tablas y resuelve consultas de selección, agregación y combinación.",1,sí,no,24,DAM-BD-001,"Crea tablas con tipos y restricciones correctas || Realiza CRUD y consultas con JOIN || Usa agregaciones, filtros y ordenación sobre datos coherentes",Script SQL ejecutable con datos de prueba y 12 consultas,Al menos 10 consultas correctas,formación|proyecto|empleo|oportunidad,https://www.juntadeandalucia.es/educacion/portals/web/formacion-profesional-andaluza/cf-grado-superior-detalle-titulo?backURL=%2Feducacion%2Fportales%2Fweb%2Fformacion-profesional-andaluza%2Fgrado-superior-catalogo-de-titulos&idTitulo=2291,https://www.juntadeandalucia.es/boja/2011/142/20,criterio_operativo_AL_LIO_alineado_al_modulo,2026-08-04
DAM-BD-003,DAM,10,1_fundamentos,Bases de datos,0484,Bases de Datos,"Mantener integridad, transacciones y acceso seguro","Gestiona transacciones, usuarios, permisos, copias y errores de persistencia.",2,sí,no,14,DAM-BD-002|DAM-SI-002,Demuestra una transacción con confirmación y reversión || Crea un usuario con privilegios mínimos || Realiza y verifica una copia y restauración de prueba,Script y registro de una restauración controlada,Los datos se restauran y los permisos son mínimos,formación|proyecto|empleo|oportunidad,https://www.juntadeandalucia.es/educacion/portals/web/formacion-profesional-andaluza/cf-grado-superior-detalle-titulo?backURL=%2Feducacion%2Fportales%2Fweb%2Fformacion-profesional-andaluza%2Fgrado-superior-catalogo-de-titulos&idTitulo=2291,https://www.juntadeandalucia.es/boja/2011/142/20,criterio_operativo_AL_LIO_alineado_al_modulo,2026-08-04
DAM-PRO-001,DAM,11,1_fundamentos,Programación,0485,Programación,"Programar con variables, decisiones y bucles","Construye programas de consola con entrada, validación, control de flujo y salida.",1,sí,no,28,DAM-BAS-003,Usa tipos de datos y operadores adecuados || Resuelve decisiones y repeticiones sin bucles infinitos || Valida entradas y prueba casos límite,Tres programas de consola con casos de prueba,80 % de casos de prueba superados,formación|proyecto|empleo|oportunidad,https://www.juntadeandalucia.es/educacion/portals/web/formacion-profesional-andaluza/cf-grado-superior-detalle-titulo?backURL=%2Feducacion%2Fportales%2Fweb%2Fformacion-profesional-andaluza%2Fgrado-superior-catalogo-de-titulos&idTitulo=2291,https://www.juntadeandalucia.es/boja/2011/142/20,criterio_operativo_AL_LIO_alineado_al_modulo,2026-08-04
DAM-PRO-002,DAM,12,1_fundamentos,Programación,0485,Programación,Diseñar funciones y trabajar con colecciones,"Divide el problema en funciones, maneja arrays o colecciones y evita duplicación.",1,sí,no,24,DAM-PRO-001,"Separa responsabilidades en funciones pequeñas || Recorre y transforma colecciones correctamente || Gestiona búsquedas, ordenación o agregación básica",Aplicación de consola modular con colección de objetos o datos,Código sin duplicación relevante y pruebas mínimas,formación|proyecto|empleo|oportunidad,https://www.juntadeandalucia.es/educacion/portals/web/formacion-profesional-andaluza/cf-grado-superior-detalle-titulo?backURL=%2Feducacion%2Fportales%2Fweb%2Fformacion-profesional-andaluza%2Fgrado-superior-catalogo-de-titulos&idTitulo=2291,https://www.juntadeandalucia.es/boja/2011/142/20,criterio_operativo_AL_LIO_alineado_al_modulo,2026-08-04
DAM-PRO-003,DAM,13,1_fundamentos,Programación,0485,Programación,Aplicar programación orientada a objetos,"Modela clases, encapsula estado, usa composición, herencia solo cuando aporta valor e interfaces.",2,sí,no,32,DAM-PRO-002,Define clases con responsabilidades claras || Protege invariantes mediante encapsulación || Usa composición o interfaces y justifica el diseño,Proyecto orientado a objetos con diagrama y README,Cumple requisitos funcionales y no expone estado crítico,formación|proyecto|empleo|oportunidad,https://www.juntadeandalucia.es/educacion/portals/web/formacion-profesional-andaluza/cf-grado-superior-detalle-titulo?backURL=%2Feducacion%2Fportales%2Fweb%2Fformacion-profesional-andaluza%2Fgrado-superior-catalogo-de-titulos&idTitulo=2291,https://www.juntadeandalucia.es/boja/2011/142/20,criterio_operativo_AL_LIO_alineado_al_modulo,2026-08-04
DAM-PRO-004,DAM,14,1_fundamentos,Programación,0485,Programación,"Gestionar errores, ficheros y pruebas","Controla excepciones, persiste información simple y escribe pruebas automatizadas básicas.",2,sí,no,24,DAM-PRO-003,Maneja errores sin ocultarlos ni bloquear la aplicación || Lee y escribe datos de forma segura || Incluye pruebas para lógica importante y casos límite,Repositorio con pruebas y tratamiento de errores,Pruebas principales en verde y errores documentados,formación|proyecto|empleo|oportunidad,https://www.juntadeandalucia.es/educacion/portals/web/formacion-profesional-andaluza/cf-grado-superior-detalle-titulo?backURL=%2Feducacion%2Fportales%2Fweb%2Fformacion-profesional-andaluza%2Fgrado-superior-catalogo-de-titulos&idTitulo=2291,https://www.juntadeandalucia.es/boja/2011/142/20,criterio_operativo_AL_LIO_alineado_al_modulo,2026-08-04
DAM-LM-001,DAM,15,1_fundamentos,Lenguajes de marcas,0373,Lenguajes de marcas y sistemas de gestión de información,Estructurar información con lenguajes de marcas,"Crea documentos HTML, XML o JSON válidos, bien estructurados y transformables.",1,sí,no,16,DAM-BAS-004,"Usa estructura semántica y validable || Diferencia HTML, XML y JSON y sus casos de uso || Interpreta o genera datos estructurados",Conjunto de documentos validados y ejemplo de consumo,Sin errores estructurales graves,formación|proyecto|empleo|oportunidad,https://www.juntadeandalucia.es/educacion/portals/web/formacion-profesional-andaluza/cf-grado-superior-detalle-titulo?backURL=%2Feducacion%2Fportales%2Fweb%2Fformacion-profesional-andaluza%2Fgrado-superior-catalogo-de-titulos&idTitulo=2291,https://www.juntadeandalucia.es/boja/2011/142/20,criterio_operativo_AL_LIO_alineado_al_modulo,2026-08-04
DAM-LM-002,DAM,16,1_fundamentos,Lenguajes de marcas,0373,Lenguajes de marcas y sistemas de gestión de información,Presentar información de forma responsive,"Aplica CSS, layout, tipografía y adaptación a móvil con una jerarquía clara.",1,sí,no,20,DAM-LM-001,"Construye un layout con Flexbox o Grid || Se adapta a móvil, tableta y escritorio || Mantiene contraste, legibilidad y consistencia visual",Landing responsive publicada o capturas multiformato,Sin desbordes y con jerarquía visual comprensible,formación|proyecto|empleo|oportunidad,https://www.juntadeandalucia.es/educacion/portals/web/formacion-profesional-andaluza/cf-grado-superior-detalle-titulo?backURL=%2Feducacion%2Fportales%2Fweb%2Fformacion-profesional-andaluza%2Fgrado-superior-catalogo-de-titulos&idTitulo=2291,https://www.juntadeandalucia.es/boja/2011/142/20,criterio_operativo_AL_LIO_alineado_al_modulo,2026-08-04
DAM-ED-001,DAM,17,1_fundamentos,Entornos de desarrollo,0487,Entornos de desarrollo,Usar Git y un flujo de trabajo colaborativo,"Versiona código con commits útiles, ramas, pull requests y resolución básica de conflictos.",1,sí,no,16,DAM-BAS-001,Crea repositorio y commits atómicos con mensajes claros || Trabaja en una rama y abre un pull request || Resuelve un conflicto sencillo sin perder trabajo,"Repositorio con historial, rama y pull request",Historial comprensible y PR revisable,formación|proyecto|empleo|oportunidad,https://www.juntadeandalucia.es/educacion/portals/web/formacion-profesional-andaluza/cf-grado-superior-detalle-titulo?backURL=%2Feducacion%2Fportales%2Fweb%2Fformacion-profesional-andaluza%2Fgrado-superior-catalogo-de-titulos&idTitulo=2291,https://www.juntadeandalucia.es/boja/2011/142/20,criterio_operativo_AL_LIO_alineado_al_modulo,2026-08-04
DAM-ED-002,DAM,18,1_fundamentos,Entornos de desarrollo,0487,Entornos de desarrollo,"Depurar, automatizar y mantener calidad","Configura IDE, formateo, análisis estático, pruebas y una integración continua básica.",2,sí,no,18,DAM-ED-001|DAM-PRO-004,Usa puntos de ruptura e inspección de variables || Configura formato o lint reproducible || Ejecuta pruebas automáticamente en cada cambio relevante,Repositorio con configuración y workflow de pruebas,Pipeline correcto y error reproducible cuando falla una prueba,formación|proyecto|empleo|oportunidad,https://www.juntadeandalucia.es/educacion/portals/web/formacion-profesional-andaluza/cf-grado-superior-detalle-titulo?backURL=%2Feducacion%2Fportales%2Fweb%2Fformacion-profesional-andaluza%2Fgrado-superior-catalogo-de-titulos&idTitulo=2291,https://www.juntadeandalucia.es/boja/2011/142/20,criterio_operativo_AL_LIO_alineado_al_modulo,2026-08-04
DAM-DIG-001,DAM,19,2_aplicacion,Digitalización,1665,Digitalización aplicada a los sectores productivos,"Analizar digitalización, datos e IA de forma responsable","Identifica procesos digitalizables, riesgos, métricas y límites de automatización o IA.",1,sí,no,10,DAM-BAS-004,"Modela un proceso antes y después de digitalizarlo || Identifica datos, riesgos y controles || Justifica cuándo una automatización o IA aporta valor",Mapa de proceso y ficha de riesgos,"Problema, datos, impacto y controles claramente definidos",formación|proyecto|empleo|oportunidad,https://www.juntadeandalucia.es/educacion/portals/web/formacion-profesional-andaluza/cf-grado-superior-detalle-titulo?backURL=%2Feducacion%2Fportales%2Fweb%2Fformacion-profesional-andaluza%2Fgrado-superior-catalogo-de-titulos&idTitulo=2291,https://www.juntadeandalucia.es/boja/2011/142/20,criterio_operativo_AL_LIO_alineado_al_modulo,2026-08-04
DAM-SUS-001,DAM,20,2_aplicacion,Sostenibilidad,1708,Sostenibilidad aplicada al sistema productivo,Aplicar sostenibilidad al desarrollo y operación,"Evalúa consumo, ciclo de vida, accesibilidad, mantenimiento y reducción de desperdicio digital.",1,sí,no,8,DAM-SI-001,Identifica impactos ambientales y sociales de una solución || Propone medidas medibles de mejora || Incluye mantenimiento y fin de vida de datos o infraestructura,Checklist de sostenibilidad aplicado a un proyecto,Incluye al menos 3 mejoras verificables,formación|proyecto|empleo|oportunidad,https://www.juntadeandalucia.es/educacion/portals/web/formacion-profesional-andaluza/cf-grado-superior-detalle-titulo?backURL=%2Feducacion%2Fportales%2Fweb%2Fformacion-profesional-andaluza%2Fgrado-superior-catalogo-de-titulos&idTitulo=2291,https://www.juntadeandalucia.es/boja/2011/142/20,criterio_operativo_AL_LIO_alineado_al_modulo,2026-08-04
DAM-ENG-001,DAM,21,2_aplicacion,Inglés profesional,0179,Inglés profesional (GS),Leer y comunicar información técnica en inglés,"Comprende documentación, incidencias y mensajes técnicos y redacta textos breves profesionales.",1,sí,no,16,DAM-BAS-005,Resume documentación técnica en español || Redacta un issue o README breve en inglés || Explica oralmente una incidencia o decisión técnica,README o issue bilingüe,Mensaje comprensible sin errores que impidan la acción,formación|proyecto|empleo|oportunidad,https://www.juntadeandalucia.es/educacion/portals/web/formacion-profesional-andaluza/cf-grado-superior-detalle-titulo?backURL=%2Feducacion%2Fportales%2Fweb%2Fformacion-profesional-andaluza%2Fgrado-superior-catalogo-de-titulos&idTitulo=2291,https://www.juntadeandalucia.es/boja/2011/142/20,criterio_operativo_AL_LIO_alineado_al_modulo,2026-08-04
DAM-EMP-001,DAM,22,3_empleabilidad,Empleabilidad,1709|1710,Itinerario personal para la empleabilidad I y II,Preparar perfil profesional y candidatura,"Presenta proyectos, adapta CV, analiza ofertas y trabaja con comunicación profesional.",2,sí,no,16,DAM-ED-001|DAM-BAS-005,CV adaptado a un puesto concreto || Perfil GitHub o portfolio con dos evidencias explicadas || Matriz de requisitos y brechas de tres ofertas,"CV, perfil y matriz de brechas",Documentos actualizados y adaptados a un objetivo real,empleo|prácticas|beca|formación_en_empresa,https://www.juntadeandalucia.es/educacion/portals/web/formacion-profesional-andaluza/cf-grado-superior-detalle-titulo?backURL=%2Feducacion%2Fportales%2Fweb%2Fformacion-profesional-andaluza%2Fgrado-superior-catalogo-de-titulos&idTitulo=2291,https://www.juntadeandalucia.es/boja/2011/142/20,criterio_operativo_AL_LIO_alineado_al_modulo,2026-08-04
DAM-PRJ-001,DAM,23,4_proyecto,Proyecto intermodular,PROY,Proyecto intermodular,Planificar y entregar un proyecto integrador,"Define problema, alcance, requisitos, arquitectura, datos, pruebas, despliegue y documentación.",3,sí,no,50,DAM-ED-002|DAM-BD-002|DAM-PRO-004,"El alcance y los criterios de aceptación están definidos || La solución funciona y está versionada || Incluye pruebas, documentación y una demo reproducible","Repositorio, demo, README, pruebas y presentación",Cumple criterios de aceptación y se reproduce desde cero,proyecto|hackathon|portfolio|formación_en_empresa,https://www.juntadeandalucia.es/educacion/portals/web/formacion-profesional-andaluza/cf-grado-superior-detalle-titulo?backURL=%2Feducacion%2Fportales%2Fweb%2Fformacion-profesional-andaluza%2Fgrado-superior-catalogo-de-titulos&idTitulo=2291,https://www.juntadeandalucia.es/boja/2011/142/20,criterio_operativo_AL_LIO_alineado_al_modulo,2026-08-04
DAM-PRJ-002,DAM,24,4_proyecto,Proyecto intermodular,PROY,Proyecto intermodular,Presentar y defender una solución,"Expone problema, usuario, decisiones, demo, resultados, límites y siguientes pasos.",3,sí,no,8,DAM-PRJ-001|DAM-EMP-001,Pitch de 3 a 5 minutos con estructura || Demo sin depender de pasos improvisados || Responde preguntas técnicas y reconoce límites,Vídeo de pitch o presentación en directo,"Mensaje claro, demo funcional y respuestas coherentes",hackathon|evento|proyecto|entrevista,https://www.juntadeandalucia.es/educacion/portals/web/formacion-profesional-andaluza/cf-grado-superior-detalle-titulo?backURL=%2Feducacion%2Fportales%2Fweb%2Fformacion-profesional-andaluza%2Fgrado-superior-catalogo-de-titulos&idTitulo=2291,https://www.juntadeandalucia.es/boja/2011/142/20,criterio_operativo_AL_LIO_alineado_al_modulo,2026-08-04
DAM-AD-001,DAM,25,2_aplicacion,Acceso a datos,0486,Acceso a datos,Conectar aplicaciones a bases de datos,"Implementa conexiones, consultas parametrizadas, mapeo y gestión de recursos.",2,sí,no,26,DAM-BD-003|DAM-PRO-003,Usa consultas parametrizadas o mecanismo equivalente || Libera recursos y gestiona errores de acceso || Mapea datos sin mezclar responsabilidades,Aplicación CRUD conectada a base de datos,CRUD completo sin inyección ni fugas evidentes,formación|proyecto|empleo|oportunidad,https://www.juntadeandalucia.es/educacion/portals/web/formacion-profesional-andaluza/cf-grado-superior-detalle-titulo?backURL=%2Feducacion%2Fportales%2Fweb%2Fformacion-profesional-andaluza%2Fgrado-superior-catalogo-de-titulos&idTitulo=2291,https://www.juntadeandalucia.es/boja/2011/142/20,criterio_operativo_AL_LIO_alineado_al_modulo,2026-08-04
DAM-AD-002,DAM,26,2_aplicacion,Acceso a datos,0486,Acceso a datos,Gestionar persistencia avanzada y migraciones,"Trabaja con ORM, relaciones, transacciones, repositorios y evolución del esquema.",3,sí,no,26,DAM-AD-001|DAM-ED-002,Define relaciones y consultas sin cargas innecesarias || Aplica migraciones reproducibles || Protege operaciones críticas con transacciones,"Proyecto con migraciones, repositorios y pruebas",Migración y rollback probados sobre datos de prueba,formación|proyecto|empleo|oportunidad,https://www.juntadeandalucia.es/educacion/portals/web/formacion-profesional-andaluza/cf-grado-superior-detalle-titulo?backURL=%2Feducacion%2Fportales%2Fweb%2Fformacion-profesional-andaluza%2Fgrado-superior-catalogo-de-titulos&idTitulo=2291,https://www.juntadeandalucia.es/boja/2011/142/20,criterio_operativo_AL_LIO_alineado_al_modulo,2026-08-04
DAM-UI-001,DAM,27,2_aplicacion,Desarrollo de interfaces,0488,Desarrollo de interfaces,Construir interfaces de escritorio o multiplataforma,"Diseña ventanas, componentes, navegación, formularios y estados con separación de responsabilidades.",2,sí,no,30,DAM-PRO-003|DAM-ED-002,"La interfaz mantiene estado coherente || Valida datos y comunica errores || Separa vista, lógica y datos mediante un patrón reconocible",Aplicación de escritorio o multiplataforma con varias vistas,Flujo principal completo y sin bloqueos,formación|proyecto|empleo|oportunidad,https://www.juntadeandalucia.es/educacion/portals/web/formacion-profesional-andaluza/cf-grado-superior-detalle-titulo?backURL=%2Feducacion%2Fportales%2Fweb%2Fformacion-profesional-andaluza%2Fgrado-superior-catalogo-de-titulos&idTitulo=2291,https://www.juntadeandalucia.es/boja/2011/142/20,criterio_operativo_AL_LIO_alineado_al_modulo,2026-08-04
DAM-UI-002,DAM,28,2_aplicacion,Desarrollo de interfaces,0488,Desarrollo de interfaces,"Aplicar usabilidad, accesibilidad y empaquetado","Evalúa navegación, atajos, mensajes, adaptación y entrega instalable.",3,sí,no,18,DAM-UI-001,La aplicación puede usarse con navegación coherente y atajos básicos || Los mensajes permiten corregir errores || Genera un paquete o distribución reproducible,Prueba de usabilidad y artefacto instalable,Tres tareas completadas sin error crítico,formación|proyecto|empleo|oportunidad,https://www.juntadeandalucia.es/educacion/portals/web/formacion-profesional-andaluza/cf-grado-superior-detalle-titulo?backURL=%2Feducacion%2Fportales%2Fweb%2Fformacion-profesional-andaluza%2Fgrado-superior-catalogo-de-titulos&idTitulo=2291,https://www.juntadeandalucia.es/boja/2011/142/20,criterio_operativo_AL_LIO_alineado_al_modulo,2026-08-04
DAM-MOB-001,DAM,29,2_aplicacion,Programación móvil,0489,Programación multimedia y dispositivos móviles,Crear una aplicación móvil con navegación y estado,"Construye pantallas, navegación, estado, recursos y ciclo de vida en una plataforma móvil.",3,sí,no,34,DAM-PRO-003|DAM-UI-001,Implementa varias pantallas y navegación || Gestiona estado y ciclo de vida sin pérdida inesperada || Adapta recursos a tamaños y orientaciones,APK o build de prueba con vídeo de uso,Flujos principales funcionan en emulador y dispositivo de prueba,formación|proyecto|empleo|oportunidad,https://www.juntadeandalucia.es/educacion/portals/web/formacion-profesional-andaluza/cf-grado-superior-detalle-titulo?backURL=%2Feducacion%2Fportales%2Fweb%2Fformacion-profesional-andaluza%2Fgrado-superior-catalogo-de-titulos&idTitulo=2291,https://www.juntadeandalucia.es/boja/2011/142/20,criterio_operativo_AL_LIO_alineado_al_modulo,2026-08-04
DAM-MOB-002,DAM,30,2_aplicacion,Programación móvil,0489,Programación multimedia y dispositivos móviles,"Integrar datos, red y capacidades del dispositivo","Consume APIs, persiste datos y usa permisos o sensores con control de privacidad.",3,sí,no,28,DAM-MOB-001|DAM-AD-001|DAM-SI-002,"Gestiona conectividad, carga y error || Solicita únicamente permisos necesarios || Mantiene datos locales y sincronización coherente",Aplicación móvil conectada con modo degradado,Sin permisos excesivos ni pérdida de datos en casos probados,formación|proyecto|empleo|oportunidad,https://www.juntadeandalucia.es/educacion/portals/web/formacion-profesional-andaluza/cf-grado-superior-detalle-titulo?backURL=%2Feducacion%2Fportales%2Fweb%2Fformacion-profesional-andaluza%2Fgrado-superior-catalogo-de-titulos&idTitulo=2291,https://www.juntadeandalucia.es/boja/2011/142/20,criterio_operativo_AL_LIO_alineado_al_modulo,2026-08-04
DAM-SP-001,DAM,31,2_aplicacion,Servicios y procesos,0490,Programación de servicios y procesos,Programar procesos concurrentes de forma segura,"Usa hilos, tareas, sincronización y cancelación evitando bloqueos y condiciones de carrera.",3,sí,no,24,DAM-PRO-004|DAM-SI-001,"Distingue proceso, hilo y tarea || Sincroniza recursos compartidos justificadamente || Gestiona cancelación, errores y cierre",Programa concurrente con pruebas de carga básica,Sin bloqueos reproducibles ni pérdida de resultados,formación|proyecto|empleo|oportunidad,https://www.juntadeandalucia.es/educacion/portals/web/formacion-profesional-andaluza/cf-grado-superior-detalle-titulo?backURL=%2Feducacion%2Fportales%2Fweb%2Fformacion-profesional-andaluza%2Fgrado-superior-catalogo-de-titulos&idTitulo=2291,https://www.juntadeandalucia.es/boja/2011/142/20,criterio_operativo_AL_LIO_alineado_al_modulo,2026-08-04
DAM-SP-002,DAM,32,2_aplicacion,Servicios y procesos,0490,Programación de servicios y procesos,Crear servicios de red y comunicación entre aplicaciones,Implementa comunicación cliente-servidor o mensajería con protocolos y errores definidos.,3,sí,no,24,DAM-SP-001|DAM-BAS-004|DAM-SI-002,Define protocolo o contrato de mensajes || Controla desconexiones y entradas inválidas || Protege datos sensibles en tránsito cuando procede,Cliente y servidor documentados con pruebas,Comunicación estable en casos normales y errores probados,formación|proyecto|empleo|oportunidad,https://www.juntadeandalucia.es/educacion/portals/web/formacion-profesional-andaluza/cf-grado-superior-detalle-titulo?backURL=%2Feducacion%2Fportales%2Fweb%2Fformacion-profesional-andaluza%2Fgrado-superior-catalogo-de-titulos&idTitulo=2291,https://www.juntadeandalucia.es/boja/2011/142/20,criterio_operativo_AL_LIO_alineado_al_modulo,2026-08-04
DAM-ERP-001,DAM,33,2_aplicacion,Gestión empresarial,0491,Sistemas de gestión empresarial,Comprender e implantar procesos ERP y CRM,"Modela procesos de negocio y configura módulos, usuarios, permisos y datos maestros.",2,sí,no,24,DAM-BD-001|DAM-DIG-001,"Representa un proceso empresarial y sus datos || Configura usuarios, roles y flujo básico en un ERP o CRM || Documenta adaptación sin modificar innecesariamente el núcleo",Caso de implantación con proceso y configuración,Flujo completo registrado con roles correctos,formación|proyecto|empleo|oportunidad,https://www.juntadeandalucia.es/educacion/portals/web/formacion-profesional-andaluza/cf-grado-superior-detalle-titulo?backURL=%2Feducacion%2Fportales%2Fweb%2Fformacion-profesional-andaluza%2Fgrado-superior-catalogo-de-titulos&idTitulo=2291,https://www.juntadeandalucia.es/boja/2011/142/20,criterio_operativo_AL_LIO_alineado_al_modulo,2026-08-04
DAM-ERP-002,DAM,34,2_aplicacion,Gestión empresarial,0491,Sistemas de gestión empresarial,Extender e integrar un sistema empresarial,"Personaliza informes, automatizaciones o módulos y conecta datos con sistemas externos.",3,sí,no,26,DAM-ERP-001|DAM-AD-002|DAM-ED-001,"Implementa una extensión aislada y documentada || Integra datos con validación y trazabilidad || Mantiene permisos, actualización y reversión",Módulo o integración de prueba en repositorio,"Instalación, uso y desinstalación documentados",formación|proyecto|empleo|oportunidad,https://www.juntadeandalucia.es/educacion/portals/web/formacion-profesional-andaluza/cf-grado-superior-detalle-titulo?backURL=%2Feducacion%2Fportales%2Fweb%2Fformacion-profesional-andaluza%2Fgrado-superior-catalogo-de-titulos&idTitulo=2291,https://www.juntadeandalucia.es/boja/2011/142/20,criterio_operativo_AL_LIO_alineado_al_modulo,2026-08-04
DAM-ARC-001,DAM,35,4_proyecto,Arquitectura de aplicación,PROY,Proyecto intermodular,Diseñar una arquitectura multiplataforma mantenible,"Selecciona capas, módulos, interfaces, almacenamiento y estrategia de pruebas según requisitos.",3,sí,no,24,DAM-AD-002|DAM-UI-002|DAM-SP-002,Las dependencias entre capas están justificadas || Los componentes críticos tienen pruebas || La arquitectura admite cambio de interfaz o persistencia con impacto limitado,"Diagrama de arquitectura, ADR y prueba de concepto",Decisiones trazables y dependencias controladas,formación|proyecto|empleo|oportunidad,https://www.juntadeandalucia.es/educacion/portals/web/formacion-profesional-andaluza/cf-grado-superior-detalle-titulo?backURL=%2Feducacion%2Fportales%2Fweb%2Fformacion-profesional-andaluza%2Fgrado-superior-catalogo-de-titulos&idTitulo=2291,https://www.juntadeandalucia.es/boja/2011/142/20,criterio_operativo_AL_LIO_alineado_al_modulo,2026-08-04
TSAF-BAS-001,TSAF,1,0_antes_de_empezar,Competencia digital básica,PRE,Preparación previa,"Organizar archivos, formularios y hojas de cálculo","Gestiona documentos de usuarios, sesiones, registros y copias con orden y confidencialidad.",0,sí,sí,5,,Crea una estructura de carpetas por usuario y programa ficticio || Registra datos en una hoja sin duplicados || Explica cómo protege y elimina información sensible,Plantilla organizada con datos ficticios,3 de 3 criterios y sin datos reales,formación|proyecto|empleo|oportunidad,https://www.juntadeandalucia.es/educacion/portals/web/formacion-profesional-andaluza/cf-grado-superior-detalle-titulo?backURL=%2Feducacion%2Fportales%2Fweb%2Fformacion-profesional-andaluza%2Fgrado-superior-catalogo-de-titulos&idTitulo=2491,https://www.juntadeandalucia.es/boja/2018/144/25,criterio_operativo_AL_LIO_alineado_al_modulo,2026-08-04
TSAF-BAS-002,TSAF,2,0_antes_de_empezar,Ciencias básicas,PRE,Preparación previa,Reconocer anatomía y movimientos fundamentales,"Identifica planos, ejes, articulaciones, grupos musculares y patrones de movimiento básicos.",0,sí,sí,12,,"Identifica articulaciones y grupos musculares en 10 ejercicios || Relaciona plano y eje con movimientos comunes || Distingue patrón de sentadilla, bisagra, empuje, tracción y locomoción",Ficha visual de 10 ejercicios,80 % de identificaciones correctas,formación|proyecto|empleo|oportunidad,https://www.juntadeandalucia.es/educacion/portals/web/formacion-profesional-andaluza/cf-grado-superior-detalle-titulo?backURL=%2Feducacion%2Fportales%2Fweb%2Fformacion-profesional-andaluza%2Fgrado-superior-catalogo-de-titulos&idTitulo=2491,https://www.juntadeandalucia.es/boja/2018/144/25,criterio_operativo_AL_LIO_alineado_al_modulo,2026-08-04
TSAF-BAS-003,TSAF,3,0_antes_de_empezar,Ciencias básicas,PRE,Preparación previa,Comprender respuestas básicas al ejercicio,"Distingue frecuencia cardiaca, intensidad, fatiga, recuperación, adaptación y señales de alarma.",0,sí,sí,10,TSAF-BAS-002,Explica respuesta aguda y adaptación crónica || Calcula zonas orientativas sin presentarlas como diagnóstico || Reconoce señales para detener actividad y derivar,Resumen aplicado a tres perfiles ficticios,Sin recomendaciones clínicas fuera de competencia,formación|proyecto|empleo|oportunidad,https://www.juntadeandalucia.es/educacion/portals/web/formacion-profesional-andaluza/cf-grado-superior-detalle-titulo?backURL=%2Feducacion%2Fportales%2Fweb%2Fformacion-profesional-andaluza%2Fgrado-superior-catalogo-de-titulos&idTitulo=2491,https://www.juntadeandalucia.es/boja/2018/144/25,criterio_operativo_AL_LIO_alineado_al_modulo,2026-08-04
TSAF-BAS-004,TSAF,4,0_antes_de_empezar,Comunicación,PRE,Preparación previa,Comunicar instrucciones de forma clara y segura,"Da consignas breves, comprueba comprensión y adapta lenguaje a la persona.",0,sí,sí,6,,"Explica un ejercicio en menos de 60 segundos || Incluye objetivo, ejecución, respiración y error principal || Comprueba comprensión mediante demostración",Vídeo de instrucción de dos ejercicios,Consigna comprensible y sin indicaciones inseguras,formación|proyecto|empleo|oportunidad,https://www.juntadeandalucia.es/educacion/portals/web/formacion-profesional-andaluza/cf-grado-superior-detalle-titulo?backURL=%2Feducacion%2Fportales%2Fweb%2Fformacion-profesional-andaluza%2Fgrado-superior-catalogo-de-titulos&idTitulo=2491,https://www.juntadeandalucia.es/boja/2018/144/25,criterio_operativo_AL_LIO_alineado_al_modulo,2026-08-04
TSAF-BAS-005,TSAF,5,0_antes_de_empezar,Seguridad profesional,PRE,Preparación previa,"Distinguir alcance profesional, derivación y consentimiento","Reconoce límites del TSAF, evita diagnóstico y obtiene consentimiento para datos, imágenes y pruebas.",0,sí,sí,5,,"Diferencia entrenamiento, valoración funcional y diagnóstico clínico || Identifica cuándo detener y derivar || Usa un consentimiento sencillo para grabación o datos",Checklist de límites y consentimiento ficticio,Sin invadir competencias sanitarias,formación|proyecto|empleo|oportunidad,https://www.juntadeandalucia.es/educacion/portals/web/formacion-profesional-andaluza/cf-grado-superior-detalle-titulo?backURL=%2Feducacion%2Fportales%2Fweb%2Fformacion-profesional-andaluza%2Fgrado-superior-catalogo-de-titulos&idTitulo=2491,https://www.juntadeandalucia.es/boja/2018/144/25,criterio_operativo_AL_LIO_alineado_al_modulo,2026-08-04
TSAF-VAL-001,TSAF,6,1_fundamentos,Valoración física,1136,Valoración de la condición física e intervención en accidentes,Realizar entrevista inicial y cribado básico,"Recoge objetivos, experiencia, disponibilidad, antecedentes declarados y señales que requieren derivación.",1,sí,no,14,TSAF-BAS-003|TSAF-BAS-005,Formula preguntas relevantes sin convertirlas en historia clínica || Identifica riesgos y contraindicaciones declaradas || Documenta consentimiento y límites,Formulario inicial ficticio y decisión razonada,Todos los riesgos críticos tratados,formación|proyecto|empleo|oportunidad,https://www.juntadeandalucia.es/educacion/portals/web/formacion-profesional-andaluza/cf-grado-superior-detalle-titulo?backURL=%2Feducacion%2Fportales%2Fweb%2Fformacion-profesional-andaluza%2Fgrado-superior-catalogo-de-titulos&idTitulo=2491,https://www.juntadeandalucia.es/boja/2018/144/25,criterio_operativo_AL_LIO_alineado_al_modulo,2026-08-04
TSAF-VAL-002,TSAF,7,1_fundamentos,Valoración física,1136,Valoración de la condición física e intervención en accidentes,Aplicar pruebas básicas de condición física,"Selecciona y ejecuta pruebas de fuerza, resistencia, movilidad y composición dentro de protocolos.",1,sí,no,24,TSAF-VAL-001|TSAF-BAS-002,"Elige pruebas coherentes con objetivo y perfil || Estandariza calentamiento, material y registro || Interpreta resultados sin diagnosticar",Informe de batería de pruebas con datos ficticios o propios,Protocolo reproducible y conclusiones prudentes,formación|proyecto|empleo|oportunidad,https://www.juntadeandalucia.es/educacion/portals/web/formacion-profesional-andaluza/cf-grado-superior-detalle-titulo?backURL=%2Feducacion%2Fportales%2Fweb%2Fformacion-profesional-andaluza%2Fgrado-superior-catalogo-de-titulos&idTitulo=2491,https://www.juntadeandalucia.es/boja/2018/144/25,criterio_operativo_AL_LIO_alineado_al_modulo,2026-08-04
TSAF-VAL-003,TSAF,8,1_fundamentos,Valoración física,1136,Valoración de la condición física e intervención en accidentes,Registrar y analizar evolución,"Organiza datos, compara mediciones y comunica tendencias con incertidumbre.",2,sí,no,14,TSAF-VAL-002|TSAF-BAS-001,"Calcula cambios y tendencias correctamente || Diferencia medición, interpretación y recomendación || Presenta datos comprensibles para la persona usuaria",Dashboard o informe de evolución,Cálculos correctos y sin promesas no justificadas,formación|proyecto|empleo|oportunidad,https://www.juntadeandalucia.es/educacion/portals/web/formacion-profesional-andaluza/cf-grado-superior-detalle-titulo?backURL=%2Feducacion%2Fportales%2Fweb%2Fformacion-profesional-andaluza%2Fgrado-superior-catalogo-de-titulos&idTitulo=2491,https://www.juntadeandalucia.es/boja/2018/144/25,criterio_operativo_AL_LIO_alineado_al_modulo,2026-08-04
TSAF-AUX-001,TSAF,9,1_fundamentos,Primeros auxilios,1136,Valoración de la condición física e intervención en accidentes,Actuar ante una emergencia y activar ayuda,"Aplica conducta PAS, valoración inicial, llamada a emergencias y actuación básica hasta relevo.",1,sí,no,14,TSAF-BAS-005,Protege la escena y evita riesgos añadidos || Activa ayuda con información completa || Mantiene actuación dentro de formación y protocolo,Simulación guiada de tres escenarios,Secuencia correcta sin omitir activación de emergencias,formación|proyecto|empleo|oportunidad,https://www.juntadeandalucia.es/educacion/portals/web/formacion-profesional-andaluza/cf-grado-superior-detalle-titulo?backURL=%2Feducacion%2Fportales%2Fweb%2Fformacion-profesional-andaluza%2Fgrado-superior-catalogo-de-titulos&idTitulo=2491,https://www.juntadeandalucia.es/boja/2018/144/25,criterio_operativo_AL_LIO_alineado_al_modulo,2026-08-04
TSAF-AUX-002,TSAF,10,1_fundamentos,Primeros auxilios,1136,Valoración de la condición física e intervención en accidentes,Aplicar RCP básica y DEA,"Reconoce parada, inicia RCP y usa DEA conforme a formación práctica acreditada.",1,sí,no,10,TSAF-AUX-001,Reconoce ausencia de respuesta y respiración normal || Mantiene secuencia y calidad básica de compresiones en simulación || Usa DEA siguiendo instrucciones y seguridad,Certificado práctico o evaluación presencial registrada,Superación práctica por entidad formadora,formación|proyecto|empleo|oportunidad,https://www.juntadeandalucia.es/educacion/portals/web/formacion-profesional-andaluza/cf-grado-superior-detalle-titulo?backURL=%2Feducacion%2Fportales%2Fweb%2Fformacion-profesional-andaluza%2Fgrado-superior-catalogo-de-titulos&idTitulo=2491,https://www.juntadeandalucia.es/boja/2018/144/25,criterio_operativo_AL_LIO_alineado_al_modulo,2026-08-04
TSAF-FIT-001,TSAF,11,1_fundamentos,Fitness en sala,1148,Fitness en sala de entrenamiento polivalente,Seleccionar ejercicios y enseñar técnica,"Elige ejercicios por objetivo, nivel, material y limitaciones y aplica regresiones o progresiones.",1,sí,no,26,TSAF-BAS-002|TSAF-VAL-001,Demuestra técnica y errores frecuentes || Propone al menos una regresión y una progresión || Justifica selección según objetivo y seguridad,Biblioteca de 20 ejercicios con fichas,80 % de fichas completas y seguras,formación|proyecto|empleo|oportunidad,https://www.juntadeandalucia.es/educacion/portals/web/formacion-profesional-andaluza/cf-grado-superior-detalle-titulo?backURL=%2Feducacion%2Fportales%2Fweb%2Fformacion-profesional-andaluza%2Fgrado-superior-catalogo-de-titulos&idTitulo=2491,https://www.juntadeandalucia.es/boja/2018/144/25,criterio_operativo_AL_LIO_alineado_al_modulo,2026-08-04
TSAF-FIT-002,TSAF,12,1_fundamentos,Fitness en sala,1148,Fitness en sala de entrenamiento polivalente,"Programar fuerza, resistencia y movilidad","Define objetivos, frecuencia, volumen, intensidad, descansos y progresión a partir de valoración.",2,sí,no,34,TSAF-VAL-002|TSAF-FIT-001,"Formula objetivos medibles || Ajusta carga y volumen al nivel || Incluye progresión, recuperación y revisión",Programa de 8 semanas para caso ficticio,"Coherencia entre valoración, objetivo y cargas",formación|proyecto|empleo|oportunidad,https://www.juntadeandalucia.es/educacion/portals/web/formacion-profesional-andaluza/cf-grado-superior-detalle-titulo?backURL=%2Feducacion%2Fportales%2Fweb%2Fformacion-profesional-andaluza%2Fgrado-superior-catalogo-de-titulos&idTitulo=2491,https://www.juntadeandalucia.es/boja/2018/144/25,criterio_operativo_AL_LIO_alineado_al_modulo,2026-08-04
TSAF-FIT-003,TSAF,13,2_aplicacion,Fitness en sala,1148,Fitness en sala de entrenamiento polivalente,Dirigir y adaptar una sesión individual,"Gestiona calentamiento, bloque principal, vuelta a la calma, observación y ajustes en tiempo real.",2,sí,no,18,TSAF-FIT-002|TSAF-BAS-004,"Mantiene estructura y tiempo de sesión || Corrige sin saturar de consignas || Adapta ante fatiga, dolor declarado o material no disponible",Vídeo o registro de sesión completa,Objetivo cumplido sin incidentes ni improvisación insegura,formación|proyecto|empleo|oportunidad,https://www.juntadeandalucia.es/educacion/portals/web/formacion-profesional-andaluza/cf-grado-superior-detalle-titulo?backURL=%2Feducacion%2Fportales%2Fweb%2Fformacion-profesional-andaluza%2Fgrado-superior-catalogo-de-titulos&idTitulo=2491,https://www.juntadeandalucia.es/boja/2018/144/25,criterio_operativo_AL_LIO_alineado_al_modulo,2026-08-04
TSAF-MUS-001,TSAF,14,1_fundamentos,Actividades con soporte musical,1149,Actividades básicas de acondicionamiento físico con soporte musical,"Comprender ritmo, frase musical y estructura de sesión","Relaciona música, bloques, intensidad, pasos y seguridad.",1,sí,no,18,TSAF-BAS-003|TSAF-BAS-004,"Cuenta tiempos y frases musicales || Diseña calentamiento, bloque principal y vuelta a la calma || Controla intensidad y transiciones",Guion musical y vídeo de 10 minutos,Ritmo y transiciones coherentes,formación|proyecto|empleo|oportunidad,https://www.juntadeandalucia.es/educacion/portals/web/formacion-profesional-andaluza/cf-grado-superior-detalle-titulo?backURL=%2Feducacion%2Fportales%2Fweb%2Fformacion-profesional-andaluza%2Fgrado-superior-catalogo-de-titulos&idTitulo=2491,https://www.juntadeandalucia.es/boja/2018/144/25,criterio_operativo_AL_LIO_alineado_al_modulo,2026-08-04
TSAF-MUS-002,TSAF,15,2_aplicacion,Actividades con soporte musical,1149|1150,Actividades básicas y especializadas con soporte musical,Diseñar coreografías por niveles,"Construye secuencias progresivas, simétricas y adaptables a diferentes competencias motrices.",2,sí,no,24,TSAF-MUS-001|TSAF-FIT-001,"La secuencia puede enseñarse por capas || Incluye opciones de menor y mayor impacto || Mantiene seguridad, intensidad y orientación espacial",Coreografía de 15 minutos con progresiones,Participante novel puede seguir la versión básica,formación|proyecto|empleo|oportunidad,https://www.juntadeandalucia.es/educacion/portals/web/formacion-profesional-andaluza/cf-grado-superior-detalle-titulo?backURL=%2Feducacion%2Fportales%2Fweb%2Fformacion-profesional-andaluza%2Fgrado-superior-catalogo-de-titulos&idTitulo=2491,https://www.juntadeandalucia.es/boja/2018/144/25,criterio_operativo_AL_LIO_alineado_al_modulo,2026-08-04
TSAF-MUS-003,TSAF,16,2_aplicacion,Actividades con soporte musical,1150,Actividades especializadas de acondicionamiento físico con soporte musical,Dirigir una clase grupal especializada,"Gestiona voz, demostración, motivación, posicionamiento, seguridad y control del grupo.",2,sí,no,20,TSAF-MUS-002|TSAF-BAS-004,Da consignas anticipadas y visibles || Controla al grupo y corrige sin detener innecesariamente || Adapta intensidad y observa signos de fatiga,Vídeo de clase de 20 minutos,"Clase fluida, segura y comprensible",formación|proyecto|empleo|oportunidad,https://www.juntadeandalucia.es/educacion/portals/web/formacion-profesional-andaluza/cf-grado-superior-detalle-titulo?backURL=%2Feducacion%2Fportales%2Fweb%2Fformacion-profesional-andaluza%2Fgrado-superior-catalogo-de-titulos&idTitulo=2491,https://www.juntadeandalucia.es/boja/2018/144/25,criterio_operativo_AL_LIO_alineado_al_modulo,2026-08-04
TSAF-AQU-001,TSAF,17,1_fundamentos,Acondicionamiento acuático,1151,Acondicionamiento físico en el agua,Aplicar propiedades del medio acuático al ejercicio,"Comprende flotación, resistencia, profundidad, temperatura y seguridad de instalación.",1,sí,no,16,TSAF-BAS-003|TSAF-AUX-001,Relaciona propiedades del agua con carga y estabilidad || Selecciona profundidad y material adecuados || Identifica riesgos y protocolo de instalación,Ficha técnica de 12 ejercicios acuáticos,Ejercicios y condiciones coherentes,formación|proyecto|empleo|oportunidad,https://www.juntadeandalucia.es/educacion/portals/web/formacion-profesional-andaluza/cf-grado-superior-detalle-titulo?backURL=%2Feducacion%2Fportales%2Fweb%2Fformacion-profesional-andaluza%2Fgrado-superior-catalogo-de-titulos&idTitulo=2491,https://www.juntadeandalucia.es/boja/2018/144/25,criterio_operativo_AL_LIO_alineado_al_modulo,2026-08-04
TSAF-AQU-002,TSAF,18,2_aplicacion,Acondicionamiento acuático,1151,Acondicionamiento físico en el agua,Programar y dirigir una sesión acuática,"Diseña una sesión con objetivos, intensidad, material, transiciones y adaptaciones.",2,sí,no,24,TSAF-AQU-001|TSAF-VAL-001,"Programa calentamiento, trabajo y vuelta a la calma || Adapta ejercicios a nivel y confianza acuática || Mantiene control visual y seguridad",Sesión acuática documentada y simulada,Objetivo e intensidad coherentes y protocolo completo,formación|proyecto|empleo|oportunidad,https://www.juntadeandalucia.es/educacion/portals/web/formacion-profesional-andaluza/cf-grado-superior-detalle-titulo?backURL=%2Feducacion%2Fportales%2Fweb%2Fformacion-profesional-andaluza%2Fgrado-superior-catalogo-de-titulos&idTitulo=2491,https://www.juntadeandalucia.es/boja/2018/144/25,criterio_operativo_AL_LIO_alineado_al_modulo,2026-08-04
TSAF-HID-001,TSAF,19,2_aplicacion,Hidrocinesia,1152,Técnicas de hidrocinesia,Diseñar actividades de movilidad y bienestar en agua,Aplica técnicas de hidrocinesia dentro del protocolo y límites profesionales.,2,sí,no,22,TSAF-AQU-001|TSAF-BAS-005,Selecciona tareas de movilidad y relajación adecuadas || Evita afirmaciones terapéuticas no respaldadas || Define criterios de seguridad y derivación,Programa de 4 sesiones para caso ficticio,Objetivos funcionales y límites expresados,formación|proyecto|empleo|oportunidad,https://www.juntadeandalucia.es/educacion/portals/web/formacion-profesional-andaluza/cf-grado-superior-detalle-titulo?backURL=%2Feducacion%2Fportales%2Fweb%2Fformacion-profesional-andaluza%2Fgrado-superior-catalogo-de-titulos&idTitulo=2491,https://www.juntadeandalucia.es/boja/2018/144/25,criterio_operativo_AL_LIO_alineado_al_modulo,2026-08-04
TSAF-POS-001,TSAF,20,2_aplicacion,Control postural,1153,"Control postural, bienestar y mantenimiento funcional",Analizar patrones posturales y funcionales sin diagnosticar,"Observa ejecución, movilidad y control y propone trabajo general o derivación.",2,sí,no,18,TSAF-BAS-002|TSAF-VAL-001,"Describe observaciones sin emitir diagnóstico || Relaciona tarea, carga y control motor || Deriva ante dolor o signos fuera de competencia",Informe funcional con lenguaje prudente,Sin diagnósticos y con decisiones justificadas,formación|proyecto|empleo|oportunidad,https://www.juntadeandalucia.es/educacion/portals/web/formacion-profesional-andaluza/cf-grado-superior-detalle-titulo?backURL=%2Feducacion%2Fportales%2Fweb%2Fformacion-profesional-andaluza%2Fgrado-superior-catalogo-de-titulos&idTitulo=2491,https://www.juntadeandalucia.es/boja/2018/144/25,criterio_operativo_AL_LIO_alineado_al_modulo,2026-08-04
TSAF-POS-002,TSAF,21,2_aplicacion,Control postural,1153,"Control postural, bienestar y mantenimiento funcional","Programar movilidad, estabilidad y mantenimiento funcional","Diseña sesiones orientadas a autonomía, control y adherencia.",2,sí,no,24,TSAF-POS-001|TSAF-FIT-002,Prioriza tareas según necesidad funcional || Incluye progresiones y criterios de parada || Evalúa adherencia y evolución,Programa de 6 semanas con sesiones y registro,"Coherencia entre observación, objetivo y progresión",formación|proyecto|empleo|oportunidad,https://www.juntadeandalucia.es/educacion/portals/web/formacion-profesional-andaluza/cf-grado-superior-detalle-titulo?backURL=%2Feducacion%2Fportales%2Fweb%2Fformacion-profesional-andaluza%2Fgrado-superior-catalogo-de-titulos&idTitulo=2491,https://www.juntadeandalucia.es/boja/2018/144/25,criterio_operativo_AL_LIO_alineado_al_modulo,2026-08-04
TSAF-ESP-001,TSAF,22,2_aplicacion,Poblaciones y adaptación,1153,"Control postural, bienestar y mantenimiento funcional",Adaptar actividad a personas mayores y colectivos diversos,"Ajusta comunicación, entorno, dosis y ejercicios a capacidad, objetivos y accesibilidad.",2,sí,no,20,TSAF-VAL-001|TSAF-FIT-001|TSAF-BAS-005,Identifica barreras y apoyos necesarios || Propone regresiones y control de fatiga || Mantiene participación y dignidad de la persona,Sesión adaptada para dos perfiles ficticios,Adaptaciones concretas y seguras,formación|proyecto|empleo|oportunidad,https://www.juntadeandalucia.es/educacion/portals/web/formacion-profesional-andaluza/cf-grado-superior-detalle-titulo?backURL=%2Feducacion%2Fportales%2Fweb%2Fformacion-profesional-andaluza%2Fgrado-superior-catalogo-de-titulos&idTitulo=2491,https://www.juntadeandalucia.es/boja/2018/144/25,criterio_operativo_AL_LIO_alineado_al_modulo,2026-08-04
TSAF-SOC-001,TSAF,23,2_aplicacion,Habilidades sociales,0017,Habilidades sociales,"Gestionar comunicación, motivación y conflictos","Escucha, establece límites, da feedback y maneja incidencias con usuarios o equipos.",2,sí,no,18,TSAF-BAS-004,Realiza escucha activa y reformulación || Da feedback específico sin descalificar || Propone una respuesta profesional a conflicto o queja,Role-play documentado de tres situaciones,"Respuestas claras, respetuosas y orientadas a solución",formación|proyecto|empleo|oportunidad,https://www.juntadeandalucia.es/educacion/portals/web/formacion-profesional-andaluza/cf-grado-superior-detalle-titulo?backURL=%2Feducacion%2Fportales%2Fweb%2Fformacion-profesional-andaluza%2Fgrado-superior-catalogo-de-titulos&idTitulo=2491,https://www.juntadeandalucia.es/boja/2018/144/25,criterio_operativo_AL_LIO_alineado_al_modulo,2026-08-04
TSAF-GES-001,TSAF,24,2_aplicacion,Gestión de servicios,1148|0017,Fitness en sala y habilidades sociales,"Organizar recursos, calidad y seguridad de una instalación","Revisa equipamiento, accesibilidad, mantenimiento, aforo, incidencias y calidad del servicio.",2,sí,no,18,TSAF-AUX-001|TSAF-ESP-001,Completa inspección de seguridad y accesibilidad || Define procedimiento de incidencia y mantenimiento || Propone indicadores de calidad y satisfacción,Auditoría de instalación real o simulada,Riesgos críticos identificados y plan de acción,formación|proyecto|empleo|oportunidad,https://www.juntadeandalucia.es/educacion/portals/web/formacion-profesional-andaluza/cf-grado-superior-detalle-titulo?backURL=%2Feducacion%2Fportales%2Fweb%2Fformacion-profesional-andaluza%2Fgrado-superior-catalogo-de-titulos&idTitulo=2491,https://www.juntadeandalucia.es/boja/2018/144/25,criterio_operativo_AL_LIO_alineado_al_modulo,2026-08-04
TSAF-GES-002,TSAF,25,3_empleabilidad,Eventos y promoción,PROY,Proyecto intermodular,Diseñar y ejecutar un evento de actividad física,"Define objetivo, público, programa, recursos, permisos, seguridad, comunicación y evaluación.",3,sí,no,26,TSAF-GES-001|TSAF-SOC-001,"Cronograma, roles y recursos están definidos || Existe plan de seguridad y contingencia || Se mide participación, satisfacción y resultados",Dossier completo de evento,"Plan viable, seguro y evaluable",formación|proyecto|empleo|oportunidad,https://www.juntadeandalucia.es/educacion/portals/web/formacion-profesional-andaluza/cf-grado-superior-detalle-titulo?backURL=%2Feducacion%2Fportales%2Fweb%2Fformacion-profesional-andaluza%2Fgrado-superior-catalogo-de-titulos&idTitulo=2491,https://www.juntadeandalucia.es/boja/2018/144/25,criterio_operativo_AL_LIO_alineado_al_modulo,2026-08-04
TSAF-DIG-001,TSAF,26,2_aplicacion,Digitalización,1665,Digitalización aplicada a los sectores productivos,Usar tecnología y datos en seguimiento sin invadir privacidad,"Selecciona apps, wearables y software, interpreta limitaciones y protege información.",2,sí,no,14,TSAF-BAS-001|TSAF-VAL-003,"Diferencia dato medido, estimado e inferido || Configura privacidad y minimización de datos || Justifica herramienta según objetivo y usuario",Comparativa de dos herramientas con protocolo de uso,"Incluye límites, privacidad y decisión razonada",formación|proyecto|empleo|oportunidad,https://www.juntadeandalucia.es/educacion/portals/web/formacion-profesional-andaluza/cf-grado-superior-detalle-titulo?backURL=%2Feducacion%2Fportales%2Fweb%2Fformacion-profesional-andaluza%2Fgrado-superior-catalogo-de-titulos&idTitulo=2491,https://www.juntadeandalucia.es/boja/2018/144/25,criterio_operativo_AL_LIO_alineado_al_modulo,2026-08-04
TSAF-SUS-001,TSAF,27,2_aplicacion,Sostenibilidad,1708,Sostenibilidad aplicada al sistema productivo,Aplicar sostenibilidad a servicios deportivos,"Reduce consumos, residuos, barreras y desplazamientos y mejora mantenimiento y acceso.",1,sí,no,8,,Identifica impactos de una instalación o evento || Propone tres medidas medibles || Incluye impacto social y accesibilidad,Plan de mejora sostenible,Tres acciones con indicador y responsable,formación|proyecto|empleo|oportunidad,https://www.juntadeandalucia.es/educacion/portals/web/formacion-profesional-andaluza/cf-grado-superior-detalle-titulo?backURL=%2Feducacion%2Fportales%2Fweb%2Fformacion-profesional-andaluza%2Fgrado-superior-catalogo-de-titulos&idTitulo=2491,https://www.juntadeandalucia.es/boja/2018/144/25,criterio_operativo_AL_LIO_alineado_al_modulo,2026-08-04
TSAF-ENG-001,TSAF,28,2_aplicacion,Inglés profesional,0179,Inglés profesional (GS),Comprender instrucciones y recursos profesionales en inglés,"Lee protocolos, fichas técnicas y mensajes y comunica consignas básicas.",1,sí,no,14,TSAF-BAS-004,Resume un protocolo en español || Da instrucciones básicas de ejercicio en inglés || Redacta un mensaje profesional breve,Ficha bilingüe de una sesión,Comprensible y sin errores que comprometan seguridad,formación|proyecto|empleo|oportunidad,https://www.juntadeandalucia.es/educacion/portals/web/formacion-profesional-andaluza/cf-grado-superior-detalle-titulo?backURL=%2Feducacion%2Fportales%2Fweb%2Fformacion-profesional-andaluza%2Fgrado-superior-catalogo-de-titulos&idTitulo=2491,https://www.juntadeandalucia.es/boja/2018/144/25,criterio_operativo_AL_LIO_alineado_al_modulo,2026-08-04
TSAF-EMP-001,TSAF,29,3_empleabilidad,Empleabilidad,1709|1710,Itinerario personal para la empleabilidad I y II,Preparar candidatura profesional en fitness y deporte,"Analiza funciones, límites, atención al cliente, componente comercial y evidencias requeridas.",2,sí,no,18,TSAF-SOC-001|TSAF-FIT-003,CV adaptado a un puesto real || Portfolio con dos sesiones y una valoración ficticia || Matriz de requisitos y límites profesionales,"CV, portfolio y matriz de brechas",Documentos adaptados y sin atribuciones profesionales incorrectas,empleo|prácticas|bolsa|formación_en_empresa,https://www.juntadeandalucia.es/educacion/portals/web/formacion-profesional-andaluza/cf-grado-superior-detalle-titulo?backURL=%2Feducacion%2Fportales%2Fweb%2Fformacion-profesional-andaluza%2Fgrado-superior-catalogo-de-titulos&idTitulo=2491,https://www.juntadeandalucia.es/boja/2018/144/25,criterio_operativo_AL_LIO_alineado_al_modulo,2026-08-04
TSAF-PRJ-001,TSAF,30,4_proyecto,Proyecto intermodular,1154,Proyecto intermodular de Acondicionamiento físico,Crear un programa integral de acondicionamiento físico,"Integra análisis de población, valoración, programación, seguridad, recursos, evaluación y comunicación.",3,sí,no,50,TSAF-VAL-003|TSAF-FIT-002|TSAF-GES-001|TSAF-SOC-001,"Define población, necesidad y límites || Programa sesiones y evaluación coherentes || Incluye seguridad, recursos, privacidad y calidad","Memoria, sesiones, instrumentos y presentación",Todos los bloques conectados y aplicables,formación|proyecto|empleo|oportunidad,https://www.juntadeandalucia.es/educacion/portals/web/formacion-profesional-andaluza/cf-grado-superior-detalle-titulo?backURL=%2Feducacion%2Fportales%2Fweb%2Fformacion-profesional-andaluza%2Fgrado-superior-catalogo-de-titulos&idTitulo=2491,https://www.juntadeandalucia.es/boja/2018/144/25,criterio_operativo_AL_LIO_alineado_al_modulo,2026-08-04
TSAF-PRJ-002,TSAF,31,4_proyecto,Proyecto intermodular,1154,Proyecto intermodular de Acondicionamiento físico,Presentar y defender una propuesta de servicio,"Expone necesidad, método, seguridad, resultados esperados, límites y viabilidad.",3,sí,no,8,TSAF-PRJ-001|TSAF-EMP-001,Presentación de 5 minutos estructurada || Incluye una demostración o material visual || Responde dudas sin exceder competencias,Vídeo o defensa grabada,"Mensaje claro, seguro y profesional",formación|proyecto|empleo|oportunidad,https://www.juntadeandalucia.es/educacion/portals/web/formacion-profesional-andaluza/cf-grado-superior-detalle-titulo?backURL=%2Feducacion%2Fportales%2Fweb%2Fformacion-profesional-andaluza%2Fgrado-superior-catalogo-de-titulos&idTitulo=2491,https://www.juntadeandalucia.es/boja/2018/144/25,criterio_operativo_AL_LIO_alineado_al_modulo,2026-08-04
MP-BAS-001,MP,1,0_antes_de_empezar,Competencia digital básica,PRE,Preparación previa,"Organizar archivos, cuentas y activos de una campaña","Gestiona documentos, imágenes, permisos, versiones y carpetas de forma profesional.",0,sí,sí,5,,Crea una estructura por campaña y canal || Nombra versiones y evita duplicados || Configura acceso y copia de seguridad,Carpeta de campaña ficticia organizada,3 de 3 criterios,formación|proyecto|empleo|oportunidad,https://www.juntadeandalucia.es/educacion/portals/web/formacion-profesional-andaluza/cf-grado-superior-detalle-titulo?backURL=%2Feducacion%2Fportales%2Fweb%2Fformacion-profesional-andaluza%2Fgrado-superior-catalogo-de-titulos&idTitulo=2339,https://www.juntadeandalucia.es/boja/2014/90/15,criterio_operativo_AL_LIO_alineado_al_modulo,2026-08-04
MP-BAS-002,MP,2,0_antes_de_empezar,Comunicación,PRE,Preparación previa,Redactar mensajes claros y orientados a una acción,"Distingue objetivo, público, propuesta de valor, tono y llamada a la acción.",0,sí,sí,8,,Redacta tres mensajes para públicos distintos || Mantiene una propuesta de valor concreta || Incluye llamada a la acción coherente,Tres piezas breves justificadas,Mensaje entendible en primera lectura,formación|proyecto|empleo|oportunidad,https://www.juntadeandalucia.es/educacion/portals/web/formacion-profesional-andaluza/cf-grado-superior-detalle-titulo?backURL=%2Feducacion%2Fportales%2Fweb%2Fformacion-profesional-andaluza%2Fgrado-superior-catalogo-de-titulos&idTitulo=2339,https://www.juntadeandalucia.es/boja/2014/90/15,criterio_operativo_AL_LIO_alineado_al_modulo,2026-08-04
MP-BAS-003,MP,3,0_antes_de_empezar,Cálculo y datos,PRE,Preparación previa,"Calcular porcentajes, costes y métricas básicas","Opera con porcentajes, tasas, variaciones, costes unitarios y ratios sin errores.",0,sí,sí,8,,"Calcula variación porcentual y tasa de conversión || Diferencia ingreso, coste, margen y beneficio || Usa referencias correctas en una hoja de cálculo",Hoja con 15 ejercicios resueltos,80 % de resultados correctos,formación|proyecto|empleo|oportunidad,https://www.juntadeandalucia.es/educacion/portals/web/formacion-profesional-andaluza/cf-grado-superior-detalle-titulo?backURL=%2Feducacion%2Fportales%2Fweb%2Fformacion-profesional-andaluza%2Fgrado-superior-catalogo-de-titulos&idTitulo=2339,https://www.juntadeandalucia.es/boja/2014/90/15,criterio_operativo_AL_LIO_alineado_al_modulo,2026-08-04
MP-BAS-004,MP,4,0_antes_de_empezar,Pensamiento crítico,PRE,Preparación previa,"Evaluar fuentes y diferenciar dato, opinión e hipótesis","Comprueba origen, fecha, método, muestra y limitaciones antes de usar información.",0,sí,sí,6,,"Identifica autor, fecha y metodología || Distingue correlación de causalidad || Explica una limitación relevante",Ficha de evaluación de tres fuentes,Al menos 2 fuentes correctamente evaluadas,formación|proyecto|empleo|oportunidad,https://www.juntadeandalucia.es/educacion/portals/web/formacion-profesional-andaluza/cf-grado-superior-detalle-titulo?backURL=%2Feducacion%2Fportales%2Fweb%2Fformacion-profesional-andaluza%2Fgrado-superior-catalogo-de-titulos&idTitulo=2339,https://www.juntadeandalucia.es/boja/2014/90/15,criterio_operativo_AL_LIO_alineado_al_modulo,2026-08-04
MP-BAS-005,MP,5,0_antes_de_empezar,Negocio,PRE,Preparación previa,"Comprender cliente, problema y modelo de negocio","Relaciona segmento, necesidad, propuesta de valor, canal, ingreso y coste.",0,sí,sí,8,MP-BAS-002,Define un segmento concreto || Formula problema y propuesta sin generalidades || Identifica cómo se entrega y monetiza valor,Canvas simplificado de una pyme,"Coherencia entre cliente, problema y propuesta",formación|proyecto|empleo|oportunidad,https://www.juntadeandalucia.es/educacion/portals/web/formacion-profesional-andaluza/cf-grado-superior-detalle-titulo?backURL=%2Feducacion%2Fportales%2Fweb%2Fformacion-profesional-andaluza%2Fgrado-superior-catalogo-de-titulos&idTitulo=2339,https://www.juntadeandalucia.es/boja/2014/90/15,criterio_operativo_AL_LIO_alineado_al_modulo,2026-08-04
MP-FIN-001,MP,6,1_fundamentos,Gestión económica,0623,Gestión económica y financiera de la empresa,"Interpretar costes, presupuestos y viabilidad","Calcula costes, margen, punto de equilibrio, presupuesto y desviaciones de una acción.",1,sí,no,22,MP-BAS-003|MP-BAS-005,Clasifica costes fijos y variables || Calcula margen y punto de equilibrio || Compara presupuesto y resultado explicando desviaciones,Presupuesto de campaña con escenario base y alternativo,Cálculos correctos y supuestos visibles,formación|proyecto|empleo|oportunidad,https://www.juntadeandalucia.es/educacion/portals/web/formacion-profesional-andaluza/cf-grado-superior-detalle-titulo?backURL=%2Feducacion%2Fportales%2Fweb%2Fformacion-profesional-andaluza%2Fgrado-superior-catalogo-de-titulos&idTitulo=2339,https://www.juntadeandalucia.es/boja/2014/90/15,criterio_operativo_AL_LIO_alineado_al_modulo,2026-08-04
MP-FIN-002,MP,7,2_aplicacion,Gestión económica,0623,Gestión económica y financiera de la empresa,Evaluar inversión y retorno de marketing,"Relaciona objetivos, costes, ingresos atribuibles, riesgo y horizonte temporal.",2,sí,no,16,MP-FIN-001,Selecciona métrica de retorno adecuada || Explicita supuestos de atribución || Presenta recomendación con riesgo e incertidumbre,Caso ROI/ROAS con recomendación,Cálculos y límites correctamente explicados,formación|proyecto|empleo|oportunidad,https://www.juntadeandalucia.es/educacion/portals/web/formacion-profesional-andaluza/cf-grado-superior-detalle-titulo?backURL=%2Feducacion%2Fportales%2Fweb%2Fformacion-profesional-andaluza%2Fgrado-superior-catalogo-de-titulos&idTitulo=2339,https://www.juntadeandalucia.es/boja/2014/90/15,criterio_operativo_AL_LIO_alineado_al_modulo,2026-08-04
MP-POL-001,MP,8,1_fundamentos,Estrategia,0930,Políticas de marketing,"Analizar mercado, competencia y situación","Recopila datos, segmenta el contexto y sintetiza amenazas, oportunidades y posición competitiva.",1,sí,no,24,MP-BAS-004|MP-BAS-005,Define mercado y competidores comparables || Usa datos con fuente y fecha || Prioriza hallazgos relevantes en un diagnóstico,Análisis de mercado y competencia,Fuentes trazables y conclusiones accionables,formación|proyecto|empleo|oportunidad,https://www.juntadeandalucia.es/educacion/portals/web/formacion-profesional-andaluza/cf-grado-superior-detalle-titulo?backURL=%2Feducacion%2Fportales%2Fweb%2Fformacion-profesional-andaluza%2Fgrado-superior-catalogo-de-titulos&idTitulo=2339,https://www.juntadeandalucia.es/boja/2014/90/15,criterio_operativo_AL_LIO_alineado_al_modulo,2026-08-04
MP-POL-002,MP,9,1_fundamentos,Estrategia,0930,Políticas de marketing,"Definir segmentación, posicionamiento y propuesta","Selecciona público, necesidades, diferenciación y mensaje central.",1,sí,no,20,MP-POL-001,Segmentos medibles y diferenciados || Target elegido con justificación || Posicionamiento y propuesta coherentes,"Ficha de segmento, buyer persona prudente y mapa de posicionamiento","Decisiones basadas en datos, no estereotipos",formación|proyecto|empleo|oportunidad,https://www.juntadeandalucia.es/educacion/portals/web/formacion-profesional-andaluza/cf-grado-superior-detalle-titulo?backURL=%2Feducacion%2Fportales%2Fweb%2Fformacion-profesional-andaluza%2Fgrado-superior-catalogo-de-titulos&idTitulo=2339,https://www.juntadeandalucia.es/boja/2014/90/15,criterio_operativo_AL_LIO_alineado_al_modulo,2026-08-04
MP-POL-003,MP,10,1_fundamentos,Estrategia,0930,Políticas de marketing,Construir un plan de marketing medible,"Define objetivos, estrategia, marketing mix, calendario, presupuesto, KPI y responsables.",2,sí,no,30,MP-POL-002|MP-FIN-001,"Objetivos específicos y medibles || Acciones conectadas con estrategia y público || KPI, presupuesto y calendario permiten seguimiento",Plan de marketing de 6 a 10 páginas,Trazabilidad completa de objetivo a métrica,formación|proyecto|empleo|oportunidad,https://www.juntadeandalucia.es/educacion/portals/web/formacion-profesional-andaluza/cf-grado-superior-detalle-titulo?backURL=%2Feducacion%2Fportales%2Fweb%2Fformacion-profesional-andaluza%2Fgrado-superior-catalogo-de-titulos&idTitulo=2339,https://www.juntadeandalucia.es/boja/2014/90/15,criterio_operativo_AL_LIO_alineado_al_modulo,2026-08-04
MP-INV-001,MP,11,1_fundamentos,Investigación comercial,1010,Investigación comercial,Diseñar una investigación de mercado,"Formula problema, objetivos, variables, fuentes y método de recogida.",1,sí,no,22,MP-BAS-004|MP-POL-001,Pregunta de investigación concreta || Método coherente con objetivo || Variables e indicadores definidos,Plan de investigación,"Problema, método y datos alineados",formación|proyecto|empleo|oportunidad,https://www.juntadeandalucia.es/educacion/portals/web/formacion-profesional-andaluza/cf-grado-superior-detalle-titulo?backURL=%2Feducacion%2Fportales%2Fweb%2Fformacion-profesional-andaluza%2Fgrado-superior-catalogo-de-titulos&idTitulo=2339,https://www.juntadeandalucia.es/boja/2014/90/15,criterio_operativo_AL_LIO_alineado_al_modulo,2026-08-04
MP-INV-002,MP,12,1_fundamentos,Investigación comercial,1010,Investigación comercial,Diseñar cuestionarios y muestras,"Construye instrumentos sin sesgos evidentes y define población, muestra y selección.",1,sí,no,20,MP-INV-001,Preguntas claras y no inductivas || Orden y escalas coherentes || Muestra y limitaciones justificadas,Cuestionario de máximo 12 preguntas y ficha de muestreo,Prueba piloto sin confusiones graves,formación|proyecto|empleo|oportunidad,https://www.juntadeandalucia.es/educacion/portals/web/formacion-profesional-andaluza/cf-grado-superior-detalle-titulo?backURL=%2Feducacion%2Fportales%2Fweb%2Fformacion-profesional-andaluza%2Fgrado-superior-catalogo-de-titulos&idTitulo=2339,https://www.juntadeandalucia.es/boja/2014/90/15,criterio_operativo_AL_LIO_alineado_al_modulo,2026-08-04
MP-CAM-001,MP,13,2_aplicacion,Trabajo de campo,1011,Trabajo de campo en la investigación comercial,Planificar y controlar trabajo de campo,"Define selección, formación, guion, control de calidad, incidencias y protección de datos.",2,sí,no,18,MP-INV-002,Crea instrucciones y guion de recogida || Define controles de calidad y respuesta a incidencias || Minimiza datos personales,Manual de campo y hoja de control,Proceso reproducible y ético,formación|proyecto|empleo|oportunidad,https://www.juntadeandalucia.es/educacion/portals/web/formacion-profesional-andaluza/cf-grado-superior-detalle-titulo?backURL=%2Feducacion%2Fportales%2Fweb%2Fformacion-profesional-andaluza%2Fgrado-superior-catalogo-de-titulos&idTitulo=2339,https://www.juntadeandalucia.es/boja/2014/90/15,criterio_operativo_AL_LIO_alineado_al_modulo,2026-08-04
MP-DAT-001,MP,14,2_aplicacion,Análisis de datos,1010|1011,Investigación comercial y trabajo de campo,"Limpiar, analizar y visualizar datos","Corrige errores, codifica variables y obtiene tablas, gráficos y conclusiones.",2,sí,no,24,MP-INV-002|MP-BAS-003,Detecta duplicados y valores inválidos || Calcula indicadores adecuados || El gráfico responde a una pregunta y no distorsiona,"Dataset limpio, análisis y dashboard básico",Resultados reproducibles y conclusiones limitadas a los datos,formación|proyecto|empleo|oportunidad,https://www.juntadeandalucia.es/educacion/portals/web/formacion-profesional-andaluza/cf-grado-superior-detalle-titulo?backURL=%2Feducacion%2Fportales%2Fweb%2Fformacion-profesional-andaluza%2Fgrado-superior-catalogo-de-titulos&idTitulo=2339,https://www.juntadeandalucia.es/boja/2014/90/15,criterio_operativo_AL_LIO_alineado_al_modulo,2026-08-04
MP-CLI-001,MP,15,1_fundamentos,Atención al cliente,1110,"Atención al cliente, consumidor y usuario","Atender consultas, quejas y reclamaciones","Escucha, registra, responde, deriva y cierra incidencias respetando derechos del consumidor.",1,sí,no,18,MP-BAS-002,"Identifica necesidad y emoción sin discutir || Registra hechos, plazos y responsable || Propone solución o derivación conforme al procedimiento",Role-play y registro de tres casos,Respuesta profesional y trazable,formación|proyecto|empleo|oportunidad,https://www.juntadeandalucia.es/educacion/portals/web/formacion-profesional-andaluza/cf-grado-superior-detalle-titulo?backURL=%2Feducacion%2Fportales%2Fweb%2Fformacion-profesional-andaluza%2Fgrado-superior-catalogo-de-titulos&idTitulo=2339,https://www.juntadeandalucia.es/boja/2014/90/15,criterio_operativo_AL_LIO_alineado_al_modulo,2026-08-04
MP-CRM-001,MP,16,2_aplicacion,Relación con clientes,1110|0931,Atención al cliente y marketing digital,"Gestionar contactos, leads y consentimiento en CRM","Configura etapas, propiedades, tareas y segmentación con minimización de datos.",2,sí,no,16,MP-CLI-001|MP-BAS-001,Define pipeline y criterios de etapa || Registra interacciones sin datos innecesarios || Mantiene consentimiento y baja,CRM ficticio con 10 contactos de prueba,Pipeline coherente y privacidad documentada,formación|proyecto|empleo|oportunidad,https://www.juntadeandalucia.es/educacion/portals/web/formacion-profesional-andaluza/cf-grado-superior-detalle-titulo?backURL=%2Feducacion%2Fportales%2Fweb%2Fformacion-profesional-andaluza%2Fgrado-superior-catalogo-de-titulos&idTitulo=2339,https://www.juntadeandalucia.es/boja/2014/90/15,criterio_operativo_AL_LIO_alineado_al_modulo,2026-08-04
MP-DIG-001,MP,17,1_fundamentos,Marketing digital,0931,Marketing digital,Planificar presencia web y conversión,"Define arquitectura, contenido, formularios, medición y recorrido de usuario.",2,sí,no,22,MP-POL-003|MP-BAS-001,"La web responde a objetivo y público || El recorrido incluye llamada y conversión medible || Incluye privacidad, accesibilidad y versión móvil",Wireframe y plan de medición de una landing,Flujo de conversión completo,formación|proyecto|empleo|oportunidad,https://www.juntadeandalucia.es/educacion/portals/web/formacion-profesional-andaluza/cf-grado-superior-detalle-titulo?backURL=%2Feducacion%2Fportales%2Fweb%2Fformacion-profesional-andaluza%2Fgrado-superior-catalogo-de-titulos&idTitulo=2339,https://www.juntadeandalucia.es/boja/2014/90/15,criterio_operativo_AL_LIO_alineado_al_modulo,2026-08-04
MP-DIG-002,MP,18,2_aplicacion,Marketing digital,0931,Marketing digital,Aplicar SEO y estrategia de contenidos,"Investiga intención, estructura contenido, metadatos, calendario y medición orgánica.",2,sí,no,22,MP-DIG-001|MP-POL-002,Selecciona temas e intención con evidencia || Crea contenido útil y estructurado || Define métricas y actualización,Cluster de contenido y pieza optimizada,Contenido responde a intención y tiene medición,formación|proyecto|empleo|oportunidad,https://www.juntadeandalucia.es/educacion/portals/web/formacion-profesional-andaluza/cf-grado-superior-detalle-titulo?backURL=%2Feducacion%2Fportales%2Fweb%2Fformacion-profesional-andaluza%2Fgrado-superior-catalogo-de-titulos&idTitulo=2339,https://www.juntadeandalucia.es/boja/2014/90/15,criterio_operativo_AL_LIO_alineado_al_modulo,2026-08-04
MP-DIG-003,MP,19,2_aplicacion,Marketing digital,0931,Marketing digital,Diseñar email marketing y automatizaciones,"Segmenta, crea secuencias, prueba asuntos y respeta consentimiento y baja.",2,sí,no,18,MP-CRM-001|MP-BAS-002,"Segmentación y disparador están definidos || Cada mensaje tiene objetivo y CTA || Incluye consentimiento, baja y control de frecuencia",Secuencia de bienvenida de 3 mensajes,Flujo coherente y legalmente prudente,formación|proyecto|empleo|oportunidad,https://www.juntadeandalucia.es/educacion/portals/web/formacion-profesional-andaluza/cf-grado-superior-detalle-titulo?backURL=%2Feducacion%2Fportales%2Fweb%2Fformacion-profesional-andaluza%2Fgrado-superior-catalogo-de-titulos&idTitulo=2339,https://www.juntadeandalucia.es/boja/2014/90/15,criterio_operativo_AL_LIO_alineado_al_modulo,2026-08-04
MP-DIG-004,MP,20,2_aplicacion,Marketing digital,0931,Marketing digital,Planificar publicidad digital,"Define objetivo, audiencia, creatividad, puja, presupuesto, conversión y experimento.",2,sí,no,24,MP-POL-003|MP-FIN-002,"Campaña alineada con objetivo y etapa del embudo || Audiencia y exclusiones justificadas || Presupuesto, KPI y regla de optimización definidos",Plan de campaña con tres anuncios,Métricas y decisiones de optimización explícitas,formación|proyecto|empleo|oportunidad,https://www.juntadeandalucia.es/educacion/portals/web/formacion-profesional-andaluza/cf-grado-superior-detalle-titulo?backURL=%2Feducacion%2Fportales%2Fweb%2Fformacion-profesional-andaluza%2Fgrado-superior-catalogo-de-titulos&idTitulo=2339,https://www.juntadeandalucia.es/boja/2014/90/15,criterio_operativo_AL_LIO_alineado_al_modulo,2026-08-04
MP-DIG-005,MP,21,2_aplicacion,Marketing digital,0931,Marketing digital,"Medir adquisición, conversión y rendimiento","Configura eventos, UTM, embudos, dashboards y análisis con privacidad.",3,sí,no,22,MP-DIG-001|MP-DAT-001,Define eventos y conversiones relevantes || Usa nomenclatura UTM consistente || Distingue dato observado de atribución estimada,Plan de etiquetado y dashboard,Datos trazables y sin métricas de vanidad como único criterio,formación|proyecto|empleo|oportunidad,https://www.juntadeandalucia.es/educacion/portals/web/formacion-profesional-andaluza/cf-grado-superior-detalle-titulo?backURL=%2Feducacion%2Fportales%2Fweb%2Fformacion-profesional-andaluza%2Fgrado-superior-catalogo-de-titulos&idTitulo=2339,https://www.juntadeandalucia.es/boja/2014/90/15,criterio_operativo_AL_LIO_alineado_al_modulo,2026-08-04
MP-DIS-001,MP,22,1_fundamentos,Material de comunicación,1007,Diseño y elaboración de material de comunicación,Crear identidad visual y piezas coherentes,"Aplica jerarquía, tipografía, color, composición, formato y consistencia de marca.",1,sí,no,24,MP-BAS-002,Define reglas visuales mínimas || Adapta una idea a tres formatos || Mantiene legibilidad y derechos de uso de recursos,Mini sistema visual y tres piezas,Coherencia visual y archivos exportados correctamente,formación|proyecto|empleo|oportunidad,https://www.juntadeandalucia.es/educacion/portals/web/formacion-profesional-andaluza/cf-grado-superior-detalle-titulo?backURL=%2Feducacion%2Fportales%2Fweb%2Fformacion-profesional-andaluza%2Fgrado-superior-catalogo-de-titulos&idTitulo=2339,https://www.juntadeandalucia.es/boja/2014/90/15,criterio_operativo_AL_LIO_alineado_al_modulo,2026-08-04
MP-DIS-002,MP,23,2_aplicacion,Material de comunicación,1007,Diseño y elaboración de material de comunicación,Producir contenido audiovisual breve,"Planifica guion, grabación, edición, subtítulos, formatos y llamada a la acción.",2,sí,no,22,MP-DIS-001|MP-BAS-002,"Guion con objetivo y duración || Audio, encuadre y ritmo comprensibles || Incluye subtítulos y versión por canal",Vídeo de 30 a 60 segundos y archivos fuente,Mensaje claro y formato correcto,formación|proyecto|empleo|oportunidad,https://www.juntadeandalucia.es/educacion/portals/web/formacion-profesional-andaluza/cf-grado-superior-detalle-titulo?backURL=%2Feducacion%2Fportales%2Fweb%2Fformacion-profesional-andaluza%2Fgrado-superior-catalogo-de-titulos&idTitulo=2339,https://www.juntadeandalucia.es/boja/2014/90/15,criterio_operativo_AL_LIO_alineado_al_modulo,2026-08-04
MP-MED-001,MP,24,2_aplicacion,Medios,1008,Medios y soportes de comunicación,Construir un plan de medios,"Selecciona canales, formatos, cobertura, frecuencia, calendario, coste y medición.",2,sí,no,22,MP-POL-003|MP-FIN-001,Canales corresponden al público y objetivo || Presupuesto y calendario son viables || Define métricas y criterios de ajuste,Plan de medios con distribución presupuestaria,Decisiones justificadas con datos,formación|proyecto|empleo|oportunidad,https://www.juntadeandalucia.es/educacion/portals/web/formacion-profesional-andaluza/cf-grado-superior-detalle-titulo?backURL=%2Feducacion%2Fportales%2Fweb%2Fformacion-profesional-andaluza%2Fgrado-superior-catalogo-de-titulos&idTitulo=2339,https://www.juntadeandalucia.es/boja/2014/90/15,criterio_operativo_AL_LIO_alineado_al_modulo,2026-08-04
MP-RRPP-001,MP,25,2_aplicacion,Relaciones públicas,1009,Relaciones públicas y organización de eventos de marketing,Planificar relaciones públicas y comunicación institucional,"Define públicos, mensajes, portavoces, materiales, medios y respuesta a incidencias.",2,sí,no,20,MP-POL-002|MP-BAS-002,Mapa de públicos y mensajes || Material de prensa coherente || Protocolo de respuesta ante incidencia,Dossier de prensa y plan de contacto,Mensajes consistentes y responsables definidos,formación|proyecto|empleo|oportunidad,https://www.juntadeandalucia.es/educacion/portals/web/formacion-profesional-andaluza/cf-grado-superior-detalle-titulo?backURL=%2Feducacion%2Fportales%2Fweb%2Fformacion-profesional-andaluza%2Fgrado-superior-catalogo-de-titulos&idTitulo=2339,https://www.juntadeandalucia.es/boja/2014/90/15,criterio_operativo_AL_LIO_alineado_al_modulo,2026-08-04
MP-EVT-001,MP,26,2_aplicacion,Eventos,1009,Relaciones públicas y organización de eventos de marketing,Diseñar y evaluar un evento de marketing,"Define objetivo, público, experiencia, proveedores, permisos, cronograma, riesgos y métricas.",2,sí,no,26,MP-RRPP-001|MP-FIN-001,"Cronograma y responsabilidades completos || Presupuesto, proveedores y contingencias definidos || Métricas de asistencia, interacción y resultado",Dossier de evento,"Evento viable, medible y con contingencia",formación|proyecto|empleo|oportunidad,https://www.juntadeandalucia.es/educacion/portals/web/formacion-profesional-andaluza/cf-grado-superior-detalle-titulo?backURL=%2Feducacion%2Fportales%2Fweb%2Fformacion-profesional-andaluza%2Fgrado-superior-catalogo-de-titulos&idTitulo=2339,https://www.juntadeandalucia.es/boja/2014/90/15,criterio_operativo_AL_LIO_alineado_al_modulo,2026-08-04
MP-LAN-001,MP,27,2_aplicacion,Lanzamiento,1109,Lanzamiento de productos y servicios,Preparar el lanzamiento de un producto o servicio,"Integra insight, posicionamiento, oferta, canales, ventas, calendario y métricas.",3,sí,no,28,MP-POL-003|MP-DIG-004|MP-MED-001,"Define hipótesis y público de lanzamiento || Coordina contenido, medios y ventas || Incluye prueba, seguimiento y decisión posterior",Plan de lanzamiento de 30 días,"Acciones, responsables y métricas conectados",formación|proyecto|empleo|oportunidad,https://www.juntadeandalucia.es/educacion/portals/web/formacion-profesional-andaluza/cf-grado-superior-detalle-titulo?backURL=%2Feducacion%2Fportales%2Fweb%2Fformacion-profesional-andaluza%2Fgrado-superior-catalogo-de-titulos&idTitulo=2339,https://www.juntadeandalucia.es/boja/2014/90/15,criterio_operativo_AL_LIO_alineado_al_modulo,2026-08-04
MP-LEG-001,MP,28,2_aplicacion,Legal y ética,0931|1007|1110,"Marketing digital, material y atención","Aplicar privacidad, propiedad intelectual y publicidad responsable","Gestiona consentimiento, cookies, derechos de imagen, licencias y mensajes verificables.",2,sí,no,16,MP-BAS-004,Identifica base y finalidad de datos || Verifica licencias y autorizaciones de activos || Evita afirmaciones engañosas y documenta evidencia,Checklist legal aplicado a una campaña,Sin uso no autorizado ni recogida innecesaria,formación|proyecto|empleo|oportunidad,https://www.juntadeandalucia.es/educacion/portals/web/formacion-profesional-andaluza/cf-grado-superior-detalle-titulo?backURL=%2Feducacion%2Fportales%2Fweb%2Fformacion-profesional-andaluza%2Fgrado-superior-catalogo-de-titulos&idTitulo=2339,https://www.juntadeandalucia.es/boja/2014/90/15,criterio_operativo_AL_LIO_alineado_al_modulo,2026-08-04
MP-DIGI-001,MP,29,2_aplicacion,Digitalización,1665,Digitalización aplicada a los sectores productivos,Automatizar procesos de marketing con control,"Selecciona automatizaciones, integra herramientas y define supervisión, datos y métricas.",2,sí,no,14,MP-CRM-001|MP-DIG-005,"Mapea proceso actual y objetivo || Define disparadores, excepciones y revisión humana || Mide ahorro e impacto sin degradar experiencia",Flujo automatizado ficticio y ficha de control,Excepciones y privacidad contempladas,formación|proyecto|empleo|oportunidad,https://www.juntadeandalucia.es/educacion/portals/web/formacion-profesional-andaluza/cf-grado-superior-detalle-titulo?backURL=%2Feducacion%2Fportales%2Fweb%2Fformacion-profesional-andaluza%2Fgrado-superior-catalogo-de-titulos&idTitulo=2339,https://www.juntadeandalucia.es/boja/2014/90/15,criterio_operativo_AL_LIO_alineado_al_modulo,2026-08-04
MP-SUS-001,MP,30,2_aplicacion,Sostenibilidad,1708,Sostenibilidad aplicada al sistema productivo,Aplicar sostenibilidad a campañas y eventos,"Reduce materiales, impactos y greenwashing y mejora accesibilidad e inclusión.",1,sí,no,8,,Identifica impactos principales || Propone acciones medibles y realistas || Revisa afirmaciones ambientales y accesibilidad,Checklist sostenible de campaña,Tres mejoras y ninguna afirmación no demostrable,formación|proyecto|empleo|oportunidad,https://www.juntadeandalucia.es/educacion/portals/web/formacion-profesional-andaluza/cf-grado-superior-detalle-titulo?backURL=%2Feducacion%2Fportales%2Fweb%2Fformacion-profesional-andaluza%2Fgrado-superior-catalogo-de-titulos&idTitulo=2339,https://www.juntadeandalucia.es/boja/2014/90/15,criterio_operativo_AL_LIO_alineado_al_modulo,2026-08-04
MP-ENG-001,MP,31,2_aplicacion,Inglés profesional,0179,Inglés profesional (GS),Trabajar con briefs y comunicación de marketing en inglés,"Comprende documentación y redacta mensajes, informes y presentaciones breves.",1,sí,no,16,MP-BAS-002,Resume un brief en español || Redacta email y copy breve en inglés || Presenta resultados durante 2 minutos,Brief y presentación bilingüe,Comprensible y orientado a negocio,formación|proyecto|empleo|oportunidad,https://www.juntadeandalucia.es/educacion/portals/web/formacion-profesional-andaluza/cf-grado-superior-detalle-titulo?backURL=%2Feducacion%2Fportales%2Fweb%2Fformacion-profesional-andaluza%2Fgrado-superior-catalogo-de-titulos&idTitulo=2339,https://www.juntadeandalucia.es/boja/2014/90/15,criterio_operativo_AL_LIO_alineado_al_modulo,2026-08-04
MP-EMP-001,MP,32,3_empleabilidad,Empleabilidad,1709|1710,Itinerario personal para la empleabilidad I y II,Construir portfolio y candidatura de marketing,"Selecciona evidencias, explica decisiones y adapta CV a puestos concretos.",2,sí,no,18,MP-DAT-001|MP-DIS-001|MP-POL-003,"Portfolio incluye estrategia, pieza y resultados o métricas simuladas || CV usa vocabulario del puesto sin inventar experiencia || Matriz de brechas de tres ofertas","Portfolio, CV y matriz de brechas",Dos casos completos y candidatura adaptada,empleo|prácticas|beca|formación_en_empresa,https://www.juntadeandalucia.es/educacion/portals/web/formacion-profesional-andaluza/cf-grado-superior-detalle-titulo?backURL=%2Feducacion%2Fportales%2Fweb%2Fformacion-profesional-andaluza%2Fgrado-superior-catalogo-de-titulos&idTitulo=2339,https://www.juntadeandalucia.es/boja/2014/90/15,criterio_operativo_AL_LIO_alineado_al_modulo,2026-08-04
MP-PRJ-001,MP,33,4_proyecto,Proyecto intermodular,1012,Proyecto Intermodular de Marketing y Publicidad,Crear una campaña integrada de principio a fin,"Integra investigación, estrategia, creatividad, canales, presupuesto, ejecución, medición y legal.",3,sí,no,50,MP-POL-003|MP-DAT-001|MP-DIG-005|MP-DIS-001|MP-LEG-001,"Problema y público respaldados por información || Plan, piezas, presupuesto y medición están conectados || Incluye resultados simulados o reales y aprendizaje",Caso de campaña completo,Trazabilidad desde insight hasta evaluación,formación|proyecto|empleo|oportunidad,https://www.juntadeandalucia.es/educacion/portals/web/formacion-profesional-andaluza/cf-grado-superior-detalle-titulo?backURL=%2Feducacion%2Fportales%2Fweb%2Fformacion-profesional-andaluza%2Fgrado-superior-catalogo-de-titulos&idTitulo=2339,https://www.juntadeandalucia.es/boja/2014/90/15,criterio_operativo_AL_LIO_alineado_al_modulo,2026-08-04
MP-PRJ-002,MP,34,4_proyecto,Proyecto intermodular,1012,Proyecto Intermodular de Marketing y Publicidad,Presentar y defender una propuesta,"Expone insight, decisión estratégica, creatividad, plan, inversión, riesgos y medición.",3,sí,no,8,MP-PRJ-001|MP-EMP-001,Pitch de 5 minutos || Muestra piezas y datos sin saturar || Responde objeciones y reconoce límites,Vídeo o presentación de pitch,Mensaje claro y decisión defendible,formación|proyecto|empleo|oportunidad,https://www.juntadeandalucia.es/educacion/portals/web/formacion-profesional-andaluza/cf-grado-superior-detalle-titulo?backURL=%2Feducacion%2Fportales%2Fweb%2Fformacion-profesional-andaluza%2Fgrado-superior-catalogo-de-titulos&idTitulo=2339,https://www.juntadeandalucia.es/boja/2014/90/15,criterio_operativo_AL_LIO_alineado_al_modulo,2026-08-04
AF-BAS-001,AF,1,0_antes_de_empezar,Competencia digital básica,PRE,Preparación previa,Organizar archivos y documentación administrativa,"Clasifica documentos, aplica nombres consistentes, versiones, permisos y copias de seguridad.",0,sí,sí,5,,"Crea estructura por empresa, ejercicio y proceso || Localiza una versión concreta y explica su estado || Protege y respalda documentación sensible",Archivo administrativo ficticio organizado,3 de 3 criterios y sin datos reales,formación|proyecto|empleo|oportunidad,https://www.juntadeandalucia.es/educacion/portals/web/formacion-profesional-andaluza/cf-grado-superior-detalle-titulo?backURL=%2Feducacion%2Fportals%2Fweb%2Fformacion-profesional-andaluza%2Fgrado-superior-catalogo-de-titulos&idTitulo=2329,https://www.juntadeandalucia.es/boja/2013/77/9,criterio_operativo_AL_LIO_alineado_al_modulo,2026-08-04
AF-BAS-002,AF,2,0_antes_de_empezar,Ofimática,PRE,Preparación previa,Escribir con precisión y usar funciones básicas de Office,"Crea documentos, tablas y presentaciones legibles y usa atajos y revisión.",0,sí,sí,10,,Redacta un documento con estilos y tabla || Crea una hoja con fórmulas simples || Exporta correctamente a PDF,"Pack de documento, hoja y presentación",Sin errores de formato o cálculo esenciales,formación|proyecto|empleo|oportunidad,https://www.juntadeandalucia.es/educacion/portals/web/formacion-profesional-andaluza/cf-grado-superior-detalle-titulo?backURL=%2Feducacion%2Fportals%2Fweb%2Fformacion-profesional-andaluza%2Fgrado-superior-catalogo-de-titulos&idTitulo=2329,https://www.juntadeandalucia.es/boja/2013/77/9,criterio_operativo_AL_LIO_alineado_al_modulo,2026-08-04
AF-BAS-003,AF,3,0_antes_de_empezar,Cálculo básico,PRE,Preparación previa,"Operar con porcentajes, reglas de tres e importes","Calcula bases, descuentos, recargos, impuestos, intereses simples y variaciones.",0,sí,sí,10,,"Calcula porcentajes directos e inversos || Separa base, cuota y total || Comprueba resultado mediante estimación",Hoja con 20 ejercicios,80 % de resultados correctos,formación|proyecto|empleo|oportunidad,https://www.juntadeandalucia.es/educacion/portals/web/formacion-profesional-andaluza/cf-grado-superior-detalle-titulo?backURL=%2Feducacion%2Fportals%2Fweb%2Fformacion-profesional-andaluza%2Fgrado-superior-catalogo-de-titulos&idTitulo=2329,https://www.juntadeandalucia.es/boja/2013/77/9,criterio_operativo_AL_LIO_alineado_al_modulo,2026-08-04
AF-BAS-004,AF,4,0_antes_de_empezar,Comunicación,PRE,Preparación previa,Redactar correos y comunicaciones profesionales,"Escribe mensajes con asunto, contexto, petición, plazo, tono y cierre adecuados.",0,sí,sí,6,,Asunto permite identificar la acción || Mensaje contiene datos y petición necesarios || Mantiene tono profesional y revisa adjuntos,Tres correos de casos administrativos,Todos permiten actuar sin pedir aclaraciones esenciales,formación|proyecto|empleo|oportunidad,https://www.juntadeandalucia.es/educacion/portals/web/formacion-profesional-andaluza/cf-grado-superior-detalle-titulo?backURL=%2Feducacion%2Fportals%2Fweb%2Fformacion-profesional-andaluza%2Fgrado-superior-catalogo-de-titulos&idTitulo=2329,https://www.juntadeandalucia.es/boja/2013/77/9,criterio_operativo_AL_LIO_alineado_al_modulo,2026-08-04
AF-BAS-005,AF,5,0_antes_de_empezar,Seguridad y confidencialidad,PRE,Preparación previa,"Proteger datos, credenciales y documentación","Reconoce phishing, aplica mínimos accesos y evita compartir información por canales inadecuados.",0,sí,sí,6,AF-BAS-001,Detecta señales de fraude en dos correos || Aplica principio de mínimo acceso || Define procedimiento de envío y destrucción segura,Checklist de seguridad administrativa,Sin prácticas críticas inseguras,formación|proyecto|empleo|oportunidad,https://www.juntadeandalucia.es/educacion/portals/web/formacion-profesional-andaluza/cf-grado-superior-detalle-titulo?backURL=%2Feducacion%2Fportals%2Fweb%2Fformacion-profesional-andaluza%2Fgrado-superior-catalogo-de-titulos&idTitulo=2329,https://www.juntadeandalucia.es/boja/2013/77/9,criterio_operativo_AL_LIO_alineado_al_modulo,2026-08-04
AF-JUR-001,AF,6,1_fundamentos,Documentación jurídica,0647,Gestión de la documentación jurídica y empresarial,Distinguir formas jurídicas y órganos de la empresa,"Relaciona responsabilidad, capital, gestión y trámites con la forma jurídica.",1,sí,no,18,AF-BAS-004,Compara autónomo y sociedades habituales || Identifica órganos y responsabilidades || Justifica una forma para un caso sencillo,Tabla comparativa y recomendación,Comparación correcta y supuestos visibles,formación|proyecto|empleo|oportunidad,https://www.juntadeandalucia.es/educacion/portals/web/formacion-profesional-andaluza/cf-grado-superior-detalle-titulo?backURL=%2Feducacion%2Fportals%2Fweb%2Fformacion-profesional-andaluza%2Fgrado-superior-catalogo-de-titulos&idTitulo=2329,https://www.juntadeandalucia.es/boja/2013/77/9,criterio_operativo_AL_LIO_alineado_al_modulo,2026-08-04
AF-JUR-002,AF,7,1_fundamentos,Documentación jurídica,0647,Gestión de la documentación jurídica y empresarial,Preparar trámites de constitución y documentación oficial,"Identifica organismos, secuencia, plazos y documentos para actuaciones empresariales.",1,sí,no,20,AF-JUR-001|AF-BAS-001,Ordena trámites y responsables || Completa modelos simulados sin datos incoherentes || Mantiene registro de presentación y plazo,Expediente ficticio de constitución o modificación,Documentación completa y secuenciada,formación|proyecto|empleo|oportunidad,https://www.juntadeandalucia.es/educacion/portals/web/formacion-profesional-andaluza/cf-grado-superior-detalle-titulo?backURL=%2Feducacion%2Fportals%2Fweb%2Fformacion-profesional-andaluza%2Fgrado-superior-catalogo-de-titulos&idTitulo=2329,https://www.juntadeandalucia.es/boja/2013/77/9,criterio_operativo_AL_LIO_alineado_al_modulo,2026-08-04
AF-RRHH-001,AF,8,1_fundamentos,RRHH y RSC,0648,Recursos humanos y responsabilidad social corporativa,"Analizar organización, puestos y selección","Describe estructura, funciones, competencias y un proceso de selección no discriminatorio.",1,sí,no,20,AF-BAS-004,Crea organigrama y ficha de puesto || Define criterios relacionados con el trabajo || Diseña proceso con trazabilidad e igualdad,"Organigrama, puesto y proceso de selección",Criterios objetivos y documentación completa,formación|proyecto|empleo|oportunidad,https://www.juntadeandalucia.es/educacion/portals/web/formacion-profesional-andaluza/cf-grado-superior-detalle-titulo?backURL=%2Feducacion%2Fportals%2Fweb%2Fformacion-profesional-andaluza%2Fgrado-superior-catalogo-de-titulos&idTitulo=2329,https://www.juntadeandalucia.es/boja/2013/77/9,criterio_operativo_AL_LIO_alineado_al_modulo,2026-08-04
AF-RRHH-002,AF,9,2_aplicacion,RRHH y RSC,0648,Recursos humanos y responsabilidad social corporativa,"Aplicar responsabilidad social, igualdad y protección","Integra ética, sostenibilidad, igualdad, prevención y privacidad en políticas internas.",2,sí,no,16,AF-RRHH-001|AF-BAS-005,Identifica grupos afectados || Define medidas e indicadores || Evita recopilar o divulgar datos innecesarios,Política interna breve con indicadores,"Medidas concretas, responsables y revisión",formación|proyecto|empleo|oportunidad,https://www.juntadeandalucia.es/educacion/portals/web/formacion-profesional-andaluza/cf-grado-superior-detalle-titulo?backURL=%2Feducacion%2Fportals%2Fweb%2Fformacion-profesional-andaluza%2Fgrado-superior-catalogo-de-titulos&idTitulo=2329,https://www.juntadeandalucia.es/boja/2013/77/9,criterio_operativo_AL_LIO_alineado_al_modulo,2026-08-04
AF-OFI-001,AF,10,1_fundamentos,Ofimática,0649,Ofimática y proceso de la información,Crear documentos administrativos mediante estilos y plantillas,"Automatiza cartas, informes, formularios y combinaciones de correspondencia.",1,sí,no,20,AF-BAS-002,"Usa estilos, secciones y numeración || Crea plantilla reutilizable || Genera combinación de correspondencia con datos ficticios",Plantilla y lote de documentos,Formato consistente y datos correctamente combinados,formación|proyecto|empleo|oportunidad,https://www.juntadeandalucia.es/educacion/portals/web/formacion-profesional-andaluza/cf-grado-superior-detalle-titulo?backURL=%2Feducacion%2Fportals%2Fweb%2Fformacion-profesional-andaluza%2Fgrado-superior-catalogo-de-titulos&idTitulo=2329,https://www.juntadeandalucia.es/boja/2013/77/9,criterio_operativo_AL_LIO_alineado_al_modulo,2026-08-04
AF-OFI-002,AF,11,1_fundamentos,Ofimática,0649,Ofimática y proceso de la información,Usar Excel para gestión administrativa,"Aplica tablas, referencias, funciones lógicas, búsquedas, validación, filtros y gráficos.",1,sí,no,28,AF-BAS-003|AF-BAS-002,Usa referencias absolutas y relativas || Aplica funciones de búsqueda y lógicas || Valida entradas y resume datos con tabla dinámica o equivalente,Libro de control administrativo,Fórmulas correctas y entradas controladas,formación|proyecto|empleo|oportunidad,https://www.juntadeandalucia.es/educacion/portals/web/formacion-profesional-andaluza/cf-grado-superior-detalle-titulo?backURL=%2Feducacion%2Fportals%2Fweb%2Fformacion-profesional-andaluza%2Fgrado-superior-catalogo-de-titulos&idTitulo=2329,https://www.juntadeandalucia.es/boja/2013/77/9,criterio_operativo_AL_LIO_alineado_al_modulo,2026-08-04
AF-OFI-003,AF,12,2_aplicacion,Ofimática,0649,Ofimática y proceso de la información,Automatizar limpieza y consolidación de datos,"Importa CSV, transforma columnas, relaciona tablas y actualiza informes.",2,sí,no,22,AF-OFI-002,Importa dos fuentes sin copiar manualmente || Documenta transformaciones || Actualiza resultados al sustituir archivos de origen,Modelo con Power Query o proceso equivalente,Actualización reproducible sin fórmulas rotas,formación|proyecto|empleo|oportunidad,https://www.juntadeandalucia.es/educacion/portals/web/formacion-profesional-andaluza/cf-grado-superior-detalle-titulo?backURL=%2Feducacion%2Fportals%2Fweb%2Fformacion-profesional-andaluza%2Fgrado-superior-catalogo-de-titulos&idTitulo=2329,https://www.juntadeandalucia.es/boja/2013/77/9,criterio_operativo_AL_LIO_alineado_al_modulo,2026-08-04
AF-COM-001,AF,13,1_fundamentos,Actividad comercial,0650,Proceso integral de la actividad comercial,"Gestionar compras, ventas, facturas y cobros","Relaciona pedido, albarán, factura, impuesto, vencimiento, pago y archivo.",1,sí,no,24,AF-BAS-003|AF-BAS-001,"Documentos mantienen trazabilidad || Calcula bases, descuentos e impuestos || Registra vencimiento y forma de pago",Expediente completo de compra y venta,Importes y referencias coherentes,formación|proyecto|empleo|oportunidad,https://www.juntadeandalucia.es/educacion/portals/web/formacion-profesional-andaluza/cf-grado-superior-detalle-titulo?backURL=%2Feducacion%2Fportals%2Fweb%2Fformacion-profesional-andaluza%2Fgrado-superior-catalogo-de-titulos&idTitulo=2329,https://www.juntadeandalucia.es/boja/2013/77/9,criterio_operativo_AL_LIO_alineado_al_modulo,2026-08-04
AF-COM-002,AF,14,1_fundamentos,Actividad comercial,0650,Proceso integral de la actividad comercial,Registrar el ciclo contable básico,"Clasifica hechos, realiza asientos sencillos y relaciona libro diario, mayor y balances.",1,sí,no,30,AF-COM-001,"Distingue activo, pasivo, patrimonio, gasto e ingreso || Registra operaciones con partida doble || Comprueba sumas y saldos",Libro diario y balance de comprobación de caso ficticio,Al menos 90 % de asientos correctos,formación|proyecto|empleo|oportunidad,https://www.juntadeandalucia.es/educacion/portals/web/formacion-profesional-andaluza/cf-grado-superior-detalle-titulo?backURL=%2Feducacion%2Fportals%2Fweb%2Fformacion-profesional-andaluza%2Fgrado-superior-catalogo-de-titulos&idTitulo=2329,https://www.juntadeandalucia.es/boja/2013/77/9,criterio_operativo_AL_LIO_alineado_al_modulo,2026-08-04
AF-CLI-001,AF,15,1_fundamentos,Comunicación y atención,0651,Comunicación y atención al cliente,"Atender y registrar consultas, quejas y reclamaciones","Escucha, informa, documenta, deriva y cierra incidencias con lenguaje profesional.",1,sí,no,18,AF-BAS-004,"Recoge hechos y necesidad || Explica plazo, responsable y siguiente paso || Registra y cierra la incidencia",Role-play y ficha de tres casos,Respuesta trazable y respetuosa,formación|proyecto|empleo|oportunidad,https://www.juntadeandalucia.es/educacion/portals/web/formacion-profesional-andaluza/cf-grado-superior-detalle-titulo?backURL=%2Feducacion%2Fportals%2Fweb%2Fformacion-profesional-andaluza%2Fgrado-superior-catalogo-de-titulos&idTitulo=2329,https://www.juntadeandalucia.es/boja/2013/77/9,criterio_operativo_AL_LIO_alineado_al_modulo,2026-08-04
AF-CLI-002,AF,16,2_aplicacion,Comunicación y atención,0651,Comunicación y atención al cliente,Gestionar comunicaciones y archivo multicanal,"Mantiene registro de entradas, salidas, llamadas, reuniones y documentación con criterios de acceso.",2,sí,no,16,AF-CLI-001|AF-BAS-001|AF-BAS-005,Clasifica cada comunicación || Mantiene plazos y responsables || Controla acceso y conservación,Registro de comunicaciones ficticio,"Sin pérdidas, duplicados ni acceso inadecuado",formación|proyecto|empleo|oportunidad,https://www.juntadeandalucia.es/educacion/portals/web/formacion-profesional-andaluza/cf-grado-superior-detalle-titulo?backURL=%2Feducacion%2Fportals%2Fweb%2Fformacion-profesional-andaluza%2Fgrado-superior-catalogo-de-titulos&idTitulo=2329,https://www.juntadeandalucia.es/boja/2013/77/9,criterio_operativo_AL_LIO_alineado_al_modulo,2026-08-04
AF-LAB-001,AF,17,2_aplicacion,Gestión laboral,0652,Gestión de recursos humanos,"Interpretar contratos, jornada y documentación laboral","Relaciona modalidad, jornada, periodo, salario, altas, bajas y expediente.",2,sí,no,22,AF-RRHH-001|AF-JUR-002,Selecciona modalidad coherente con caso || Identifica documentación y plazos || Mantiene expediente completo y confidencial,Expediente laboral ficticio,Documentos coherentes y plazos identificados,formación|proyecto|empleo|oportunidad,https://www.juntadeandalucia.es/educacion/portals/web/formacion-profesional-andaluza/cf-grado-superior-detalle-titulo?backURL=%2Feducacion%2Fportals%2Fweb%2Fformacion-profesional-andaluza%2Fgrado-superior-catalogo-de-titulos&idTitulo=2329,https://www.juntadeandalucia.es/boja/2013/77/9,criterio_operativo_AL_LIO_alineado_al_modulo,2026-08-04
AF-LAB-002,AF,18,2_aplicacion,Gestión laboral,0652,Gestión de recursos humanos,Calcular y revisar una nómina,"Calcula devengos, deducciones, bases y líquido y verifica coherencia.",2,sí,no,30,AF-LAB-001|AF-BAS-003,Identifica conceptos salariales y extrasalariales || Calcula bases y deducciones del caso || Comprueba líquido y coste empresarial,Tres nóminas ficticias con hoja de cálculo,90 % de cálculos correctos,formación|proyecto|empleo|oportunidad,https://www.juntadeandalucia.es/educacion/portals/web/formacion-profesional-andaluza/cf-grado-superior-detalle-titulo?backURL=%2Feducacion%2Fportals%2Fweb%2Fformacion-profesional-andaluza%2Fgrado-superior-catalogo-de-titulos&idTitulo=2329,https://www.juntadeandalucia.es/boja/2013/77/9,criterio_operativo_AL_LIO_alineado_al_modulo,2026-08-04
AF-FIN-001,AF,19,2_aplicacion,Gestión financiera,0653,Gestión financiera,Aplicar cálculo financiero,"Calcula interés, descuento, equivalencia, cuotas y coste efectivo en casos administrativos.",2,sí,no,24,AF-BAS-003|AF-OFI-002,Distingue tipo nominal y efectivo || Calcula cuotas o valor temporal || Explica supuestos y verifica resultados,Hoja de cálculo financiera,80 % de casos correctos y fórmulas documentadas,formación|proyecto|empleo|oportunidad,https://www.juntadeandalucia.es/educacion/portals/web/formacion-profesional-andaluza/cf-grado-superior-detalle-titulo?backURL=%2Feducacion%2Fportals%2Fweb%2Fformacion-profesional-andaluza%2Fgrado-superior-catalogo-de-titulos&idTitulo=2329,https://www.juntadeandalucia.es/boja/2013/77/9,criterio_operativo_AL_LIO_alineado_al_modulo,2026-08-04
AF-FIN-002,AF,20,2_aplicacion,Gestión financiera,0653,Gestión financiera,"Gestionar tesorería, financiación y riesgo","Prepara previsiones, compara alternativas y controla cobros, pagos y liquidez.",2,sí,no,26,AF-FIN-001|AF-COM-001,"Elabora previsión de tesorería || Detecta déficit o excedente || Compara financiación por coste, plazo y riesgo",Presupuesto de tesorería y recomendación,Saldos correctos y decisión justificada,formación|proyecto|empleo|oportunidad,https://www.juntadeandalucia.es/educacion/portals/web/formacion-profesional-andaluza/cf-grado-superior-detalle-titulo?backURL=%2Feducacion%2Fportals%2Fweb%2Fformacion-profesional-andaluza%2Fgrado-superior-catalogo-de-titulos&idTitulo=2329,https://www.juntadeandalucia.es/boja/2013/77/9,criterio_operativo_AL_LIO_alineado_al_modulo,2026-08-04
AF-CON-001,AF,21,2_aplicacion,Contabilidad y fiscalidad,0654,Contabilidad y fiscalidad,Completar el ciclo contable,"Registra ajustes, amortizaciones, periodificaciones, regularización y cierre.",2,sí,no,34,AF-COM-002,Registra ajustes de fin de ejercicio || Calcula resultado y cierre || Prepara balance y cuenta de resultados coherentes,Caso contable completo,Descuadres inexistentes y asientos principales correctos,formación|proyecto|empleo|oportunidad,https://www.juntadeandalucia.es/educacion/portals/web/formacion-profesional-andaluza/cf-grado-superior-detalle-titulo?backURL=%2Feducacion%2Fportals%2Fweb%2Fformacion-profesional-andaluza%2Fgrado-superior-catalogo-de-titulos&idTitulo=2329,https://www.juntadeandalucia.es/boja/2013/77/9,criterio_operativo_AL_LIO_alineado_al_modulo,2026-08-04
AF-CON-002,AF,22,2_aplicacion,Contabilidad y fiscalidad,0654,Contabilidad y fiscalidad,Gestionar obligaciones fiscales básicas,"Relaciona operaciones con IVA, retenciones y otros modelos aplicables sin sustituir asesoramiento especializado.",2,sí,no,26,AF-CON-001|AF-COM-001,"Clasifica operaciones y tipos del caso || Calcula liquidación simulada || Identifica modelo, periodo y documentación soporte",Liquidación fiscal ficticia y expediente,Cálculos coherentes y fuentes normativas anotadas,formación|proyecto|empleo|oportunidad,https://www.juntadeandalucia.es/educacion/portals/web/formacion-profesional-andaluza/cf-grado-superior-detalle-titulo?backURL=%2Feducacion%2Fportals%2Fweb%2Fformacion-profesional-andaluza%2Fgrado-superior-catalogo-de-titulos&idTitulo=2329,https://www.juntadeandalucia.es/boja/2013/77/9,criterio_operativo_AL_LIO_alineado_al_modulo,2026-08-04
AF-LOG-001,AF,23,2_aplicacion,Logística y compras,0655,Gestión logística y comercial,Planificar aprovisionamiento e inventario,"Calcula necesidades, stock, punto de pedido y coste y evalúa proveedores.",2,sí,no,24,AF-COM-001|AF-OFI-002,Calcula stock y punto de pedido || Compara proveedores con criterios ponderados || Documenta pedido y recepción,Plan de aprovisionamiento,Cálculos y selección justificadas,formación|proyecto|empleo|oportunidad,https://www.juntadeandalucia.es/educacion/portals/web/formacion-profesional-andaluza/cf-grado-superior-detalle-titulo?backURL=%2Feducacion%2Fportals%2Fweb%2Fformacion-profesional-andaluza%2Fgrado-superior-catalogo-de-titulos&idTitulo=2329,https://www.juntadeandalucia.es/boja/2013/77/9,criterio_operativo_AL_LIO_alineado_al_modulo,2026-08-04
AF-LOG-002,AF,24,2_aplicacion,Logística y compras,0655,Gestión logística y comercial,Negociar y controlar compras,"Prepara condiciones, compara ofertas, registra incidencias y evalúa servicio.",2,sí,no,18,AF-LOG-001|AF-CLI-001,Define criterios y límites de negociación || Compara coste total y servicio || Registra acuerdo e incidencia,Cuadro comparativo y acta de negociación simulada,Decisión trazable y condiciones completas,formación|proyecto|empleo|oportunidad,https://www.juntadeandalucia.es/educacion/portals/web/formacion-profesional-andaluza/cf-grado-superior-detalle-titulo?backURL=%2Feducacion%2Fportals%2Fweb%2Fformacion-profesional-andaluza%2Fgrado-superior-catalogo-de-titulos&idTitulo=2329,https://www.juntadeandalucia.es/boja/2013/77/9,criterio_operativo_AL_LIO_alineado_al_modulo,2026-08-04
AF-BI-001,AF,25,2_aplicacion,Datos y reporting,1665,Digitalización aplicada a los sectores productivos,Crear cuadros de mando administrativos y financieros,"Conecta datos, define KPI y presenta evolución, desviación y alertas.",2,sí,no,22,AF-OFI-003|AF-FIN-002,KPI tiene definición y fuente || Datos se actualizan de forma reproducible || El panel permite detectar una acción necesaria,"Dashboard de ingresos, gastos, tesorería y cobros",Cifras reconciliadas y métricas documentadas,formación|proyecto|empleo|oportunidad,https://www.juntadeandalucia.es/educacion/portals/web/formacion-profesional-andaluza/cf-grado-superior-detalle-titulo?backURL=%2Feducacion%2Fportals%2Fweb%2Fformacion-profesional-andaluza%2Fgrado-superior-catalogo-de-titulos&idTitulo=2329,https://www.juntadeandalucia.es/boja/2013/77/9,criterio_operativo_AL_LIO_alineado_al_modulo,2026-08-04
AF-DIG-001,AF,26,2_aplicacion,Digitalización,1665,Digitalización aplicada a los sectores productivos,Automatizar procesos administrativos con control,"Mapea flujo, elimina duplicación, define excepciones, trazabilidad y revisión humana.",2,sí,no,16,AF-OFI-003|AF-BAS-005,"Proceso actual y futuro documentados || Automatización conserva trazabilidad || Excepciones, errores y permisos están definidos",Flujo automatizado ficticio,Ahorro medible y controles presentes,formación|proyecto|empleo|oportunidad,https://www.juntadeandalucia.es/educacion/portals/web/formacion-profesional-andaluza/cf-grado-superior-detalle-titulo?backURL=%2Feducacion%2Fportals%2Fweb%2Fformacion-profesional-andaluza%2Fgrado-superior-catalogo-de-titulos&idTitulo=2329,https://www.juntadeandalucia.es/boja/2013/77/9,criterio_operativo_AL_LIO_alineado_al_modulo,2026-08-04
AF-SUS-001,AF,27,2_aplicacion,Sostenibilidad,1708,Sostenibilidad aplicada al sistema productivo,Aplicar sostenibilidad y calidad a procesos administrativos,"Reduce papel, errores, desplazamientos y consumo y mejora accesibilidad y conservación.",1,sí,no,8,,Identifica impactos de un proceso || Propone tres mejoras con indicador || Incluye accesibilidad y cumplimiento,Plan de mejora,Tres acciones medibles,formación|proyecto|empleo|oportunidad,https://www.juntadeandalucia.es/educacion/portals/web/formacion-profesional-andaluza/cf-grado-superior-detalle-titulo?backURL=%2Feducacion%2Fportals%2Fweb%2Fformacion-profesional-andaluza%2Fgrado-superior-catalogo-de-titulos&idTitulo=2329,https://www.juntadeandalucia.es/boja/2013/77/9,criterio_operativo_AL_LIO_alineado_al_modulo,2026-08-04
AF-ENG-001,AF,28,2_aplicacion,Inglés profesional,0179,Inglés profesional (GS),Gestionar comunicaciones administrativas en inglés,"Comprende facturas, pedidos y correos y responde de forma profesional.",1,sí,no,16,AF-BAS-004,Interpreta campos de un documento comercial || Redacta email de seguimiento || Explica un estado de pedido o pago,Expediente bilingüe breve,Información esencial correcta,formación|proyecto|empleo|oportunidad,https://www.juntadeandalucia.es/educacion/portals/web/formacion-profesional-andaluza/cf-grado-superior-detalle-titulo?backURL=%2Feducacion%2Fportals%2Fweb%2Fformacion-profesional-andaluza%2Fgrado-superior-catalogo-de-titulos&idTitulo=2329,https://www.juntadeandalucia.es/boja/2013/77/9,criterio_operativo_AL_LIO_alineado_al_modulo,2026-08-04
AF-EMP-001,AF,29,3_empleabilidad,Empleabilidad,1709|1710,Itinerario personal para la empleabilidad I y II,Preparar candidatura administrativa,"Adapta CV, demuestra Excel y procesos y analiza requisitos de ofertas y bolsas.",2,sí,no,18,AF-OFI-002|AF-CLI-001|AF-COM-001,"CV adaptado a un puesto || Portfolio con hoja, expediente y dashboard || Matriz de requisitos y documentación de tres ofertas","CV, portfolio y matriz de brechas",Evidencias verificables y candidatura completa,empleo|prácticas|bolsa|formación_en_empresa,https://www.juntadeandalucia.es/educacion/portals/web/formacion-profesional-andaluza/cf-grado-superior-detalle-titulo?backURL=%2Feducacion%2Fportals%2Fweb%2Fformacion-profesional-andaluza%2Fgrado-superior-catalogo-de-titulos&idTitulo=2329,https://www.juntadeandalucia.es/boja/2013/77/9,criterio_operativo_AL_LIO_alineado_al_modulo,2026-08-04
AF-SIM-001,AF,30,3_empleabilidad,Simulación empresarial,0656,Simulación empresarial,Gestionar una empresa simulada de forma integrada,"Coordina constitución, compras, ventas, personal, contabilidad, fiscalidad, tesorería y atención.",3,sí,no,48,AF-JUR-002|AF-LAB-002|AF-CON-002|AF-FIN-002|AF-LOG-001,Procesos mantienen trazabilidad entre departamentos || Documentación e importes cuadran || Se revisan resultados y se corrigen incidencias,Expediente anual de empresa simulada,Sin incoherencias críticas entre áreas,formación|proyecto|empleo|oportunidad,https://www.juntadeandalucia.es/educacion/portals/web/formacion-profesional-andaluza/cf-grado-superior-detalle-titulo?backURL=%2Feducacion%2Fportals%2Fweb%2Fformacion-profesional-andaluza%2Fgrado-superior-catalogo-de-titulos&idTitulo=2329,https://www.juntadeandalucia.es/boja/2013/77/9,criterio_operativo_AL_LIO_alineado_al_modulo,2026-08-04
AF-PRJ-001,AF,31,4_proyecto,Proyecto intermodular,0657,Proyecto Intermodular de Administración y Finanzas,Diseñar una solución administrativa integral,"Analiza necesidad, proceso, normativa, datos, recursos, costes, riesgos y evaluación.",3,sí,no,45,AF-SIM-001|AF-BI-001|AF-DIG-001,"Problema y alcance definidos || Proceso y documentación son completos || Incluye indicadores, seguridad y viabilidad","Memoria, plantillas, dashboard y presentación",Solución reproducible y coherente,formación|proyecto|empleo|oportunidad,https://www.juntadeandalucia.es/educacion/portals/web/formacion-profesional-andaluza/cf-grado-superior-detalle-titulo?backURL=%2Feducacion%2Fportals%2Fweb%2Fformacion-profesional-andaluza%2Fgrado-superior-catalogo-de-titulos&idTitulo=2329,https://www.juntadeandalucia.es/boja/2013/77/9,criterio_operativo_AL_LIO_alineado_al_modulo,2026-08-04
AF-PRJ-002,AF,32,4_proyecto,Proyecto intermodular,0657,Proyecto Intermodular de Administración y Finanzas,Presentar y defender una propuesta administrativa,"Expone problema, proceso, ahorro, control, riesgos, datos y resultados.",3,sí,no,8,AF-PRJ-001|AF-EMP-001,Presentación de 5 minutos || Demuestra documentos o panel || Responde dudas y reconoce límites normativos,Vídeo o defensa,Mensaje claro y cifras coherentes,formación|proyecto|empleo|oportunidad,https://www.juntadeandalucia.es/educacion/portals/web/formacion-profesional-andaluza/cf-grado-superior-detalle-titulo?backURL=%2Feducacion%2Fportals%2Fweb%2Fformacion-profesional-andaluza%2Fgrado-superior-catalogo-de-titulos&idTitulo=2329,https://www.juntadeandalucia.es/boja/2013/77/9,criterio_operativo_AL_LIO_alineado_al_modulo,2026-08-04
